23923,75,如何才能让男朋友看到这些句子？建议收藏备用②,2022-12-02 19:06:26,"bgm 跟上个一样

图 ottokim",https://www.bilibili.com/video/BV1SP4y1975S,http://i1.hdslb.com/bfs/archive/a502a3b77d31273688d8ef9562578f573c41cda0.jpg
27216,76,这能是理科生写出来的情书？真是一个比一个硬核。,2022-12-01 19:13:52,"bgm 你们都知道

图 冷面老鸭（终极大神）",https://www.bilibili.com/video/BV1iG4y197Wq,http://i0.hdslb.com/bfs/archive/2fbcdd13f16e82bdc8e2972b8a29277fda2dcc8b.jpg
35650,47,那些红着脸也要背完的撩人情诗，未成年慎入。,2022-11-27 19:04:24,bgm 夏恋,https://www.bilibili.com/video/BV1wY411d7gL,http://i0.hdslb.com/bfs/archive/6ad95f4b369e7edef1552d8b271e41f298f11d5e.jpg
23742,51,足球解说的天花板，开口就是作文素材｜建议全文背诵。,2022-11-26 18:06:19,bgm 繁华的寂静,https://www.bilibili.com/video/BV1Mv4y1d7zq,http://i2.hdslb.com/bfs/archive/45b9166fe2feb4f32b564f55240d14a2f88c933d.jpg
78826,82,“有些网友，一开口就能惊艳所有人”｜无法超越的B站评论,2022-11-23 18:28:58,图 ottokim,https://www.bilibili.com/video/BV1q24y117Ju,http://i2.hdslb.com/bfs/archive/d88a525af2e72d1e978c0aa521444d9e93b9fa8a.jpg
512627,469,如何把爱意藏在不起眼的文字之中？建议收藏应用。,2022-11-20 18:43:18,"bgm 海@形

图来源自网络",https://www.bilibili.com/video/BV1MW4y1W7rv,http://i0.hdslb.com/bfs/archive/27751f1075b89e09b8103642acdf7f1d83358df9.jpg
39183,63,用一句话满分代替“智者不入爱河｜建议摘抄背诵,2022-11-19 18:34:44,"bgm 云隐

图 ottokim",https://www.bilibili.com/video/BV1zG4y147qB,http://i0.hdslb.com/bfs/archive/72935b191023adadaf824449fdec954c6f971963.jpg
61942,136,这能是动漫里反派说出来的台词？真是一个比一个绝。,2022-11-18 19:37:31,"bgm （我不相信你不知道）

图来自网络，侵删",https://www.bilibili.com/video/BV1Jv4y1U71s,http://i1.hdslb.com/bfs/archive/6353215d2d8b628ff4f035556392ec6fec1e4f65.jpg
49933,63,“年少不懂书中意，读懂已是书中人” ｜那些青春时代读过的书,2022-11-16 21:06:50,"欢迎大家添加 #一句话分享青春时代读过的书# 话题，发视频参与挑战。

活动时间：2022年11月2日-2022年12月2日

活动话题内前六条热门视频（仅限本视频模板视频），各送50元现金",https://www.bilibili.com/video/BV1AW4y1x7Ky,http://i0.hdslb.com/bfs/archive/28bec805c78ec42c4c73620cea8a09e9121b9c82.jpg
2445407,1073,“有些反派，一张口就是满分作文”｜无法超越的反派台词,2022-11-15 19:17:17,bgm 尘埃与流萤,https://www.bilibili.com/video/BV1X84y1y73g,http://i2.hdslb.com/bfs/archive/4e89e8c74151f98dc701dffc924848e49fc26bab.jpg
36476,83,如何体面地回答“你为什么不喜欢我”｜建议灵活应用,2022-11-12 20:27:01,"图ottokim
bgm 我们别时和见时不同",https://www.bilibili.com/video/BV1qR4y1Z72r,http://i1.hdslb.com/bfs/archive/86aebf9c8f85a1a66d7e0f7462fff21472779f5b.jpg
1717805,3901,那些写进作文会让老师发麻的游戏台词，建议收藏备用,2022-11-11 19:28:25,-,https://www.bilibili.com/video/BV1Nv4y1m76y,http://i0.hdslb.com/bfs/archive/ec9927cdc1a4187dea87e7dca32ee46a32909dee.jpg
213913,395,如何用一句话毁掉一段暗恋？真是一个比一个扎心。,2022-11-08 18:41:11,"bgm 若把你（小提琴版）
绝弦的美
Strictlyviolin荀博

刚循环听了一天，真的好听",https://www.bilibili.com/video/BV16Y411Z71U,http://i0.hdslb.com/bfs/archive/423d85150bf6045cc840a3d3c455c6ec2674d1fa.jpg
209384,478,“希望你们看到这些句子时还没恋爱”｜恋爱前的性教育,2022-11-06 18:11:18,"bgm 最后的句号

图ottokim",https://www.bilibili.com/video/BV1Ve4y117ip,http://i1.hdslb.com/bfs/archive/ca6c5bc371e6f55cda89261777a0f2c24dffad75.jpg
48365,114,用一句话证明自己不会出轨，建议全文背诵。,2022-11-04 19:14:18,"bgm 思归

图 ottokim",https://www.bilibili.com/video/BV1ng411B7kJ,http://i1.hdslb.com/bfs/archive/29eeb5420d5a9e5324cad63fbd845f745403eeb4.jpg
36723,42,因为一句词而去听了整部戏｜我从此不敢看观音,2022-11-03 19:28:16,图 呼葱觅蒜,https://www.bilibili.com/video/BV1RG411A7z3,http://i2.hdslb.com/bfs/archive/aa01bc6234e6b57c15e4a4fb56bc5a0c88a6fc73.jpg
42672,127,如何在现实里辨认“唯一契合的灵魂”？建议背诵学习。,2022-11-02 18:30:46,bgm:还是那一个（最后一遍）,https://www.bilibili.com/video/BV15d4y1C7uT,http://i1.hdslb.com/bfs/archive/cf833405a9d2988e140283c0218583ae80e9141e.jpg
184718,412,如何快速判断一个人是否喜欢你？建议通篇对照。,2022-10-30 19:39:18,bgm 用了三次，我还要再听一遍,https://www.bilibili.com/video/BV1A14y1L7gf,http://i2.hdslb.com/bfs/archive/ff256ba9d30c7d3ce9bd12e4b5aad75b92e05312.jpg
59964,106,“要单身多久，才能写的这么透彻？”｜年少不知单身好,2022-10-26 18:25:03,bgm 繁华的寂静,https://www.bilibili.com/video/BV168411a7vy,http://i0.hdslb.com/bfs/archive/6eabbfb57b1d4c425f658184bb33ebfc7d81c04c.jpg
66271,62,“如果你状态不对，试着读读这些句子”｜建议背诵默读,2022-10-25 18:42:11,bgm 跟上个一样,https://www.bilibili.com/video/BV1Ct4y1u7kV,http://i2.hdslb.com/bfs/archive/1e1470a1d35e900688e7962e1dc63d212e5aeba6.jpg
46279,114,用一句话完美回答“什么是健康的恋爱”｜愿你们也能找到,2022-10-23 18:47:51,-,https://www.bilibili.com/video/BV1Lm4y1w79a,http://i1.hdslb.com/bfs/archive/a6587280adddffa07167c7b08cc0240ebc22d62a.jpg
141048,217,如何高逼格的官宣恋情？｜这是最佳的诗词表达,2022-10-21 18:45:43,图 呼葱觅蒜,https://www.bilibili.com/video/BV1dP411N7Zu,http://i2.hdslb.com/bfs/archive/cca1767c7dede9e033dc34acf1603979265b4303.jpg
93941,88,“虽然读不懂，但我大受震撼”｜哲学大佬的爱情观,2022-10-19 18:25:28,-,https://www.bilibili.com/video/BV1114y1L7Hi,http://i1.hdslb.com/bfs/archive/2c318ca36becf6b14554ded73a3e18148f40667a.jpg
119311,167,用一句话满分解答“什么是生性凉薄”｜这是最佳答案,2022-10-18 19:13:19,bgm 云隐,https://www.bilibili.com/video/BV19m4y1c79H,http://i0.hdslb.com/bfs/archive/c001a07214e9e2ad66b94ef852573a096a4e0cbb.jpg
398117,834,“想谈恋爱前，先读一下这些句子”｜爱和性的关系,2022-10-15 18:42:46,bgm 云隐,https://www.bilibili.com/video/BV1Ue4y1v7zG,http://i0.hdslb.com/bfs/archive/366caca6673071e4bab6fb49a209de684ccec617.jpg
187716,253,用一句话满分回答“爱与喜欢的区别”｜建议背诵学习。,2022-10-13 18:06:21,"bgm 思归

图ottokim",https://www.bilibili.com/video/BV1vm4y1A7nD,http://i2.hdslb.com/bfs/archive/73fde4d66c3a35c8149013b6c0afebfd8bbaa42c.jpg
685784,783,“你只有一个微不足道的理由，因为我爱你”,2022-10-11 18:29:43,图:ottokim,https://www.bilibili.com/video/BV1WT411N7kQ,http://i2.hdslb.com/bfs/archive/8c24f20eeb3aa2642a6a72189cdfbfeb7a9d57c7.jpg
525531,929,b站网友写的情书，真是一个比一个绝！！,2022-10-06 19:03:07,bgm : A Thousand Years (Live),https://www.bilibili.com/video/BV1QT411P7Vk,http://i2.hdslb.com/bfs/archive/df528d1d10d52b3c6fa9a574063f3954c784fd51.jpg
56217,154,“惊了，这些诗词居然没有选进语文课本”,2022-10-03 18:45:17,bgm 结び,https://www.bilibili.com/video/BV1HG4y1W7XU,http://i2.hdslb.com/bfs/archive/17953dda11b20e1719ced7746874d699c6e22d90.jpg
73135,134,如何用一首诗暗示“我想你了”？建议收藏备用。,2022-10-02 17:56:06,bgm 小樱,https://www.bilibili.com/video/BV1Le4y1z7oW,http://i0.hdslb.com/bfs/archive/4c06f80efb94e3f740f6839ec8d03c38676ff7f5.jpg
79183,62,这应该是我见过最牛逼的脏话了，一个比一个动人。,2022-10-01 16:16:35,bgm 星萤火,https://www.bilibili.com/video/BV1zN4y1P7Ps,http://i0.hdslb.com/bfs/archive/89dbd5661e4b4eaa8427771cc29705dc2190dcfe.jpg
88590,153,如何满分回答“什么是白月光”｜我见过最好的答案,2022-09-28 19:04:33,"卡农

ottokim",https://www.bilibili.com/video/BV1BG411J7h2,http://i2.hdslb.com/bfs/archive/1cbf6c384e9d875ffbc754803abfe6785dbd4a9b.jpg
109874,177,“长大后才发现，这么绝的动漫台词真是很难再见了”,2022-09-26 18:56:50,bgm (我不信你不知道）,https://www.bilibili.com/video/BV1W24y1R7kP,http://i1.hdslb.com/bfs/archive/0b16818ca609df84b7df7b7f0466ed44febdac86.jpg
43377,63,“长大后发现，原来这些句子说的都是对的！”,2022-09-25 17:31:37,bgm 尘埃与流萤,https://www.bilibili.com/video/BV1rG4y1s746,http://i1.hdslb.com/bfs/archive/696189b712b439ad553b8a27a03c17ffc1a632a0.jpg
101301,128,用一句诗回答“你为什么喜欢我”｜我见过最有趣的方式,2022-09-23 19:18:57,bgm 忽闻琴瑟起,https://www.bilibili.com/video/BV12d4y1B7MA,http://i1.hdslb.com/bfs/archive/2e4fa26f0f01ac51256f583a5fa51039a0acf884.jpg
271416,585,你会怎样描写你的遗憾？这是我见过最佳的诗词表达。,2022-09-19 19:30:33,"图 呼葱觅蒜

bgm 小樱",https://www.bilibili.com/video/BV1V14y1Y7Ri,http://i1.hdslb.com/bfs/archive/11d25c356a4cb5938a2d5370782992e84bf609b7.jpg
155242,225,如何用一首诗来暗示“我不等你了”？这是最好的答案。,2022-09-18 20:04:48,"bgm 别

图 呼葱觅蒜（神）",https://www.bilibili.com/video/BV1dd4y167ex,http://i1.hdslb.com/bfs/archive/a9a87d7c2aeb45ae371696fd2ecf5b137aad82c1.jpg
1951126,4057,你会用哪句诗词公布恋情？这是我见过最好的选择。,2022-09-16 19:01:59,"bgm 思归

图 呼葱觅蒜（终极大神）",https://www.bilibili.com/video/BV15T411u72E,http://i2.hdslb.com/bfs/archive/5dd7f4e27ee4b71c91056e5c65e2b497e062595b.jpg
107592,178,盘点世界文坛中顶级的性描写，真的太绝了！,2022-09-13 19:27:52,-,https://www.bilibili.com/video/BV1eW4y1i7KX,http://i1.hdslb.com/bfs/archive/3c1d1320598a465978589498d0e15f9bd5c5cf0c.jpg
32305,103,怎样高逼格回答“游戏重要我重要”？建议收藏使用。,2022-09-12 19:56:22,"bgm 思归

图ottokim",https://www.bilibili.com/video/BV1xe4y1a7tR,http://i2.hdslb.com/bfs/archive/47d94502e4b660dda137c7c3e60849478978e614.jpg
377017,402,如何满分回答“你为何会喜欢我”？建议背诵朗读（2）,2022-09-10 19:21:30,"bgm わたしの

图ottokim",https://www.bilibili.com/video/BV15D4y1q7r6,http://i0.hdslb.com/bfs/archive/31a8b4405a1ab52666ccf35d2e96dddbcf4e0780.jpg
34190,55,当男/女朋友说:“你变了”｜该怎样进行满分回答？,2022-09-08 18:56:53,"ottokim 图

bgm小新 在等你",https://www.bilibili.com/video/BV15Y4y1M7zs,http://i0.hdslb.com/bfs/archive/e276f827d2c0ed029602a753d2d9cb27c36210d4.jpg
3212604,4332,如何满分回答“你为什么喜欢我”？建议全文背诵。,2022-09-07 17:44:57,bgm 思归,https://www.bilibili.com/video/BV1H14y1e7iQ,http://i0.hdslb.com/bfs/archive/d33484eba214d9436360e66168c8219425aac299.jpg
190379,237,老祖宗眼中的死亡是什么样？寥寥数笔，道尽生死。,2022-09-06 20:33:26,bgm 澈,https://www.bilibili.com/video/BV1je4y1C7nU,http://i0.hdslb.com/bfs/archive/f1f968a0f0f738d688c71b0d05a7c22a3b0b4948.jpg
43178,79,教科书式的“热吻”描写｜全文背诵及熟练掌握,2022-09-03 19:43:29,-,https://www.bilibili.com/video/BV1Kd4y1R7Sn,http://i1.hdslb.com/bfs/archive/636c7a25627c8b1129642eecd4cbfdff06f22663.jpg
855504,320,那些世界文坛中最动听的脏话｜建议全文背诵,2022-08-31 18:51:16,bgm 春之行,https://www.bilibili.com/video/BV1Ht4y1J7yR,http://i2.hdslb.com/bfs/archive/aefaa3348035ea2be18db1899f6a563ebeaa52f2.jpg
127174,269,如何高逼格的表达“后来，我想通了”？这是最佳答案。,2022-08-29 19:37:23,bgm落月随山隐,https://www.bilibili.com/video/BV14e411g7aC,http://i2.hdslb.com/bfs/archive/d4449b83e937071ea00ed65b44d1fe251b63f72a.jpg
573647,1648,你会如何描写“死亡”？这是我见过最美的描写。,2022-08-28 20:47:49,bgm 那风停下,https://www.bilibili.com/video/BV1oY4y1M7qy,http://i1.hdslb.com/bfs/archive/c682dde144ce23744b08fd6edcdd1d535bd85419.jpg
60201,80,【假性亲密关系】究竟有多可怕？注意，快逃！,2022-08-26 20:21:42,bgm 云隐,https://www.bilibili.com/video/BV1DG411V7zW,http://i1.hdslb.com/bfs/archive/9d31b7ec78a98a37ff337db07373f19315f59d90.jpg
112527,95,老祖宗的告白能叫告白吗？建议背诵使用。,2022-08-24 19:06:47,"bgm 莲有秀兮
图 呼葱觅蒜（真神）",https://www.bilibili.com/video/BV1eT411w7wP,http://i2.hdslb.com/bfs/archive/f7dc4d9ab7aa3d65fe1cc5b95125379bf3396c1b.jpg
45964,79,怎样让女朋友看到这些句子？真的绝了。,2022-08-20 20:45:57,bgm 云隐,https://www.bilibili.com/video/BV17a41157jd,http://i0.hdslb.com/bfs/archive/8d70aec3fc39aee959d777f20df7bbb84c6437de.jpg
314193,509,“爱”,2022-08-18 16:15:06,bgm 最后的句号,https://www.bilibili.com/video/BV1mT411c7Nf,http://i1.hdslb.com/bfs/archive/56d928145506b85d84473438825ef2a129517fd4.jpg
53872,127,普通人该如何去对抗人生的“无力感”？这是最好的答案。,2022-08-17 16:44:09,bgm 尘埃与流萤,https://www.bilibili.com/video/BV12U4y1C7fX,http://i2.hdslb.com/bfs/archive/d8ab2d4af15611ddebb9755908f2e584c87bdc02.jpg
59744,81,前面极为平淡，后面却一句封神的诗歌｜下次你来到，人间已无我,2022-08-13 20:06:42,-,https://www.bilibili.com/video/BV1vg411k7BN,http://i2.hdslb.com/bfs/archive/d1d4c0f7a4d580379aab0a4968439e8fa7a8ca07.jpg
226499,262,真正爱上一个女生后，男生会有什么变化？这是最好的回答。,2022-08-12 18:52:24,-,https://www.bilibili.com/video/BV1mg411k7q3,http://i0.hdslb.com/bfs/archive/ff0e0cb45928cfa8f42ed610b41c37bb885cd8ac.jpg
48486,186,如何高逼格的回答“你为啥还在单身”？这是最佳答案。,2022-08-09 19:54:55,"bgm 我曾这样寂寞生活

图 ottokim

标题是豆子上的一个话题，还挺有意思",https://www.bilibili.com/video/BV1oT411L7SJ,http://i0.hdslb.com/bfs/archive/3eb910ca0c8ff0dfbc3d569e11f0c9056da9cfbf.jpg
58908,225,用一句话来完美解答“活着的意义是什么？”,2022-08-07 16:34:51,bgm落月随山隐,https://www.bilibili.com/video/BV1ZG411b7zp,http://i2.hdslb.com/bfs/archive/0c46c12c914e18d197465c501d83a2503041dd95.jpg
191559,326,如何高逼格的回答女生“你喜欢我什么”？这是最佳答案。,2022-08-04 17:48:33,"七夕节主题文字视频模板（下载app后点击智能跳转）:https://b23.tv/VmvRbt8

bgm:应该都知道",https://www.bilibili.com/video/BV1SB4y1473v,http://i2.hdslb.com/bfs/archive/f634f16b8a6d25ebe3ea5df12ad78badd292ef1e.jpg
62375,186,如何高逼格的回答“怎样放下一个人”？这是最好的答案。,2022-08-02 20:15:20,"bgm 思归

图ottokim",https://www.bilibili.com/video/BV1qa411Z7xk,http://i2.hdslb.com/bfs/archive/5b32c4ed1ebf7f83e4593a07e310b65fcb224a57.jpg
116123,388,如何高逼格的回答“为啥不想谈恋爱”？建议收藏使用。,2022-08-01 19:03:01,"图ottokim

bgm 云隐",https://www.bilibili.com/video/BV1RG4y1e79K,http://i0.hdslb.com/bfs/archive/f56ee576c81cc60a3b762756da2c8b9b73169f11.jpg
123661,213,如何高逼格的表达“我不等你了”？给我整破防了！,2022-07-29 18:09:19,"bgm 小新 最后的句号

图ottokim",https://www.bilibili.com/video/BV1eU4y1v7df,http://i2.hdslb.com/bfs/archive/92811063722ac9dbfef958fad1ddc9b82e69fab1.jpg
386191,712,如何高逼格的回答“你为什么爱我”？这是最好的答案。,2022-07-28 20:23:13,"bgm わたしの

标题是zh的一个问题，我感觉很有意思，回答回答。",https://www.bilibili.com/video/BV1va411T7zU,http://i2.hdslb.com/bfs/archive/0f37069eb0550de1d4f32115cc5f810c1e5ffc12.jpg
42141,182,“正义的反面不是邪恶，而是别的正义”｜把动漫写进作文,2022-07-27 18:35:38,-,https://www.bilibili.com/video/BV19F411P7cK,http://i2.hdslb.com/bfs/archive/a30807c03a4b355486fe93dd8f6ea57b29c9b0dc.jpg
272759,791,那些前面很平淡，后面却一句封神的诗词｜是岁江南旱，衢州人食人,2022-07-25 18:46:13,碗神:山眠,https://www.bilibili.com/video/BV1Ca411K77H,http://i2.hdslb.com/bfs/archive/b4f20502377591345b71f60752603dcd226bcb8d.jpg
92001,239,“前有泪，但无畏”｜了不起的游戏翻译,2022-07-23 18:30:03,-,https://www.bilibili.com/video/BV1fG411n7Fb,http://i0.hdslb.com/bfs/archive/15d57b95825d97076e01894147d3d830abb1f236.jpg
193269,314,历史上那些看似“骚里骚气”却很实用的成语，建议收藏。,2022-07-21 18:43:22,bgm星萤火,https://www.bilibili.com/video/BV1ja411D7nK,http://i1.hdslb.com/bfs/archive/b9ed3c41ca53fd05aae412769bac80a144f4afc7.jpg
903638,2824,“既然离别在所难免，何必用眼泪灼伤他人”｜把游戏写进作文,2022-07-20 19:03:36,有些图没找到作者，侵删,https://www.bilibili.com/video/BV1cN4y1773Y,http://i0.hdslb.com/bfs/archive/e63201d8c24a7ee148a600764b17529eeaec8dfe.jpg
249095,203,哲学大佬们那些“一针见血”的人生观，太犀利了。,2022-07-19 17:51:27,bgm似近而实远 繁星之间,https://www.bilibili.com/video/BV18F411K7y7,http://i0.hdslb.com/bfs/archive/78ef98e6f9d58843bff758e51a50657385efc796.jpg
68644,69,语文课本之外那些足以封神的人物描写。真是太惊艳了！,2022-07-17 19:30:07,-,https://www.bilibili.com/video/BV1na411M7Md,http://i0.hdslb.com/bfs/archive/8b0497e46d387984be891b961db881f2b52ea126.jpg
33810,64,“假性亲密”究竟是什么样子？小心！快逃！,2022-07-16 19:16:52,bgm 不解释！你必须知道！,https://www.bilibili.com/video/BV1FB4y1Y7Km,http://i2.hdslb.com/bfs/archive/6d8abe8ff01d6b8902201f7e6589e03de8008acf.jpg
107532,315,“其实我问你的问题，我都知道答案”｜学生时代的暗恋,2022-07-15 18:18:34,bgm最后的句号,https://www.bilibili.com/video/BV1xU4y1B7kX,http://i1.hdslb.com/bfs/archive/6793391e8954529fb458f2522ca3f131a9147c27.jpg
139310,449,只有不婚主义者才能理解的浪漫。太绝了！,2022-07-12 18:49:16,图 ottokim,https://www.bilibili.com/video/BV1tr4y1E78P,http://i2.hdslb.com/bfs/archive/f0ea5a3e67c16a209d5a07414238875e732b1953.jpg
66515,267,“共情能力弱的人，是很自私光明地在幸福着”｜高敏感的诅咒,2022-07-09 19:50:26,-,https://www.bilibili.com/video/BV1RW4y127Hx,http://i0.hdslb.com/bfs/archive/1b3c6d689d0956bb96e02ce0fb918fc1d5106597.jpg
50115,128,小时候看不懂，长大后却能秒懂的话。,2022-07-08 18:27:20,bgm长逝的时光,https://www.bilibili.com/video/BV1mB4y1H77a,http://i1.hdslb.com/bfs/archive/534928966163fde3310101b527845b6992ee4306.jpg
91454,91,“这短短几句话，读懂的人却花了整整数十年”,2022-07-05 17:00:35,bgm 最后的句号,https://www.bilibili.com/video/BV1P3411A7VH,http://i2.hdslb.com/bfs/archive/4c967d11bb003eafd6bf41cd997d7e1272c3ec93.jpg
54915,149,“爱无能”究竟是什么样子？小心，别破防了！,2022-07-04 19:07:51,"bgm 云隐

图ottokim",https://www.bilibili.com/video/BV12t4y1t7p3,http://i0.hdslb.com/bfs/archive/30e239fc6d4a83c7a91879938a2003ab7269f26f.jpg
662736,851,“假性亲密关系”究竟是什么样？注意！快跑！,2022-07-01 19:00:19,-,https://www.bilibili.com/video/BV1WT41137kZ,http://i2.hdslb.com/bfs/archive/4118c079a4b8b27baa486e0723d1e80b235b5e9e.jpg
108604,283,喜欢与“撩”究竟有什么区别？这是我见过最好的答案。,2022-06-30 18:42:47,-,https://www.bilibili.com/video/BV1Y94y117QN,http://i0.hdslb.com/bfs/archive/f55390692bad19222c264ac48dd6f7ba27e5fa48.jpg
122256,141,老祖宗眼中的美人是什么样？真是一个比一个夸张。,2022-06-26 17:58:50,"bgm pisces

图 呼葱觅蒜",https://www.bilibili.com/video/BV1N3411w7Uw,http://i2.hdslb.com/bfs/archive/d924ad4638bbdada209be0481b8aa74a59043cd2.jpg
348668,1362,长期缺爱的人会成什么样子？注意，别破防了！,2022-06-23 19:24:34,"bgm  似近而实远，繁星之间

图 ottokim",https://www.bilibili.com/video/BV1WS4y1H7wT,http://i2.hdslb.com/bfs/archive/4be9c3493ff45b40840afe0af044c8f77187c8e0.jpg
294087,776,老祖宗的同性恋是什么样子？真是一个比一个扎心。,2022-06-22 18:49:09,图 寻葱觅蒜,https://www.bilibili.com/video/BV1Mf4y1f7oF,http://i2.hdslb.com/bfs/archive/caa5a20f03c46ad984050228bf932f82b7565fa8.jpg
26297,74,“哪些话，让你意识到父亲仅是血肉之躯的普通人？”,2022-06-19 14:43:25,"创作：必剪

bgm 山眠",https://www.bilibili.com/video/BV1bB4y1S7Kt,http://i1.hdslb.com/bfs/archive/0723f54d9dedb9c1a229fc0bdcbfda73d723eed2.jpg
53164,124,“对具体的人越是憎恨，对整个人类便越是炽热” | 什么是爱自己？,2022-06-17 17:56:40,bgm我曾这样寂寞生活,https://www.bilibili.com/video/BV1FB4y1D7qv,http://i1.hdslb.com/bfs/archive/35300bd8ec6e15a8d73ae339bfb31d8b97bf0733.jpg
198078,451,“装作与众人一般无二，即使心里已经支离破碎” | 生性凉薄的最好解答,2022-06-15 19:24:27,bgm 云隐,https://www.bilibili.com/video/BV1b94y127qM,http://i0.hdslb.com/bfs/archive/1d05d535fd5faa48e0145f11f1a77a56066161bc.jpg
88565,118,老祖宗的暗恋是什么样子？这是我见过最美的描写。,2022-06-14 18:35:31,bgm 莲有秀,https://www.bilibili.com/video/BV1it4y1H7a1,http://i0.hdslb.com/bfs/archive/188cb2744b349214e357f2359bca01e09b06ac2c.jpg
63084,113,“金瓶梅”中的诗词有多惊艳？寥寥数语，道尽人性。,2022-06-11 18:45:18,bgm 澈,https://www.bilibili.com/video/BV1Ag411R7bE,http://i1.hdslb.com/bfs/archive/5565d9b1ab2f8184d38e33986ca751c0f73f2f35.jpg
528067,1044,“金针刺破桃花蕊，不敢高声暗皱眉” | 老祖宗的趣味诗,2022-06-10 18:23:09,bgm：忆,https://www.bilibili.com/video/BV1hZ4y1q7hb,http://i2.hdslb.com/bfs/archive/60887804d287d5b6aa065339111bf229252033db.jpg
86157,279,历史上看似轻描淡写却很残忍的诗，太惨了。,2022-06-09 18:26:49,bgm 落叶荒寺,https://www.bilibili.com/video/BV1CA4y1o7kS,http://i2.hdslb.com/bfs/archive/38d53da9bfc534adafc60a6c3795bf6c5e20d46b.jpg
84629,142,老祖宗会如何描写一见钟情？你早晚能用到。,2022-06-07 19:46:43,"bgm 莲有秀兮

图 呼葱觅蒜",https://www.bilibili.com/video/BV13t4y1H7N4,http://i1.hdslb.com/bfs/archive/259acfb3dddfb45992e71c8ff0a39fa5b768465f.jpg
68367,80,盘点那些足以支撑你走很远的诗词 | 预祝高考胜利,2022-06-06 19:08:25,bgm  水龙吟,https://www.bilibili.com/video/BV1A3411g7ui,http://i1.hdslb.com/bfs/archive/a0ec353e2fb6a663c9096b46691d634e270e7ade.jpg
108071,246,“春宵苦短日高起，从此君王不早朝” | 老祖宗的色而不淫,2022-06-05 18:14:24,bgm 澈,https://www.bilibili.com/video/BV1T34y1L7tX,http://i1.hdslb.com/bfs/archive/eb20fd96d433f2b704910081bf8c6668f2a95e2c.jpg
138773,188,"""风流才子占词场，真是白衣卿相""｜老祖宗的笔下狂词",2022-06-03 20:09:28,bgm 结び,https://www.bilibili.com/video/BV1DW4y1C7x3,http://i1.hdslb.com/bfs/archive/576b27734b50d46ba72efc30dce4d92bf89d57c1.jpg
247741,352,“美人含怒夺灯去，问郎知是几更天”｜老祖宗的虎狼诗词,2022-06-02 18:24:24,bgm 星莹火,https://www.bilibili.com/video/BV1WW4y1C7s9,http://i2.hdslb.com/bfs/archive/56e260da7082d341eef9d50e2a121157c7f054ca.jpg
160725,303,老祖宗的“分手方式”有多文雅？寥寥数语，道尽相思。,2022-06-01 18:10:12,bgm 落月随山隐,https://www.bilibili.com/video/BV1JU4y1y7jN,http://i0.hdslb.com/bfs/archive/9744ca5e9d909a03f54433bea36e149a77d539d4.jpg
446765,386,老祖宗的告白能有多浪漫？也就全文背诵罢了。,2022-05-30 17:34:01,"bgm 别

图 呼葱觅酸 （古风大神）",https://www.bilibili.com/video/BV1eA4y1d7WE,http://i2.hdslb.com/bfs/archive/bc6a44500f20c4ef002b6ed2f933b8ac4c96120b.jpg
86196,339,“误会：常把受精，当成爱情” | 爱与性的区别,2022-05-28 17:27:01,bgm Living on Hope,https://www.bilibili.com/video/BV1e54y1o7yh,http://i1.hdslb.com/bfs/archive/f3d73ad47580582df63bc40e1c9bb6e624ef510b.jpg
52989,217,“有些诗，希望你们今生读不懂”,2022-05-25 18:36:20,bgm:那风停下,https://www.bilibili.com/video/BV1aY411u7af,http://i1.hdslb.com/bfs/archive/516d84286360657eb52e5988de823b9e95f99bfd.jpg
53501,103,"""我是我这一生中最后一个死去的人” | 无法超越的B站评论",2022-05-22 19:25:06,bgm 你们都知道，不说了（木吉他版本）,https://www.bilibili.com/video/BV1SF411L7AM,http://i1.hdslb.com/bfs/archive/b9194ec7a349275cf1614e29f04bd832b17e7bc4.jpg
139883,540,盘点中国历史上最“燃”文言文，初读便让你热血沸腾。,2022-05-21 18:32:16,bgm 落月随山隐,https://www.bilibili.com/video/BV1WF411j7ep,http://i1.hdslb.com/bfs/archive/95c7a5db623b95601352602249818f0acf2c9edc.jpg
97878,322,历史上看似轻描淡写却极其残忍的话，细思极恐系列（4）,2022-05-20 18:08:46,bgm 一个人的龟兹,https://www.bilibili.com/video/BV1mA4y1f77G,http://i0.hdslb.com/bfs/archive/1472fce9b781b00d7dda599fc275378d86575a12.jpg
188102,205,“我可以为你而死，但不能仅为你而活” | 用一句话形容白月光,2022-05-19 16:59:06,-,https://www.bilibili.com/video/BV1sv4y1N7BN,http://i2.hdslb.com/bfs/archive/ebd1b8de4d89ac90d17bfcfafe230e43981b4b60.jpg
366289,503,“从此，各自飘零，各自悲哀” | 了不起的中国翻译,2022-05-18 18:56:37,bgm 初春的来信,https://www.bilibili.com/video/BV1EF411L7Ed,http://i0.hdslb.com/bfs/archive/23bd653cefd3ef58a8b3137fbb4fe49da83fab83.jpg
445024,1109,他们临终前的最后一首诗。寥寥数语，道尽人生。,2022-05-16 18:05:23,bgm 山眠,https://www.bilibili.com/video/BV1aY4y147du,http://i1.hdslb.com/bfs/archive/478920e0b25a4d31efb5b41c6d3e0a73e77ed154.jpg
1382020,2557,历史上看似轻描淡写却极为残忍的话，细思极恐系列。,2022-05-14 18:31:52,bgm 落叶荒寺,https://www.bilibili.com/video/BV1tA4y1f7e4,http://i1.hdslb.com/bfs/archive/b93cd74bc0b74e7f17b6972d130f2277026e0f90.jpg
148000,612,你会如何描写“意难平”？这是我见过最惊艳的描写。,2022-05-12 18:14:52,-,https://www.bilibili.com/video/BV1QY4y147So,http://i2.hdslb.com/bfs/archive/3593dc15f476f067692911415da24acffe5fd3b7.jpg
61751,180,当你感到孤独迷茫时，请试着默念这些诗。,2022-05-10 18:18:31,-,https://www.bilibili.com/video/BV1D5411d7hG,http://i1.hdslb.com/bfs/archive/fe9790d0e68b0eef1446fed5c806de91b97cdff0.jpg
87432,343,“最肯忘却古人诗，最不屑一顾是相思” | 无法超越的古风歌词,2022-05-08 17:51:55,图：呼葱觅蒜（古风神）,https://www.bilibili.com/video/BV1uS4y1b7PP,http://i0.hdslb.com/bfs/archive/5c44a0fb03e8dd3fbb229a1c6c5ffae397f1db2b.jpg
32196,75,【泰戈尔】那些扣人心弦的句子 | 诞辰纪念联合朗诵,2022-05-07 18:00:31,"泰戈尔诞辰161周年之际，音乐区x读书区up主跨界联动为你读诗。
谨以此作纪念世界的诗人，愿你我生如夏花般绚烂。

“世界会在它爱人面前卸下其莫大的遮掩。它变得小巧如一首歌，小如不朽的一吻。”
感谢以下up主：
活动策划：@大乔617  /@里予不失眠  
朗读指导：@崔哈哈Rex  /@一直观Intuition  
朗读录制：@大乔617  /@-不如诗啊-  /@一直观Intuition   /@崔哈哈Rex  /@是年糕糕鸭_  
音频后期：@芝士_Fromage  
视频后期：@一个爱吃的猪  
",https://www.bilibili.com/video/BV1334y1Y7s6,http://i2.hdslb.com/bfs/archive/efac10021f0fb07efa6b243d23a0514e0d7b94c6.jpg
102476,191,这大概是我见过最温柔的B站告白了 ，太惊艳了。,2022-05-04 18:18:18,"bgm  最后的句号（小新）

图：ottokim",https://www.bilibili.com/video/BV1j5411d7hp,http://i1.hdslb.com/bfs/archive/08ccac87f2b26e1e15441848b951f3725f8a3457.jpg
58440,145,最好的爱情是什么样子？这是我见过最好的回答。,2022-05-02 19:18:28,"bgm  oskarpianist (花海/钢琴)

图：老鸭插画（终极大神）",https://www.bilibili.com/video/BV1f3411K7Mh,http://i0.hdslb.com/bfs/archive/08ce147f70f77a27e21679ce74289f48b9ac9dcb.jpg
288958,628,那些不明显的暗恋告白，你总会用到的。,2022-05-01 18:00:44,bgm:海&形,https://www.bilibili.com/video/BV1wT4y1k7DD,http://i1.hdslb.com/bfs/archive/59c27a636fcb0d03d2209a4f9b68c9046286fb3e.jpg
53683,359,人到底是为了什么而活着？这是我见过最好的回答。,2022-04-30 17:55:44,bgm 云隐,https://www.bilibili.com/video/BV1ov4y1N7Hb,http://i0.hdslb.com/bfs/archive/b5f221f46798d4f953a9e68f0cc08233f8b8ac75.jpg
218179,556,喜欢与爱究竟有什么区别？这是我见过最好的回答。,2022-04-28 19:06:08,bgm 蓝色阴雨（碗神）,https://www.bilibili.com/video/BV1JS4y1w7YN,http://i2.hdslb.com/bfs/archive/a3f2d737ccdf1f3815b6e9e4c279ade6e0c4261b.jpg
58756,216,这能是八岁的小孩写出来的诗？太惊艳了。,2022-04-26 18:42:49,"bgm 那风停下

图 ottokim",https://www.bilibili.com/video/BV1WF411u7io,http://i2.hdslb.com/bfs/archive/84eb8e91f1b0cb2caaf64dc63fdb181276611447.jpg
50451,191,那些唯有经历过，才能读懂的短句。太真实了。,2022-04-24 18:24:21,bgm 碗神的一堆日文那个,https://www.bilibili.com/video/BV1bu411k7Qx,http://i1.hdslb.com/bfs/archive/a2af873cdafbf8b60e915648af6426df46557dfd.jpg
72285,396,真正的“朋友”应该是什么样子？这是我见过最好的回答。,2022-04-22 18:18:29,bgm 云隐（碗神）,https://www.bilibili.com/video/BV1z44y1G7h8,http://i0.hdslb.com/bfs/archive/52faaf382ffad768514096d5ef3c7b00e9c0242a.jpg
129538,383,“白月光”究竟是什么意思？这是我见过最好的回答,2022-04-20 18:33:54,bgm 罗曼耶卓 （周董《花海》钢琴曲）感谢大佬,https://www.bilibili.com/video/BV1Wa411v7kd,http://i1.hdslb.com/bfs/archive/4474b4a75790827a48dddf57f4d7ee08d219f3c5.jpg
213294,338,“爱自己”究竟是什么意思？这是我见过最好的答案。,2022-04-17 17:40:00,图：网友发的，没找到作者,https://www.bilibili.com/video/BV1QY4y1h7bE,http://i2.hdslb.com/bfs/archive/cb5fe73130521b375bac56d02052275dd3a0b21c.jpg
171847,463,人为什么需要爱情？这是我见过最好的回答。,2022-04-14 19:06:32,图：ottokim,https://www.bilibili.com/video/BV1wT4y1e716,http://i2.hdslb.com/bfs/archive/2ed6d827ffbc1e11817e414f859faddbff8242df.jpg
87847,214,“我们最后一次收割对方，从此仇恨似海” | 极度撩人的情诗,2022-04-12 17:53:44,有诗有短句嗷，去吃饭了,https://www.bilibili.com/video/BV1ma411e7vu,http://i0.hdslb.com/bfs/archive/63c1066e44fdb4262deb498abed079215fb9526b.jpg
64768,155,这些煤矿工人做出的诗，才真的诠释了“苦涩如歌”,2022-04-10 19:15:52,bgm:oskarpianist(福禄寿《我用什么把你留住》)钢琴曲  感谢大佬的授权,https://www.bilibili.com/video/BV1L34y1v74C,http://i2.hdslb.com/bfs/archive/04511f3307a9ca3d7e4da6b95f06c9dccbc95d5b.jpg
72743,192,“在这个时代，最大的罪名是谋杀浪漫” | 不入爱河,2022-04-08 18:43:45,"bgm:悲欢并不想通

图：ottokim",https://www.bilibili.com/video/BV1aZ4y1277y,http://i0.hdslb.com/bfs/archive/06bd11431c143bade9e07e1dd23fe461855e0d62.jpg
404805,2389,这些孩子的诗，太惊艳了吧。,2022-04-06 18:11:09,bgm（碗神）小夏 多变的你,https://www.bilibili.com/video/BV1nL4y1j7Zf,http://i0.hdslb.com/bfs/archive/796d52a7ee30ac6ee2bb5f58c54a7e0e50fe36f5.jpg
48947,230,“凡事都力求做到善的人，必定遭受毁灭” | 人类的残忍之处,2022-04-03 19:21:45,bgm 碗神 繁星之间,https://www.bilibili.com/video/BV1r34y1s7cx,http://i0.hdslb.com/bfs/archive/822d1692c6eaeb1155175e9b7bdd30a25a726097.jpg
213105,425,“在高朋满座中，将隐晦爱意说到尽兴” | 不明显的暗恋告白,2022-04-02 17:30:00,"bgm （碗神）我们别时和在时不同

图（冷面老鸭）神",https://www.bilibili.com/video/BV1ii4y1S7LH,http://i0.hdslb.com/bfs/archive/30615f5fe0ad367297810ab3bff3b324e251524b.jpg
198771,854,“不断寻找同类，最后变成孤独的人” | 生性凉薄的含义,2022-03-30 18:50:14,bgm 碗神的“云隐” （他所有的bgm都是神）,https://www.bilibili.com/video/BV1ZP4y1N7Lw,http://i2.hdslb.com/bfs/archive/5ae959cc6ef4a0e035088b0bf441c80e2503e285.jpg
36935,133,你所向往的“爱情”是怎样的？| 关于爱最好的形容,2022-03-24 19:22:43,bgm 羽肿 花火,https://www.bilibili.com/video/BV1ZP4y1T7Fv,http://i0.hdslb.com/bfs/archive/35258ae959e402661fea94bbc6629eaa5d7d38d3.jpg
66949,297,诗人笔下的“遗憾”,2022-03-20 18:54:55,"bgm：Landing Guy

图：ottokim",https://www.bilibili.com/video/BV1HZ4y167PE,http://i1.hdslb.com/bfs/archive/1aeb73b5cfaab29dc173639a4e785ba70f662a28.jpg
201299,449,八辈子也写不出的“现代短诗”，太惊艳了。,2022-03-16 18:26:52,"bgm 蝉鸣半夏 作者 chamber橙

图：ottokim",https://www.bilibili.com/video/BV1nr4y1i7YD,http://i2.hdslb.com/bfs/archive/f764635f3464f1bb8f17b9828576373805ee3d34.jpg
101145,392,初读平常，长大才觉“悲伤”的短句 | 给我搞破防了。,2022-03-14 19:01:19,bgm 山眠,https://www.bilibili.com/video/BV1zZ4y1z7dV,http://i1.hdslb.com/bfs/archive/9307c35161595d144402c7da2dc376d418e4e0a7.jpg
254919,680,哲学大佬们最有“逼格”的言论，惊世骇俗的人生观。,2022-03-12 18:08:44,bgm：say something,https://www.bilibili.com/video/BV1vU4y1o7GK,http://i0.hdslb.com/bfs/archive/77ac85668f5b9406aefffba4e1e8fa3d61636580.jpg
413053,1205,历史上看似轻描淡写却极其残忍的诗词句子，细思极恐。,2022-03-10 18:42:33,bgm:长逝的时流,https://www.bilibili.com/video/BV1iF41147AS,http://i0.hdslb.com/bfs/archive/d4e0b50afbec9adf737bd770eed6016cf21f157c.jpg
228626,1005,B站网友不敢寄出的告白情书 | 给我我就同意了,2022-03-08 18:21:12,BGM:琴声萧瑟起 小新,https://www.bilibili.com/video/BV17i4y117aj,http://i2.hdslb.com/bfs/archive/ce9994fe36268580e5dc0c0c72f5d8ed66ae9efb.jpg
341157,501,哲学大佬们那些“一针见血”的爱情观,2022-03-04 18:12:41,bgm 你们都知道 木吉他版的,https://www.bilibili.com/video/BV1Ma411h7Pd,http://i1.hdslb.com/bfs/archive/747e996757c5ad7d063287b0e5106bedd429a9b2.jpg
441927,1067,中国历史上对待外敌极具“威慑”的宣言,2022-03-02 19:21:36,"bgm 千灯引

各朝代，最后那三个不算宣言，我很喜欢，加进去了

图：vb 钱忆",https://www.bilibili.com/video/BV1Mi4y117SV,http://i2.hdslb.com/bfs/archive/6422fd62cc62c6eba6ef15d815ad81daee2be829.jpg
665921,1953,历史上看似轻描淡写却很残忍的诗词句子,2022-02-28 18:30:19,-,https://www.bilibili.com/video/BV1VF411b7mz,http://i0.hdslb.com/bfs/archive/86b2b7cd5a5b67f9c313aefd014d557b2cef0c74.jpg
83244,279,“谁渴望爱情，谁就注定要孤独地生活” | 永不坠入爱河,2022-02-26 19:10:18,-,https://www.bilibili.com/video/BV1hr4y1r7uo,http://i2.hdslb.com/bfs/archive/e36085caa8234922b489ebe6a0c34446ce0cca6d.jpg
272992,636,“留三分贪财好色，以防与世界格格不入” | 无法超越的B站评论,2022-02-25 19:50:04,-,https://www.bilibili.com/video/BV1Nq4y1b7G1,http://i0.hdslb.com/bfs/archive/764dc6171233c29c7c3079625a7eb07a5ebc023f.jpg
53196,107,那些教科书式的文学告白！你早晚会用到。,2022-02-24 17:58:51,"图：ottokim

感谢配音群里的朋友们",https://www.bilibili.com/video/BV1yu411X7KJ,http://i0.hdslb.com/bfs/archive/5b0de4e34b80c7db4e77beba527f395d592866cf.jpg
113613,253,“性欲是裸体的，爱情是穿衣服的” | 爱与性的区别,2022-02-21 19:14:20,bgm:跟上一期（这个主题）一样,https://www.bilibili.com/video/BV1gS4y1k79f,http://i0.hdslb.com/bfs/archive/071291b374c350a74c846d5a9d87dd01cf4ba2c9.jpg
48699,186,“我最大的遗憾，是你的遗憾与我有关”｜无法超越的神仙歌词,2022-02-20 19:14:25,BGM：卡农（木吉他独奏版）,https://www.bilibili.com/video/BV1W3411L7oE,http://i0.hdslb.com/bfs/archive/31c2cb655ad3c7694d4c468f4ec3736e7e6da45f.jpg
49537,142,那些给年轻人的简短忠告，这些值得你去背诵。,2022-02-17 18:25:42,BGM：Say Something（Piano ver.） 碗神,https://www.bilibili.com/video/BV1ca4111793,http://i1.hdslb.com/bfs/archive/97d38041e1115a3aa2cc649744f0ca402f05de11.jpg
88185,450,“你会如何描写你的悲伤？”,2022-02-16 18:18:32,"BGM：わたしの (小新）

图：ottokim

悲伤的描写（爱情）",https://www.bilibili.com/video/BV14R4y1L75q,http://i0.hdslb.com/bfs/archive/855e9c25c15a88631926516ae59caaa4b72cd33f.jpg
203348,551,那些不敢寄出的情书｜B站网友的深情告白,2022-02-14 17:33:53,BGM：A Thousand Years (Live),https://www.bilibili.com/video/BV1Mr4y1a7Fc,http://i2.hdslb.com/bfs/archive/ed03642794c24ac4d1f07a469b7dd01b3df925f8.jpg
496166,2557,“我见过最高尚的兽人，也见过最卑劣的人类”｜无法超越的游戏台词,2022-02-12 17:55:16,BGM：jegKjærlighetdu,https://www.bilibili.com/video/BV1LP4y1w7nz,http://i2.hdslb.com/bfs/archive/8359cfc4407b1c4873786c28da1b64fc0c9a0cf8.jpg
45992,209,“我最擅长的事情，就是一蹶不振”｜你也有过这些感受吗？,2022-02-10 18:29:26,"BGM：Say Something（Piano ver.）

图：ottokim",https://www.bilibili.com/video/BV1GZ4y1R7Qp,http://i2.hdslb.com/bfs/archive/00caf23c2eb8e5531e46852a4dc811e95e96fd47.jpg
269032,399,“当我怀疑世界时，你给过我答案”｜不明显的暗恋告白,2022-02-09 19:08:42,"BGM：城のある町にて

图：冷面老鸭（终极大神）",https://www.bilibili.com/video/BV1QR4y157Uw,http://i1.hdslb.com/bfs/archive/74c6ce547cf14decb0fd9e8e91c5ad68235ff150.jpg
46605,129,作者笔下的衰老与死亡，极其惊艳的描写方式！,2022-02-06 16:29:51,BGM：1967,https://www.bilibili.com/video/BV15u41197Zk,http://i2.hdslb.com/bfs/archive/46f6c0a1e797ba6fd7c58cf4d7af7f35b698d013.jpg
58131,158,令人惊艳的新年祝福,2022-01-31 12:00:09,"BGM：落月随山隐

标题是给我一个朋友说的，该放手就放手，何必折磨自己呢。",https://www.bilibili.com/video/BV1mu411R7wK,http://i0.hdslb.com/bfs/archive/5fe1d4da88fa2e1ebee0e8214e1d7b48adc1b4f3.jpg
33676,71,“和一个庸俗的人，做一对不庸俗的情侣”｜那些简短的恋爱忠告,2022-01-29 11:00:06,剪辑软件：必剪,https://www.bilibili.com/video/BV1AY411t7Wa,http://i1.hdslb.com/bfs/archive/130f41ec55747354729c96e322023817fcaf2a65.jpg
286355,386,“我控告您无视爱情，一味逃避，我判处您终身孤寂”｜无法超越的中国翻译,2022-01-27 18:20:36,BGM：雲流れ,https://www.bilibili.com/video/BV1pS4y1L7XN,http://i1.hdslb.com/bfs/archive/40a35b3d5330098548a388ba2c1cb544f6ec5538.jpg
528247,1195,“和别人谈起你，是我想你的方式” | 不明显的暗恋告白,2022-01-23 18:14:26,BGM：海の形,https://www.bilibili.com/video/BV1Fb4y1E7ib,http://i1.hdslb.com/bfs/archive/54b32ab5b9747736adf96697d29c91bd62af79d3.jpg
123139,529,“文字足够绝望，生活才能充满希望” | B站网友的神仙文采,2022-01-22 17:51:26,BGM：いとはかなし,https://www.bilibili.com/video/BV1Hu41117kH,http://i2.hdslb.com/bfs/archive/db6a0d65a3fd06a2ffbc07fa5b7cd3c8807f1eff.jpg
125933,437,极度缺爱的表现,2022-01-19 18:43:56,BGM：いとはかなし,https://www.bilibili.com/video/BV1TS4y1o7uf,http://i0.hdslb.com/bfs/archive/e63e99039858529d323da9bcd51401939ba4e332.jpg
111722,251,"""放弃爱情的王位，去做铁石心肠的船长” | 智者永不坠入爱河",2022-01-17 18:19:54,"BGM:(碗神）我们别时和见时不同

图：ottokim",https://www.bilibili.com/video/BV1CS4y1j7FQ,http://i2.hdslb.com/bfs/archive/c8e90248a9844cd655771518bce4308eb9693a11.jpg
710395,1198,不明显的暗恋告白,2022-01-15 18:05:14,BGM:A Thousand Years (Live),https://www.bilibili.com/video/BV1y44y157GK,http://i1.hdslb.com/bfs/archive/67adca10b3a3031a84e87a33bba1dc7e419f7e40.jpg
591951,719,"""我向星辰下令,我停泊瞩望, 我让自己登基, 做风的君王” | 无法超越的中国翻译",2022-01-13 18:00:09,BGM：Say Something（Piano ver.）,https://www.bilibili.com/video/BV1Lm4y1D7y6,http://i1.hdslb.com/bfs/archive/7c51dac18dfc9a5beb8cca9e9b79af826baf1421.jpg
120543,261,“他说：只是爱那个人，我的一生就结束了” |  男生眼中的白月光,2022-01-07 18:09:25,BGM：碗神-云隐,https://www.bilibili.com/video/BV1Vr4y1U7ap,http://i0.hdslb.com/bfs/archive/5beef088b7563fe6710504ef94d15d4361538db1.jpg
74250,191,“别急着去死，再试着活一活看” |  什么叫爱自己？,2022-01-05 18:44:21,"BGM：像紫堇。像金色的麦野。生长出诗。

图片：ottokim",https://www.bilibili.com/video/BV1PR4y1G725,http://i0.hdslb.com/bfs/archive/cb239fdacfe1739ef9b939c71457c1526136b922.jpg
266564,656,“无论对谁太过热情，都增加了不被珍惜的概率” |  智者永不坠入爱河,2022-01-02 18:53:58,"BGM：我曾这样寂寞生活

图：ottokim",https://www.bilibili.com/video/BV1zS4y1K7bV,http://i1.hdslb.com/bfs/archive/49eb4f8ccb14e19543abafbca6fd45e4c9c4bfcd.jpg
42155,67,“他站在生与死的界线上，同时被两者抛弃”｜对于衰老的绝美描写,2022-01-01 18:56:01,"BGM;长逝的时流 （碗哥）

图：ottokim",https://www.bilibili.com/video/BV1AL4y1J7Uf,http://i1.hdslb.com/bfs/archive/39f031f30899ea4cb7813afb61f2b062207d179a.jpg
271968,620,“你无法同时拥有青春和对青春的感受”｜无法超越的B站评论,2021-12-30 18:10:31,"BGM：Tokyo Love Theme

图：ottokim",https://www.bilibili.com/video/BV1nL411L7L4,http://i2.hdslb.com/bfs/archive/c8325c98bc31bd08346a2cad0455e1e71015b205.jpg
41389,73,“我虽清贫如小吏，但自由似君主”｜什么叫生如蚁而美如神,2021-12-28 19:14:26,"BGM：Say Something（Piano ver.）

图:ottokim",https://www.bilibili.com/video/BV1P34y1z7nE,http://i1.hdslb.com/bfs/archive/209787bb9f154de108ad09c33f88249b771fb3ca.jpg
336663,738,给男生的恋爱忠告,2021-12-26 17:46:43,"图：ottokim

音乐：Rainy Blue (蓝色阴雨)",https://www.bilibili.com/video/BV1g44y177TS,http://i1.hdslb.com/bfs/archive/e67bcb6b3591f483062bf3877ac8b5f3323018a6.jpg
98922,273,“寂寞的人被给予了思念就会显得更寂寞”｜无法超越的动漫台词,2021-12-24 19:36:52,"BGM：云隐

个别图片作者没找到",https://www.bilibili.com/video/BV1rm4y197KP,http://i1.hdslb.com/bfs/archive/4bb0e06d97ef95b7e5a3ac86e7919f4d78937a09.jpg
166739,123,有些文字拥有化解悲伤的力量｜温柔到想落泪的生活寄语,2021-12-23 18:00:11,BGM:(你们都知道）,https://www.bilibili.com/video/BV1AS4y1M7oz,http://i1.hdslb.com/bfs/archive/bdc2806a55f78456a2e252dea4b0433cceb54b7c.jpg
262190,494,“朝暮与岁月并往，愿你我一同行至天光” | 令人惊艳的新年祝福,2021-12-22 17:46:37,BGM:莲有秀兮  图片：ottokim,https://www.bilibili.com/video/BV1f3411x7vF,http://i1.hdslb.com/bfs/archive/9511844666b01f9109689f96bfdb7a2b06766278.jpg
43977,122,“只顾情欲不顾道德的结合，难以得到幸福” | 对于出轨的硬核描写,2021-12-20 18:05:45,"BGM：Say Something（Piano ver.）

个别句子有改",https://www.bilibili.com/video/BV1JY411H73a,http://i1.hdslb.com/bfs/archive/7f5393e8efe51dcc920b577146e1e4cb5f6af786.jpg
1498562,4898,“愿你能在清醒的世界中找到自己的价值” | 无法超越的游戏台词,2021-12-19 16:10:40,"BGM：Tokyo Love Theme

个别图找不到作者， 我的世界那个是节选。",https://www.bilibili.com/video/BV1fR4y1p7BZ,http://i0.hdslb.com/bfs/archive/99f462980b0fc35db78e76bf84f31bba1adafe8b.jpg
94286,301,“我恨自己别无选择，只能冒险爱你” |  暗恋是一场霍乱,2021-12-18 18:47:31,"BGM：我曾这样寂寞生活

图:ottokim",https://www.bilibili.com/video/BV1FL4y1n7aX,http://i0.hdslb.com/bfs/archive/a9e156fc1ae778526c5a2bad75e43ea6e69d3ef1.jpg
1082074,1847,“那天晚上，月光才是你真正的情人” |  智者永不坠入爱河,2021-12-16 18:07:38,BGM：云隐,https://www.bilibili.com/video/BV1mL4y1J7H9,http://i1.hdslb.com/bfs/archive/6e585b36c63032e02fae6e597a61905e06fcac88.jpg
151118,155,“人们只相信自己愿意相信的东西，没人在乎真相” | 无法超越的哲理台词,2021-12-14 17:46:56,BGM：尘埃与流萤,https://www.bilibili.com/video/BV17g411w7Nh,http://i0.hdslb.com/bfs/archive/6b47fa7844fa3636a3292f4f4e9cd44957cabe8a.jpg
86532,312,“若有人给你一盏灯，我给你月亮” | 什么是爱情？,2021-12-12 18:21:41,BGM：A Thousand Years (Live),https://www.bilibili.com/video/BV1pR4y1x7F3,http://i1.hdslb.com/bfs/archive/1a79d2be7e2c664e3647309427bdd4b6f6bd1cd7.jpg
769361,948,“一个时代结束的标志就是它开始被浪漫化” | 无法超越的B站评论,2021-12-11 17:04:24,"BGM：春之行

标题不是评论原创嗷。",https://www.bilibili.com/video/BV1NQ4y1v7uo,http://i0.hdslb.com/bfs/archive/5215a24d3a2c8d46c701330cdbec42e05a8c5177.jpg
73002,285,“丑角也许比英雄更知人生的心酸” | 后浪的真正含义,2021-12-10 18:29:07,BGM：长逝的时流,https://www.bilibili.com/video/BV1AF411z79A,http://i0.hdslb.com/bfs/archive/94fef326c0cf43806b345ee28de0a65b43686089.jpg
217748,589,"""在别人抢着表演的场所，我宁愿做一个沉默的观众” | 什么叫生性凉薄？",2021-12-08 18:51:03,"BGM：いとはかなし

插图作者：초록담쟁이",https://www.bilibili.com/video/BV1WF411z7vC,http://i2.hdslb.com/bfs/archive/03e3dfd0ba4c262a3fba7a273e986a4345dc35f7.jpg
311056,668,"""我相信爱情，只是不相信我能拥有而已” | 无法超越的B站评论",2021-12-07 18:26:56,BGM：像紫堇。像金色的麦野。生长出诗 （碗哥）,https://www.bilibili.com/video/BV1eQ4y1e7a2,http://i0.hdslb.com/bfs/archive/b07724914ca4b38776bb99cfa87f206d8117e3d8.jpg
581606,764,"""说一声再见，就是死去一点点” |  无法超越的中国翻译",2021-12-04 18:43:17,BGM：初春的来信( intro),https://www.bilibili.com/video/BV14b4y1B7Cz,http://i2.hdslb.com/bfs/archive/77546d420c60e56cb958ef0ba156f4b5ed5a805c.jpg
3255817,4231,"""我大多伤春悲秋都来源于我的游手好闲”|  无法超越的b站评论",2021-12-03 18:18:21,BGM：那风停下,https://www.bilibili.com/video/BV1fU4y1T7zq,http://i2.hdslb.com/bfs/archive/5212c7d39f7cbf769c92e923629b80485e845eb8.jpg
267622,158,“一举一动，都是承诺，会被另外一个人看在眼里，记在心上”|  那些无法超越的惊艳台词,2021-12-01 18:00:12,"BGM：卡农（木吉他独奏版）

时空中的绘旅人是一款游戏嗷，不是动漫，可以去感受一下。",https://www.bilibili.com/video/BV1Vb4y1B7ZW,http://i2.hdslb.com/bfs/archive/6d40612d2a221d772d5ca9ac3a64dc05690ee548.jpg
404941,1083,“你们害怕的鬼，都是别人想见再也见不到的人”｜那些无法超越的B站评论,2021-11-30 19:12:33,BGM：惠化洞/双门洞 口琴版,https://www.bilibili.com/video/BV1rM4y1w7f1,http://i1.hdslb.com/bfs/archive/8a03c272457cc941023dc42e7f41fed109e3af3e.jpg
243334,376,“睡前原谅一切，醒来不问过往”｜什么叫爱自己？,2021-11-28 17:42:40,"BGM：ヨスガノソラ メインテーマ-遠い空へ-(M1)

壁纸作者：冷面老鸭（永远的神）",https://www.bilibili.com/video/BV1tg411N7bU,http://i0.hdslb.com/bfs/archive/a4d6efbd8333d992b22d6b9da3412adaf5cc63ff.jpg
105584,405,“性无能事小，爱无能事大”｜爱欲与性欲的关系,2021-11-26 18:22:05,BGM：Living on Hope,https://www.bilibili.com/video/BV1NY411s7cj,http://i1.hdslb.com/bfs/archive/68e73401f2d7421ddcb91bb8d0e160b79c637066.jpg
59683,165,“雄性激素在和平时期没有用武之地”｜那些讽刺性极强的短句,2021-11-25 19:13:44,BGM：Say Something（Piano ver.）,https://www.bilibili.com/video/BV1Mb4y1B7Em,http://i0.hdslb.com/bfs/archive/ab8e58fabe51e0a8474680eddb4a239c69b6fb1c.jpg
44592,67,“愿此生终老温柔，白云不羡仙乡”｜无法超越的惊艳唱词,2021-11-24 18:02:02,BGM：落月随山隐 （碗神）,https://www.bilibili.com/video/BV1sU4y1T73L,http://i1.hdslb.com/bfs/archive/a5917f86bda709222a7ef0ecba2b2268e317e3a5.jpg
92072,156,“如果我们一同被人梦见，那便是我们的相逢”｜年少时不要遇见太惊艳的人,2021-11-22 19:17:46,BGM：云隐,https://www.bilibili.com/video/BV1GL4y1p7uc,http://i1.hdslb.com/bfs/archive/ba15a4509f301b5f853e6e6d3729d720c1c35727.jpg
122752,370,爱上一个人的十大特征,2021-11-20 18:13:36,BGM:一天一天（小清新钢琴纯音乐） 桑子,https://www.bilibili.com/video/BV1Ur4y1k73N,http://i0.hdslb.com/bfs/archive/fc0d059424849cd1041e881f7f2661acc083ca5c.jpg
75977,179,“我们失去的东西也会难过的想要找回我们吗？”｜长大是人必经的溃烂,2021-11-18 18:31:48,BGM：结び,https://www.bilibili.com/video/BV1fb4y1t73r,http://i1.hdslb.com/bfs/archive/e177be780d510fcf079c23ab5f1a5c183c65f57e.jpg
718690,1477,"""倘若没有过度的欢喜，便不会有极度的悲伤”｜智者永不坠入爱河",2021-11-16 17:50:24,BGM：城のある町にて,https://www.bilibili.com/video/BV1Wq4y1u7yY,http://i0.hdslb.com/bfs/archive/c13b5d2c050b3e2a4656d2cf2feb1aca02d08bdd.jpg
90742,373,"""总是想着死的事，一定是因为太过认真地活”｜无法超越的神仙歌词",2021-11-14 18:10:33,BGM：「一枝梅」花信,https://www.bilibili.com/video/BV1n34y1d7ZR,http://i1.hdslb.com/bfs/archive/b66ea0dd654df234e921487661a355a1eef8be77.jpg
145104,360,"""你以为自己道德高尚，别人就不能寻欢作乐了吗？”｜讽刺性极强的哲理句子",2021-11-13 19:08:20,BGM：Voices of the Night,https://www.bilibili.com/video/BV11R4y1t7gw,http://i0.hdslb.com/bfs/archive/0c6e5b9baffde45d4c342aa1907b4929b281be51.jpg
240787,674,"""不幸的人需要的不是同情，而是同伴”｜无法超越的动漫台词",2021-11-12 17:43:32,"BGM：ヨスガノソラ メインテーマ-遠い空へ-(M1)

图来源网络（侵删）

那个日语不知道对不对。",https://www.bilibili.com/video/BV1SS4y1d7Nq,http://i0.hdslb.com/bfs/archive/2f091491573d9e219ff4fed6ab6d75a595dfa52d.jpg
384815,483,污到深处情自浓,2021-11-10 17:54:17,BGM：夏恋,https://www.bilibili.com/video/BV1mq4y1r7Fe,http://i1.hdslb.com/bfs/archive/d2d75f410d4c012e8a44230d99b7ad5218230c6b.jpg
441932,788,“冷眼观生死，一骑过红尘”｜那些无法超越的中国翻译,2021-11-08 17:49:26,BGM：canon in d,https://www.bilibili.com/video/BV1Jv411M7nW,http://i0.hdslb.com/bfs/archive/ce90e46b2f38c012dadac8e2bf1f21e97ce84def.jpg
258247,1344,高敏感人群,2021-11-06 17:47:20,"BGM：Say Something（Piano ver.）

共情未必敏感，敏感也不一定能共情

句子找着找着偏离方向了， 开始朝着我的感受开始找了。",https://www.bilibili.com/video/BV1sL4y1v7Kh,http://i0.hdslb.com/bfs/archive/23cd87ebc9468a8a9ebbe433b02f2649475ee07e.jpg
130539,230,“无论发生什么事情，请不要后悔与我的相遇”｜无法超越的动漫台词,2021-11-05 19:51:39,"BGM：潮鳴りII

第一个图不知道作者是谁，",https://www.bilibili.com/video/BV1nT4y1d7Vu,http://i1.hdslb.com/bfs/archive/b3e556baa5b6021df6827ebaddce83446f31ec8b.jpg
126935,405,"""要是爱你爱得少些，话就可以说得多些了""｜对于暗恋的绝美描写",2021-11-04 18:00:37,"BGM:A Thousand Years (Live)

可能有些重复啊，跟以前做的文集，不太确定。 有些熟悉的感觉。

图片来自:冷面老鸭 （终极画师）贼喜欢画风",https://www.bilibili.com/video/BV18h411t7cH,http://i1.hdslb.com/bfs/archive/b3a22621e16ceea1be8d3ad78c0b4f33a2f85d78.jpg
327302,284,“我没法拒绝别人，因为我想要所有人都喜欢我”｜无法超越的哲理台词,2021-11-03 18:08:22,"BGM：Without You I Am Dying

纪晓岚那张图的作者不知道是谁=-=",https://www.bilibili.com/video/BV1B44y1i7ZB,http://i2.hdslb.com/bfs/archive/924a363f396be8558de8e26dbf0432f857ae6845.jpg
402799,624,“年龄就是你环绕太阳的圈数”｜理科生的极致浪漫,2021-11-02 18:58:28,"BGM：雲流れ

图来自：老鸭插画（终极大触）",https://www.bilibili.com/video/BV1Y3411k7WQ,http://i2.hdslb.com/bfs/archive/44a3add947423b0e058984154d652afe34c91ff0.jpg
2691163,4877,“强加于他人的善意，和恶意有什么区别呢”｜无法超越的动漫台词,2021-11-01 19:15:55,"BGM：春を知らせるもの~続 夏目友人帳のテーマ

除了炮姐那个不确定，刚才搜了一下没找到具体章节。",https://www.bilibili.com/video/BV1Fr4y1C7DK,http://i0.hdslb.com/bfs/archive/fa80298905fd9f2a59c98da2d732a63a74203b6f.jpg
203977,395,“把喜欢当成爱，易使贪贼冒充爱者”｜爱与喜欢的区别,2021-10-31 17:46:36,BGM:Say Something（Piano ver.）,https://www.bilibili.com/video/BV1344y1i7gM,http://i1.hdslb.com/bfs/archive/2b85b3c109c5f97041b5ece8ed3f0ce6eab23d23.jpg
246534,162,那些实用且极其惊艳的作文开头｜写作素材积累,2021-10-29 18:30:23,BGM；蝉鸣半夏,https://www.bilibili.com/video/BV1RT4y1R74v,http://i2.hdslb.com/bfs/archive/38a794e8206fc44b1e0b425fa85590dd19c4bdba.jpg
70044,124,“当大雪降下，冷风吹起，独行狼死，群聚狼生”｜无法超越的惊艳台词,2021-10-28 19:13:43,BGM：卡农（木吉他独奏版）,https://www.bilibili.com/video/BV18r4y117Q6,http://i2.hdslb.com/bfs/archive/3eae0fc8f291b09a1dc870c026b9278111a72d96.jpg
798925,1313,“和平时一样的清晨，有的人留在了昨天”｜对于死亡的绝美描写,2021-10-27 17:43:45,"BGM：山眠

前面几个“我”改成了“他” 。",https://www.bilibili.com/video/BV1Ff4y1371w,http://i2.hdslb.com/bfs/archive/3a525923df39d9f9afc0d5fee1dee08e55fe4fc1.jpg
625503,457,“我曾以为我的人生是场悲剧，原来是喜剧”｜无法超越的惊艳台词,2021-10-25 18:22:28,BGM：尘埃与流萤,https://www.bilibili.com/video/BV1HQ4y1Q7Vm,http://i0.hdslb.com/bfs/archive/7ebe632dab64353f6b052307f3dc121ebcae027b.jpg
532035,2384,“他越是向他人表现同情，他的内心越感受不到它”｜生性凉薄的真正含义,2021-10-24 18:15:51,"BGM：似近而实远。繁星之间。

有个别与之前重复了，挺符合主题的，就用了。

表达得不够准确，这东西每个人都有不同的标准，解读起来截然不同。",https://www.bilibili.com/video/BV1gr4y117bw,http://i1.hdslb.com/bfs/archive/44a34b604c591a84c58fe67a118f65d79ce7ea0a.jpg
311442,904,"“孤独的人不会伤害别人, 只会不断地伤害自己罢了”｜写进作文的动漫台词",2021-10-23 17:35:52,"BGM：寂しい夜

图侵删",https://www.bilibili.com/video/BV1Tb4y1h78e,http://i2.hdslb.com/bfs/archive/e09e56d6568b8fe98304ec3fc4054fa7beb83d5f.jpg
61567,159,“从此我不在希求幸福，我自己便是幸福”｜一生也写不出的短诗,2021-10-21 18:49:17,"BGM：长逝的时流

第一句改了个词 ，其余都差不多",https://www.bilibili.com/video/BV1nu411f7jo,http://i2.hdslb.com/bfs/archive/e81d995b9e9fefe2e9de987335ca5d8414e7d639.jpg
141909,83,“我用光了所有表情，从人群中仓皇逃走”｜无法超越的惊艳台词,2021-10-19 17:35:24,BGM：似近而实远。繁星之间。（饭碗的彼岸）,https://www.bilibili.com/video/BV1ah411b7ke,http://i1.hdslb.com/bfs/archive/1a7e9e75f02428ccfc4d72fee67d1bcb3369e8cb.jpg
802664,431,“我想变成任何一个人，除了我自己”｜无法超越的惊艳台词,2021-10-17 18:18:25,BGM:Say Something（Piano ver.） 饭碗的彼岸,https://www.bilibili.com/video/BV1tq4y197UB,http://i0.hdslb.com/bfs/archive/2329da2e5838a4a0ec6a4c314a1d6ef4a4aa2271.jpg
77883,242,"""相顾无言，只有他们的眼睛在彼此亲吻”｜亲密关系的基本原则",2021-10-16 18:50:47,"BGM：初春的来信( intro)

壁纸：ottokim (终极大神）",https://www.bilibili.com/video/BV19f4y1778U,http://i0.hdslb.com/bfs/archive/918b30c5f25045eda97f438d695954e43383c6c1.jpg
685208,774,“即使肉体腐烂还会留下骨头，那便是生存过的证明”｜写进作文的动漫台词,2021-10-15 18:20:37,BGM：Secret Base (吉他版),https://www.bilibili.com/video/BV1F34y1m7LS,http://i1.hdslb.com/bfs/archive/42fc63d7093b1453d534ca5f2c2b514846194e42.jpg
33884,65,“不愿意优雅地接受自己的秃顶，准有点弄虚作假的地方”｜颠覆认知的人生观念,2021-10-14 19:31:44,BGM：Without You I Am Dying,https://www.bilibili.com/video/BV19T4y1d7CU,http://i0.hdslb.com/bfs/archive/fbefc698d36b635517e671670c682ac2c4b8b4d5.jpg
523839,1383,“爱是为了粉饰性欲而想象出来的东西”｜性与爱的区别,2021-10-12 18:30:13,"BGM （第一期那个）

有重复的哈。",https://www.bilibili.com/video/BV1RQ4y1B77v,http://i2.hdslb.com/bfs/archive/deb0d4db2515e8985f475b0f30a722890fef3382.jpg
34682,106,"""他想拥有一个自由的女人，把她塞进笼子里养着""｜爱情里最残忍的事情",2021-10-10 17:00:12,BGM：蝉鸣半夏,https://www.bilibili.com/video/BV1RL411s7h6,http://i1.hdslb.com/bfs/archive/57d7174230c551f96d4ad800eb1b240b3e727b83.jpg
53018,95,“每个人生来都是君王，但大多数在流亡中死去”｜写作必备的惊艳短句,2021-10-05 18:42:06,BGM：那风停下 - 饭碗的彼岸,https://www.bilibili.com/video/BV1e34y1U74v,http://i0.hdslb.com/bfs/archive/76284bee49a0776ccbe3628f9494672e3850b3c0.jpg
118975,356,“后来我才知道，前程似锦其实是告别的意思”｜青春里最残忍的事情,2021-10-04 18:27:28,BGM;《穿越时空的思念》纯古琴版 - 徐超然,https://www.bilibili.com/video/BV1dr4y117se,http://i0.hdslb.com/bfs/archive/e0f5dc981d36be754fa0f5fdddf4fea3b1ae6044.jpg
162187,692,"""相思病具有和霍乱相同的症状""｜那些简短的暗恋忠告",2021-10-03 17:31:18,BGM：Secret Base (吉他版),https://www.bilibili.com/video/BV1ev411G7bh,http://i2.hdslb.com/bfs/archive/d617acc47ed205e539b7c5dee19454095ab6029e.jpg
256315,511,"""你和风暴一起转身，拥抱中老去的是时间的玫瑰""｜一生也写不出的短诗",2021-10-02 18:53:22,BGM：春を知らせるもの~続 夏目友人帳のテーマ,https://www.bilibili.com/video/BV1ZQ4y1Q7hf,http://i2.hdslb.com/bfs/archive/e9a045cfda3e2369e822a7de8c0cace1703a571d.jpg
58361,209,“在这世界上，每个人心里都有月亮埋葬”｜男生眼中的白月光,2021-10-01 17:28:04,BGM：卡农（木吉他独奏版）,https://www.bilibili.com/video/BV1hQ4y1Q7ei,http://i1.hdslb.com/bfs/archive/04a29be7a9ff6cf40fc08be6c258d1e50cebdf40.jpg
141588,390,"""人是有多脆弱，才会宣告自己热爱某一样东西""｜那些讽刺性极强的短句",2021-09-29 11:52:05,"BGM：抱歉。。 昨天弄的 我找不到了。。

全新版本",https://www.bilibili.com/video/BV1JL411s7vA,http://i0.hdslb.com/bfs/archive/77e6dcf2668840f4b0d3dd643a1245739635be57.jpg
120205,699,"""我可以喜欢你，但你千万不要喜欢我""｜什么叫性单恋？",2021-09-17 19:14:29,"BGM：Say Something（Piano ver.）

饭碗的彼岸",https://www.bilibili.com/video/BV11M4y1g7t2,http://i1.hdslb.com/bfs/archive/d0d061d748690f60b36bef12eae6d44d254a9bc8.jpg
292781,780,“我已分不清你是友情，还是错过的爱情”｜爱情和友情的区别,2021-09-15 18:51:03,"BGM；A Thousand Years (Live)

图来自：（终极画师）画画的柯一正",https://www.bilibili.com/video/BV1634y1S7sx,http://i1.hdslb.com/bfs/archive/70126233dcf88e84addb836ea4eff25c2d9d811d.jpg
442393,656,“它与我们擦肩而过，最终留下我们独自一人”｜对于死亡的绝美描写,2021-09-11 18:39:33,BGM：长逝的时流,https://www.bilibili.com/video/BV1yQ4y167h7,http://i2.hdslb.com/bfs/archive/a4d54c6370caa573d84dd3b1bb27fe11a00bc0e7.jpg
101679,153,"""其他所有男人都是先知，唯有他才是救世主""｜恋人之间的最佳状态",2021-09-02 18:07:27,BGM：我曾这样寂寞生活,https://www.bilibili.com/video/BV1HQ4y1a72j,http://i0.hdslb.com/bfs/archive/a23c9f8017b7d549e85ccee5c889c8ab42245bf6.jpg
210093,1191,"""尽管他生活在人群中，却同林中野兽一样""｜什么是回避型人格",2021-08-31 17:33:58,BGM：似近而实远。繁星之间。,https://www.bilibili.com/video/BV1CA411c7Dr,http://i1.hdslb.com/bfs/archive/7e2a4223a5415e2beded748d31ecb271cb900437.jpg
839367,1773,"""我的孤独不在草原上，而在人群中""｜什么叫生性凉薄？",2021-07-18 18:15:17,"BGM:山眠

有个别与之前重复了，挺符合主题的，就用了。

表达得不够准确，这东西每个人都有不同的标准，解读起来截然不同。",https://www.bilibili.com/video/BV1j64y1z78s,http://i0.hdslb.com/bfs/archive/0f1c6129b6b73d8616dc949368898efa59a934b4.jpg
668105,1230,"""我们必须全力奔跑，才能停留在原地“｜内卷与努力的区别",2021-06-12 17:45:33,"BGM:Experience

本来想起什么是内卷来着，突然发现有个这个话题，就直接弄这个了，

结果做着做着似乎偏离本意了。。。

你们也可以说出你们的理解哈。

可能没有表现的很到位，句子毕竟只是句子，现实更加魔幻。

“我想让你绕过书本看看人间，又怕你真的看清。”",https://www.bilibili.com/video/BV1Hb4y1d7kK,http://i1.hdslb.com/bfs/archive/a10fd5fdb660f17511f07493d78cf782a27f7ef4.jpg
254940,1783,“上帝并没有赋予你们审判他人的权柄”｜同性恋的本质,2021-06-10 18:50:12,BGM：(我的个天，歌曲太多了，我找不到名了，有知道的朋友打出来一下 谢谢）,https://www.bilibili.com/video/BV1rV411475n,http://i1.hdslb.com/bfs/archive/9de66aee1d2301abb1ec7cda524c71534c643098.jpg
895342,2260,爱欲与性欲的区别,2021-06-06 17:13:57,BGM：Living on Hope,https://www.bilibili.com/video/BV1Zh411Y72d,http://i2.hdslb.com/bfs/archive/f76482624bb016c199c557e636b7495b8699a14b.jpg
738658,1291,"""列车通往的黄泉站， 月台站满了来迎人的已故者""｜什么是死亡？",2021-06-02 17:24:42,BGM：长逝的时流,https://www.bilibili.com/video/BV1Rq4y1j7uk,http://i0.hdslb.com/bfs/archive/df1f0fd59fe9894e6bdd2306b813eeb2dec75938.jpg
359447,1061,学生时代的爱情,2021-05-26 18:16:20,BGM：春を知らせるもの~続 夏目友人帳のテーマ,https://www.bilibili.com/video/BV1a64y1o7nY,http://i1.hdslb.com/bfs/archive/6aebc450947e48c81018658786f16743f8dd7159.jpg
1090709,2159,“若只是喜欢，何必夸张成爱”｜喜欢与爱的区别,2021-05-23 17:48:39,BGM：Rainy Blue (蓝色阴雨),https://www.bilibili.com/video/BV1ty4y1g7rG,http://i2.hdslb.com/bfs/archive/186d45c22f9ac3cbbdd8f29225eee39f56fc4613.jpg
246153,622,“我强烈的想拥有至少可以保护她的力量”｜什么是爱情？,2021-05-16 17:33:46,BGM;跟上上次一样， 太好听 在用一次。,https://www.bilibili.com/video/BV13p4y1t7Lw,http://i2.hdslb.com/bfs/archive/ceb08a3fe3f39b6997bfe28bbfc9135cf97fe203.jpg
234746,447,史铁生的文字,2021-05-01 17:15:03,"BGM：跟上期一样

最近比较忙 所以断断续续的更啦，忙过这段时间就好啦。",https://www.bilibili.com/video/BV1CK4y1P7Kf,http://i0.hdslb.com/bfs/archive/fe0f7c179b81e61a6a60771cddae7685d599a1fd.jpg
533882,2123,【同性之爱】“任何一个世界的任何一座囚牢，爱都能破门而入”,2021-04-05 17:21:11,BGM：Where are you,https://www.bilibili.com/video/BV1PZ4y1c7t2,http://i2.hdslb.com/bfs/archive/e5f6831ad567beb3e92aa3ade66e0262d6ab45b2.jpg
96203,240,【描写宿命】“反抗命运是命运的一部分吗？”,2021-03-20 17:25:25,"BGM：我曾这样寂寞生活 - 饭碗的彼岸

最后那首诗歌是 余秀华诗集《摇摇晃晃的人间》里面的（微风从我这里经过-节选）

我就光在我摘抄本里写了个摇摇晃晃的人间，后面想想不太对劲。。  仔细又查了一遍。（从前摘抄自网络）",https://www.bilibili.com/video/BV1zK4y1U7cs,http://i1.hdslb.com/bfs/archive/8327cb3bc530933a5f9f380868aa4ecdd433e868.jpg
656422,2852,【描写｜性侵】“你要哭得更凶一点，不然人家感受不到的”,2021-03-14 18:00:27,有个字打错了  馊掉 不是 搜掉， 改不了了 PR让我给不小心删除了,https://www.bilibili.com/video/BV1n54y1a7FU,http://i2.hdslb.com/bfs/archive/eb8bf87062209e4c40fd80b93a9a81d7605b2469.jpg
1186849,4214,【暗恋描写】“所有的分子都朝同一个方向奔去，于是欲望升腾”,2021-02-16 17:56:17,"BGM：海の形

最后的诗中间少了一句，可能是我的摘抄本罢工了，它出了什么问题",https://www.bilibili.com/video/BV1ZU4y1p7Rb,http://i2.hdslb.com/bfs/archive/2b730b277fed1f4d72366f58ebdd4778131acfbb.jpg
75917,254,【同类相食】“吃人，是历史的一部分”| 历史的背面,2021-01-05 19:44:36,bgm 一个人的龟兹,https://www.bilibili.com/video/BV1Fy4y1v7fJ,http://i1.hdslb.com/bfs/archive/69b80f05470dd33186a1cab886ce5762d285a243.jpg
15538,124,【奇怪的书】如何把挖到的鼻屎送给英俊少年 | 十二月书籍分享及闲聊,2020-12-28 18:35:46,,https://www.bilibili.com/video/BV1Cv41147bS,http://i0.hdslb.com/bfs/archive/051ac31b4a81aa89e200fa32e8049c680bfd88c4.jpg
28637,61,【文人毒舌大赏】“上溯祖宗，旁连姊妹，下递子孙，普及同性”,2020-12-27 19:09:23,"BGM;点星（Point The Star）

重做了一次，就当是年底总结了。",https://www.bilibili.com/video/BV1m5411H7pM,http://i2.hdslb.com/bfs/archive/41b0327861821aec97b7c9b28752b8003b182b2c.jpg
39957,82,【句集】“臭水沟里的老鼠，也向往着天空”| 那些绝望中透有希望的句子,2020-12-20 19:15:24,"BGM：Broken

背景动画短片：《看我》",https://www.bilibili.com/video/BV1Ev41147AA,http://i0.hdslb.com/bfs/archive/a62d113e4f2be59ed7d78707233626ba344e1c23.jpg
37318,115,"【文集】盘点那些""非正常死亡""的文学大家 |“越是向往光明,越要扎根黑暗”",2020-12-16 19:26:56,BGM：大鱼-钢琴版（《潮流琴房》曲谱试听）,https://www.bilibili.com/video/BV11K411u7iZ,http://i0.hdslb.com/bfs/archive/274f4f21d16eed7b19fca7627f13776231d77a97.jpg
608749,1036,【死亡美学】对死亡的另类解读,2020-12-11 19:28:43,BGM：jegKjærlighetdu,https://www.bilibili.com/video/BV1qv411b7Wd,http://i0.hdslb.com/bfs/archive/8ef315c1f5ae462ee29fc8628ea7046020c6e556.jpg
81881,139,【句集】盘点历史上最有“格调”的诗词句子 | 佛道儒,2020-12-08 20:04:39,BGM：落叶荒寺,https://www.bilibili.com/video/BV1k54y167Af,http://i1.hdslb.com/bfs/archive/4885f88dfd431271148b2135fc375bc1ecc8bd24.jpg
57499,194,【文集】“爱情只是两个蠢东西追来追去”| 文化人眼里的爱情,2020-12-06 17:56:12,BGML:Nuvole Bianche,https://www.bilibili.com/video/BV1ai4y157TA,http://i0.hdslb.com/bfs/archive/a7b2e429098251f4e38d1b16188e9f130ca3f4ed.jpg
333537,696,【哲学文集】“伟大的心灵总是雌雄同体的” | 爱情的哲学,2020-11-30 17:28:56,"BGM:Super 8 Eyes 

背景为：//gryun.myportfolio.com/vincent-van-gogh-homage
与星空大佬的动图。",https://www.bilibili.com/video/BV1WK4y1f7Sg,http://i1.hdslb.com/bfs/archive/cdb438b7096ca3be8b0a0e7d6a6634f627919c97.jpg
29458,122,盘点历史上那些著名的“墓志铭”| 冷眼向生死，一骑过红尘,2020-11-29 18:00:37,BGM：Tokyo Love Theme,https://www.bilibili.com/video/BV1yK4y1f7mT,http://i0.hdslb.com/bfs/archive/6c727f7b4d5386756de1e9b311195bb0938ecc4b.jpg
38097,107,【凡尔赛文学】就装X这一块，老祖宗们已经玩腻了,2020-11-28 18:04:19,BGM：合欢,https://www.bilibili.com/video/BV1hA411x7i8,http://i2.hdslb.com/bfs/archive/165d3b2084e20ca0b933f435e8ae4a92e5557002.jpg
32153,65,《路人》 作者：西贝 | 用最美的方言配最美的诗,2020-11-26 17:36:42,"BGM：（穿越时空的思念（钢琴）  歌手：李勤舍）
        
           （1967  歌手：歌手：ゴンチチ)",https://www.bilibili.com/video/BV1oA411x7h2,http://i0.hdslb.com/bfs/archive/950fa3561343026e07f5676a7ae988576d9ede77.jpg
64213,219,【句集/配音】“别等了，他不会再回来了”,2020-11-21 19:40:21,BGM：歌曲名叫我给忘了,https://www.bilibili.com/video/BV1RZ4y137Ba,http://i0.hdslb.com/bfs/archive/06ed4dcc84230cf5f979cb52053c0ff1f865df58.jpg
36045,63,【句集】送给在屏幕面前迷茫着的你 | 好好吃饭，不要想家,2020-11-18 17:57:14,BGM：卡农（木吉他独奏版）,https://www.bilibili.com/video/BV1ay4y1z7GB,http://i2.hdslb.com/bfs/archive/27ca56a15d3c0a0bb65a18b7159148d51d6d466f.jpg
272485,472,【句集】盘点那些半句成名的诗词句子 | 你不知道的另一半,2020-11-17 20:11:18,BGM：太平长安,https://www.bilibili.com/video/BV18r4y1F7SJ,http://i1.hdslb.com/bfs/archive/a97239e9efe9acbdaf4e94dacd34407c1b5614e0.jpg
36800,155,【句集】以朋友相待，不向你求欢 | 最理智的暗恋方式,2020-11-16 17:26:59,BGM：花火が瞬く夜に,https://www.bilibili.com/video/BV1Va4y1x7e6,http://i0.hdslb.com/bfs/archive/a54255b212b6207ee20bc78bc8b7483566c598c5.jpg
30021,109,【王阳明/句集】 孔孟之后的“在世圣人” |   一生俯首拜阳明,2020-11-14 17:55:44,BGM：禅定,https://www.bilibili.com/video/BV1uy4y167aB,http://i1.hdslb.com/bfs/archive/738e50d5c5ed85dc3a25e60578f77275c03772a5.jpg
62129,140,【摇光驿站】 甜到想恋爱的情话，你不想听听吗？,2020-11-10 20:41:58,BGM：我们别时和见时不同,https://www.bilibili.com/video/BV1ea4y1s7c8,http://i1.hdslb.com/bfs/archive/8fe74f1900b7221824e000bbe827644a989504bf.jpg
35157,87,"【句集】用一句话来形容“心动"" 二字 | 初会便已许平生",2020-11-08 17:03:35,BGM：星河不可及,https://www.bilibili.com/video/BV1AT4y1c7th,http://i0.hdslb.com/bfs/archive/9b16eced8d65ba6f85b93c4f1ae43f7a0416168f.jpg
24444,43,【虎狼之词】盘点那些你永远猜不到作者的句子 | 天下第一男,2020-11-06 18:41:19,BGM：The des Alizes,https://www.bilibili.com/video/BV1pv411r7Ym,http://i2.hdslb.com/bfs/archive/24941cfb9b60af3b09c8dbd9d907ad106a905c65.jpg
26329,80,【周总理】一份国家级的“狗粮”| 情长纸短，吻你万千,2020-11-04 17:55:28,BGM：蝉鸣半夏,https://www.bilibili.com/video/BV1JA411j7hF,http://i2.hdslb.com/bfs/archive/64841159b2c517635270123ec9b7740c3b9e5fb5.jpg
26924,195,【大圣/文集】“哪有什么斗战胜佛，我只知道齐天大圣”,2020-11-02 17:56:53,BGM：雪中悍刀行（纯享版）,https://www.bilibili.com/video/BV1mz4y1C7KJ,http://i2.hdslb.com/bfs/archive/5c7b4aed4498fdbd6d749df0367feb400c2558a1.jpg
30601,0,【周总理】那些第一眼就触动你的句子 | 这盛世如您所愿,2020-11-01 18:42:38,BGM：墨雨 埙乐版,https://www.bilibili.com/video/BV1tf4y1q7Kv,http://i2.hdslb.com/bfs/archive/cbfdf706321510226312d1b8992fae1576d21612.jpg
407477,676,【金瓶梅】那些让你“醍醐灌顶”的句子诗词 | 你不知道的另一面,2020-10-31 17:47:31,"BGM：澈

金瓶梅里很多句子非他本书原创。

我把所有已知的来源全部写在了下面。",https://www.bilibili.com/video/BV1PD4y1R71U,http://i1.hdslb.com/bfs/archive/6bb04908992525d793ba263652209d564e2dbd92.jpg
61935,115,【钱钟书/杨绛】一段穿越生死的爱情 | 只有死别，不再生离,2020-10-29 12:32:23,BGM：浮光,https://www.bilibili.com/video/BV1Ei4y177uW,http://i0.hdslb.com/bfs/archive/8424f59856f4de43940c6724f3cb383c3ae8706d.jpg
78980,127,问世间谁能用嘴杀人，唯有我民国钱钟书 | 民国第一男毒舌,2020-10-28 17:56:00,BGM：ひやむぎ、そーめん、时々うどん,https://www.bilibili.com/video/BV1qV411y7QK,http://i2.hdslb.com/bfs/archive/2997a6d4d4c8524dc838f482ef939ba88b3c21e0.jpg
54451,203,【红楼梦】那些你看过一眼就难以忘怀的诗词句子 | 有命无运，累及爹娘,2020-10-27 17:26:46,BGM：「二胡」雨碎江南,https://www.bilibili.com/video/BV1ZA411L7fQ,http://i2.hdslb.com/bfs/archive/7018164208332659948c8b61b23397106a902afa.jpg
62013,176,【人性/句集】你是在拜佛，还是在拜自己的欲望？,2020-10-25 18:02:41,BGM：Rainy Dumplings,https://www.bilibili.com/video/BV1MT4y1F7mS,http://i0.hdslb.com/bfs/archive/50f0ad0a85e313ece9946ebc18ee511c6382a324.jpg
71031,81,【句集】 德云班主的“戏说人生”|  英雄至此未必英雄,2020-10-20 17:00:15,BGM：皓水莫负,https://www.bilibili.com/video/BV1b54y1C7WA,http://i1.hdslb.com/bfs/archive/2f5172953fdc884fc1c6342fa022ab1eae7db5ea.jpg
91130,126,【人生/文集】我来告诉你什么事最可悲 | 那些道尽人生的句子,2020-10-17 17:54:55,BGM：雨+雨幕,https://www.bilibili.com/video/BV1GZ4y1L73v,http://i1.hdslb.com/bfs/archive/a919ddd406eadc0032efe08a5dfa4c0766b7b662.jpg
208771,221,【罗翔老师】那些第一眼就触动你的句子 | 你我皆张三,2020-10-15 17:24:25,BGM:Where are you,https://www.bilibili.com/video/BV1uD4y1d7hU,http://i1.hdslb.com/bfs/archive/df39c7751225b53420f12c3300a52006d3ef58d0.jpg
194745,337,【句集】年轻时不要遇见太惊艳的人 | 我们那时的爱情,2020-10-13 18:20:09,BGM:Rainy Blue (蓝色阴雨),https://www.bilibili.com/video/BV1Fa411A72n,http://i2.hdslb.com/bfs/archive/b9757aa2ad96286ed3ba445f475faa9ac27cd3b7.jpg
82690,146,盘点那些超级可爱的古今诗词 | 我印象中的诗词不是这个模样,2020-10-12 18:19:51,BGM：あまい匂いをさがして,https://www.bilibili.com/video/BV1Dr4y1c7TR,http://i1.hdslb.com/bfs/archive/8a7741f8ce1259daf14a4c6290383eb71c154b95.jpg
108051,279,盘点那些让人毛骨悚然的古代诗词 | 历史书上写满了苦难,2020-10-11 17:33:39,BGM;落叶荒寺,https://www.bilibili.com/video/BV1tK4y1h726,http://i1.hdslb.com/bfs/archive/872f03c06139956e86a6fccb6564bfbb93bd1871.jpg
79433,299,"【真实】从字里行间里感受“我们这代人”|如今尝尽愁滋味  ,  却道天凉好个秋",2020-10-09 17:43:32,BGM：jegKjærlighetdu,https://www.bilibili.com/video/BV1N54y1C7n1,http://i0.hdslb.com/bfs/archive/09aa0dd0669289ce0e55b09b6466683fa4a22e49.jpg
66690,106,【字里窥人】一句话一个故事 | 谁都喜欢他，没有人爱他,2020-10-08 19:17:07,BGM：一个人的龟兹,https://www.bilibili.com/video/BV1Gh41197TA,http://i2.hdslb.com/bfs/archive/1709142754cd6b04670a20efdc43413c88744316.jpg
50756,75,文学作品里那些“绝妙”的段落 | 只是一个让你安静的视频,2020-10-05 17:02:24,BGM 放课后の音楽室,https://www.bilibili.com/video/BV1FV41127c4,http://i1.hdslb.com/bfs/archive/f7793ebd5feb299e0dbbf97043823cb4ea39ceec.jpg
49357,90,"【句集】盘点那些“铭记于心”的爱情誓言 | 有一种爱情,是尾生抱柱,至死方休",2020-10-03 18:43:58,BGM：叫啥来着。。 我去找找 一时间我给忘了。。。（作者是:饭碗）,https://www.bilibili.com/video/BV1rt4y1q7GV,http://i2.hdslb.com/bfs/archive/5e99defd85feac0390203b88fa26b3c240539094.jpg
48310,109,【完美日记】来自宇宙的极致浪漫 / 全文背诵系列,2020-10-01 20:00:41,BGM :Canon in D (Pachelbel),https://www.bilibili.com/video/BV1s54y1k7v2,http://i2.hdslb.com/bfs/archive/1135c0ce1f8c9d2391007313764e776854d3b5f6.jpg
61259,244,【高能】从字里行间透出来的卑微 | 你只是她的一条狗，而她却是你的一生。,2020-09-27 18:06:11,BGM：浮光,https://www.bilibili.com/video/BV1S54y1y7o9,http://i0.hdslb.com/bfs/archive/10b82a736ef708067cb5bcf3d08ef76e34db74e6.jpg
78267,186,【句集】文学作品里的“一针见血”| 让他们怨恨去，我一个都不宽恕,2020-09-21 17:26:38,BGM；Without You I Am Dying,https://www.bilibili.com/video/BV1di4y177aA,http://i1.hdslb.com/bfs/archive/d0a09e12094ef2604d37a5bd4e068d8d96824127.jpg
42119,90,盘点那些足以支撑你度过艰难时刻的句子 | 面对镜子告诉自己,2020-09-19 18:50:18,BGM;浮光,https://www.bilibili.com/video/BV1Cv411C76w,http://i2.hdslb.com/bfs/archive/faf6f40f7ae6968abc6dc29008cad99f389a5103.jpg
64311,127,【必考题】 用一句话来形容你所向往的“完美爱情”| 文学知识积累,2020-09-16 18:19:37,BGM :我们别时和见时不同,https://www.bilibili.com/video/BV1sv411C7Sx,http://i0.hdslb.com/bfs/archive/5f906f94d0f757a66042e6cbef3579090dcd8cf8.jpg
34792,81,【必考题】如何准确的夸赞异性的眼睛 | 碎片化普及,2020-09-13 18:11:16,BGM:澈,https://www.bilibili.com/video/BV1WK4y1a7NF,http://i0.hdslb.com/bfs/archive/c04536c83640ed8b4355ca13498d4edb75b787a5.jpg
86246,283,【人间绝句】用一首诗来描绘出你想要的生活 | 来自生活的浪漫,2020-09-09 19:43:45,BGM:云村的烟火,https://www.bilibili.com/video/BV1RA411E75x,http://i2.hdslb.com/bfs/archive/d92caef0444ec06b47cff24af3fcb3b22c56466d.jpg
62458,176,【趣味文学】文学作品里绝妙的比喻句 | 文人的脑回路怎么这么奇怪,2020-09-07 17:32:57,BGM:放课后の音楽室,https://www.bilibili.com/video/BV1Ta4y1j7Sa,http://i2.hdslb.com/bfs/archive/e18d0155b005c8eb6d0105dcdf4d6673b6efaad3.jpg
57356,176,【少年】文学作品里的“笔下青春”|别人怀宝剑，我有笔如刀,2020-09-05 18:55:56,"BGM:Rainy Blue (蓝色阴雨)

文案/图 扔GH里去了。",https://www.bilibili.com/video/BV1JZ4y1T7XL,http://i2.hdslb.com/bfs/archive/5df48a546aa8226be364befcc15b5a3eec51f21a.jpg
40663,149,文人笔下充满烟火气息的句子 | 我为将新欢视为初恋向旧爱致歉,2020-08-30 15:39:42,"BGM：星河不可及

原图我扔我公号里去了。",https://www.bilibili.com/video/BV1JA411n7f2,http://i0.hdslb.com/bfs/archive/8b20210e562118f1a371e8bec4605e15e5e8c1b8.jpg
54590,210,【表白】有一个声音好听的对象是什么体验？ | 它们拜托我一定一定要讲给你听,2020-08-26 18:52:10,BGM:  一天一天,https://www.bilibili.com/video/BV1Ny4y1y7zo,http://i0.hdslb.com/bfs/archive/8e484bee1a6b247d851c592bbc95528319fd5370.jpg
50831,274,【七夕/文集】如何文艺的表达“我要分手”| 七夕专属文摘,2020-08-24 17:26:20,BGM:Without You I Am Dying,https://www.bilibili.com/video/BV1MT4y1L7do,http://i0.hdslb.com/bfs/archive/93e365fe85255bd1cf776155695bb9d833da999c.jpg
19692,67,"【留守的小诗人】“从出生起每个人,都不应该是一座孤岛”| 孩子的诗",2020-08-22 18:44:35,BGM:雲流れ,https://www.bilibili.com/video/BV1Pk4y127Az,http://i1.hdslb.com/bfs/archive/1b4706ec6d60911bc295d6b5e6ae87a01e1a3a85.jpg
63467,260,【七夕/小情话】用有限的字数来表达你无限的爱,2020-08-20 17:30:14,BGM :Pisces,https://www.bilibili.com/video/BV1Qp4y1v7Z8,http://i0.hdslb.com/bfs/archive/59e7aad7193e229506b4e073182f4103716f1cd8.jpg
122237,193,【木心先生】 一位在黑暗中大雪纷飞的人 | 句子集,2020-08-16 18:14:25,BGM:忧伤还是快乐（长笛版）,https://www.bilibili.com/video/BV1wT4y1L7sm,http://i0.hdslb.com/bfs/archive/653b0f26c28f5686fb729587220dea748767fb89.jpg
92837,184,【杜蕾斯】盘点那些极度撩人的隐晦情诗 | 论情诗我只服它,2020-08-14 11:51:09,BGM;风になる,https://www.bilibili.com/video/BV1h64y1c79s,http://i1.hdslb.com/bfs/archive/a4da4766ba2d9e4401197264999992378983a69f.jpg
66978,175,【摘抄】 我爱你的“高级表达”方式 | 来自八月份的夏日情书特辑,2020-08-12 18:01:22,"BGM:我们别时和见时不同

图片回头发我那啥里面，去上班了。（不确定啥时候发哈，最近有点小忙）",https://www.bilibili.com/video/BV12A411Y7Fj,http://i2.hdslb.com/bfs/archive/6654c3b91f65e69f9033a8983d01d14dc469273d.jpg
47322,74,【句集】适合摘抄的温柔句子 | 仅仅只是一个让人安静的视频,2020-08-08 18:18:27,"BGM：Living on Hope

图片都扔在公号里了，这一期没发类， 去上班了 回来再发。",https://www.bilibili.com/video/BV1qt4y1D74T,http://i0.hdslb.com/bfs/archive/61f7670301505d30669bc481e2130ed3fd4359f3.jpg
42445,105,【文字摘抄】动漫告白语录合集/这正是我所热爱的动漫世界,2020-08-06 18:20:42,BGM:Canon in D (Pachelbel),https://www.bilibili.com/video/BV1eh411d79L,http://i1.hdslb.com/bfs/archive/6b61654564c4b529e862de762e9607c3bbc4ee24.jpg
866353,1422,【哲学文摘】哲学大佬们的自我宣言 | 不知为何中二感爆棚,2020-08-05 17:25:00,BGM :Last of the Wilds,https://www.bilibili.com/video/BV1xv411v7Q8,http://i1.hdslb.com/bfs/archive/2d7d88f55fdf23105a4626f1c79a16416465eeae.jpg
83021,252,【文摘】 披着死亡外衣的温柔 | 这些作者是想开了还是想不开呢?,2020-08-02 18:40:07,BGM:浮光,https://www.bilibili.com/video/BV1C5411a7Fb,http://i0.hdslb.com/bfs/archive/7d8e5e1e2d506d6b052b2f724f2c9cb0e53e01a1.jpg
88477,289,【渣男语录】只有写到这种程度才有资格与其并肩 | 男人的嘴，骗人的鬼,2020-07-31 16:50:23,BGM: 面会菜 (林生祥),https://www.bilibili.com/video/BV1Sa4y1E7py,http://i0.hdslb.com/bfs/archive/8a3c5aa3ac053feb813c1a6abe50c71c312489e0.jpg
104755,345,【鲁迅先生】中国人该醒醒了 | 八十三年之后这些话是否还适用？,2020-07-29 17:52:50,BGM:Week #8,https://www.bilibili.com/video/BV1w54y1D7zs,http://i2.hdslb.com/bfs/archive/cd916e15fd794f696fc1a3f838cedae369435b7e.jpg
119328,176,那些言语平常却极其惊艳的短诗 | 你寻找一位女人，却找到一个灵魂。,2020-07-27 17:39:54,图片啥的你们知道在哪。 不说啦。  上班去啦。,https://www.bilibili.com/video/BV1wV411z7XG,http://i2.hdslb.com/bfs/archive/ab2c2955ccc30337dbfa88b0765d3b546fd97e43.jpg
1750922,1746,【杜蕾斯】那些让人面红耳赤的情书 | 广告文案从没让我失望过,2020-07-25 11:36:54,BGM : Summer of Graduation,https://www.bilibili.com/video/BV1EV411r7U4,http://i1.hdslb.com/bfs/archive/45bef42dd4892fd2f2c53e463b2aecd63eb04295.jpg
44571,154,【豪迈/诗集】“中国古典诗词的最后一座高峰”| 从诗词里看人生,2020-07-20 17:18:43,"BGM : 折柳

图片你们知道去哪找，不重复啦。",https://www.bilibili.com/video/BV1XK4y1e7fQ,http://i2.hdslb.com/bfs/archive/afe7b9616dc75fc5f9a0a62f39aec9bd5f812895.jpg
68406,164,盘点最能够描绘出“暗恋”的句子及对话 | “你是我用余光就能看清的人”,2020-07-19 16:38:18,BGM:Dance You Pretty,https://www.bilibili.com/video/BV1eT4y1E731,http://i0.hdslb.com/bfs/archive/6c4d8547e230b60b7e1ba3f50fecc65f0e43a710.jpg
84060,155,从字里行间里感受来自宇宙的极致浪漫 | 我的情感，传达到了吗？,2020-07-17 14:13:46,"BGM  Canon in D (Pachelbel)

传达到了吗？。。",https://www.bilibili.com/video/BV1nK411J7jV,http://i0.hdslb.com/bfs/archive/172cb3ecca747da8328210cceba74d22bc5e0acf.jpg
101451,114,盘点那些冷门且极其有意思的句子 |  我拍了很多悲剧，但你们都说那是喜剧,2020-07-15 12:30:05,BGM ：Week #8,https://www.bilibili.com/video/BV1yz4y1X7Yo,http://i2.hdslb.com/bfs/archive/d95650260333a0ec1ebf0c0489d691190b58c49e.jpg
369861,1358,盘点中国历史上最霸道的宣言与对话 | 毋敢动，动，灭国矣,2020-07-13 17:17:55,"BGM  千灯引

有几个出处不准确的都标注上了  查了很久 。 头皮发麻。",https://www.bilibili.com/video/BV1tA411e7fj,http://i0.hdslb.com/bfs/archive/2f623822422e433950144e841ab83194b03550ed.jpg
136722,161,那些干净且极其温柔的短句 | 这只是一个让你安静的视频,2020-07-11 15:29:48,"BGM 忆

想要图片的  回头我发G终号里 同名，今天不发了，明天发我晚上夜班，求个三连。",https://www.bilibili.com/video/BV1Rt4y19751,http://i1.hdslb.com/bfs/archive/6656aeb2fe58a14cad4fd2037b89194443bd3819.jpg
53940,86,盘点贯穿中华五千年历史的对话及句子|下民易虐，上天难欺,2020-07-08 17:13:25,BGM  水龙吟,https://www.bilibili.com/video/BV1iC4y1h7Wt,http://i2.hdslb.com/bfs/archive/5a3fd1225b93f76fb5f4c2a6b38a40560de73a4b.jpg
140693,431,盘点中国历史上让人难以忘怀的对话及句子 | 我死国生，我活国死,2020-07-05 13:52:05,BGM  Experience,https://www.bilibili.com/video/BV18z4y1X7Ja,http://i0.hdslb.com/bfs/archive/34806e198cdb082b26445cf01ec2fd45e2434580.jpg
43595,188,盘点那些出道即巅峰的“小作家”| 文坛大手在我们这个年龄都写过什么？,2020-07-01 18:09:27,"BGM : 風の詩

诗词有些年龄不准确 ， 个别的我按着年数段推算出来的。

（庭除一古桐，耸干入云中。枝迎南北鸟，叶送往来风。）

传说的故事：薛涛八九岁知音律，其父一日坐庭中，指井梧示之曰：‘庭除一古桐，耸干入云中’

令涛续之，即应声曰‘枝迎南北鸟，叶送往来风。’父愀然久之”可见其才思之敏.

（骑牛远远过前村，吹笛风斜隔垄闻。多少长安名利客，机关用尽不如君）

黄庭坚七岁作过的《牧童》诗， 但文字却过于老练，不敢相信，


简介居然有字数要求？太少了",https://www.bilibili.com/video/BV1rD4y1Q7rU,http://i0.hdslb.com/bfs/archive/8e6da4220c6e516a12a00618f3808f49f57e448e.jpg
62538,143,【人性】盘点那些让人深思的段落句子 | 这只是一个让你安静的视频,2020-06-25 17:58:28,BGM ：抱歉我给忘了。。,https://www.bilibili.com/video/BV1ZZ4y1M7hV,http://i0.hdslb.com/bfs/archive/dda8c1564f4c7a81badb0709595b37de527d79cb.jpg
64183,191,"""夏天，烟火，我的尸体”",2020-06-23 20:22:17,BGM ；你啊你啊,https://www.bilibili.com/video/BV1Lv411B7ZZ,http://i0.hdslb.com/bfs/archive/7787d669494c075fa5b82226b12a4c23f615f845.jpg
36335,61,【浪漫/人间】盘点那些无关情爱却宁静浪漫的句子段落 | 第二期,2020-06-21 18:51:17,"BGM 卡农（木吉他独奏版）

第一句不太确定是 终身浪漫还是终生浪漫 。。

查了查 两都有。。",https://www.bilibili.com/video/BV1Y54y1B7yE,http://i2.hdslb.com/bfs/archive/8563911ff5906011a57bb261285d6d6592b2b626.jpg
28241,96,【真实/人性】盘点那些真实到让人不适的句子,2020-06-20 12:00:52,"BGM:Good Night

有俩个很久以前用过的句子，拿出来再用一次很喜欢。

这期的句子不是很直白，但是我很喜欢。",https://www.bilibili.com/video/BV11A411v7zL,http://i1.hdslb.com/bfs/archive/ed674516d20f72b5a3353ce5c9879b3b7021505a.jpg
49824,80,【温柔/句集】“我的双脚像踩着沙，陷入了有你的那个仲夏”,2020-06-17 18:26:10,"BGM : 1967

戴望舒那一句 是说的友谊，后来有人当成爱情， 正好很喜欢索性加入里面。
注释一下，省的记错。",https://www.bilibili.com/video/BV1dD4y1D76c,http://i0.hdslb.com/bfs/archive/c0ae05849fad8831e8273c5411ec4165d91450eb.jpg
29659,98,盘点那些心凉尽哀愁的断肠诗|“半句足以道尽哀愁”,2020-06-13 13:33:57,BGM 雨声+鸿影,https://www.bilibili.com/video/BV1rp4y1D7sp,http://i0.hdslb.com/bfs/archive/14b1dfb73f4fe51d1e3056ef0bcc24d38ab903da.jpg
30221,119,【励志向】“总有一个人要赢，为什么不能是我”|预祝高考胜利。,2020-06-09 17:41:37,"BGM ：我给忘叫啥名字了。。。

预祝各位考生胜利，希望这一生不会因为这一次后悔。",https://www.bilibili.com/video/BV1uk4y1z79X,http://i1.hdslb.com/bfs/archive/285a4373bea186e4021de802506def5a5fb8296c.jpg
134628,184,【人间绝句】 “短短一句，便道尽孤独”| 诗词里的孤独,2020-06-06 19:41:22,"BGM ;愿情（箫版）

||句子||诗词||图文||纯音乐|| GZH 一个爱吃得猪（跟UP同名）",https://www.bilibili.com/video/BV1Ri4y1s7Hd,http://i1.hdslb.com/bfs/archive/ed04984b1980cf199ecefed0165c08a9bc575dd7.jpg
38274,90,【字里行间】“用文字的方式牵动灵魂” | 仅仅是个会让你得到片刻安宁的文字视频,2020-06-04 17:00:34,BGM :Pisces,https://www.bilibili.com/video/BV1eA411v7YY,http://i1.hdslb.com/bfs/archive/de3a9e36869b88c386faf990647e210290947608.jpg
48431,148,“今日份情话已到账，注意查收”| 空中繁星，皆是为你闪烁。【情话集】,2020-05-31 12:00:02,"视频里的小姐姐是：彬子_bling  一个非常漂亮的小姐姐

非常感谢让我用素材，超级爱你哦~

封面不是情话，真是感觉挺适合做封面的。

随便做一次这种的试试，然后新电脑来了，会尝试做一些我喜欢的东西了，可能跟原本的大有不同。
然后音乐是 Let It Out

好的， 你们发现这个视频的时候  哥在上班中。祝大家幸福啦~",https://www.bilibili.com/video/BV1PZ4y1W7mB,http://i1.hdslb.com/bfs/archive/9e4b0fd543d8b2a6ecd8380d7f2a80b0f067bcf4.jpg
31130,118,盘点那些古今诗坛最骚气的诗词 | 一拳捶碎黄鹤楼，一脚踢翻鹦鹉洲,2020-05-30 10:58:46,"BGM ：あまい匂いをさがして

出处来源网络百科，大部分未经考证，看个乐呵。

GZh:一个爱吃的猪 准备更新中。 嗯 就是这样了。",https://www.bilibili.com/video/BV1zA411q71u,http://i2.hdslb.com/bfs/archive/502d8f484404f0e41b57a7528ce5366f1a69cd0c.jpg
58736,132,盘点教课书本里不会存在的片段及句子 | 每个人都会活着的办法，那么你的是什么？,2020-05-24 11:16:22,"BGM ; Voices of the Night

银魂那一句，也有说意林里面的。  话说我看银魂的时候我咋没注意这么有意思的句子。。光顾着笑了。
（有可能出现也有可能不出，各占百分之五十）",https://www.bilibili.com/video/BV1aa4y1e7g1,http://i0.hdslb.com/bfs/archive/60fec79d4ce22865e1fee874c1553002ed9510a2.jpg
438365,2166,盘点那些细思极恐的古今诗词 | 那些不为人知的黑暗面,2020-05-23 12:00:35,"BGM 一个人的龟兹

收集素材不宜，求个三连。

第一段菜人哀 中间少了一段，没法加。
秦妇吟那段上下句是分开的。 志公和尚语录（我没找到原文 ）
所有未找到原文的均在后面填写（存疑）",https://www.bilibili.com/video/BV1SK4y1t71w,http://i1.hdslb.com/bfs/archive/62162726368e94e8c8854ecafe0e30c7011db664.jpg
38102,156,【单身狗的哀嚎】盘点那些关于分手的句子 | 我燃烧一颗恒星来向你说再见,2020-05-20 18:55:46,"BGM :Claire: Kiwata Tsuki - The Barren Moon

公ZH 一个爱吃的猪。推荐一下。

就这样啦。",https://www.bilibili.com/video/BV17g4y1B7fM,http://i1.hdslb.com/bfs/archive/510b043eed9b282762ccaa23de848f016d8ce695.jpg
76986,296,【娱乐向】盘点那些隐晦表达暗恋的句子及段落,2020-05-16 11:40:10,"BGM 春之行

纯娱乐向，成不成功咱不知道， 看不懂最好，至少自己说出来爽了。

公ZH 一个爱吃的猪 还是要推荐一下的。",https://www.bilibili.com/video/BV1iC4y1H7ig,http://i0.hdslb.com/bfs/archive/0f44aad0a8eb0fe5fbed4f3f376599504fd873d6.jpg
130965,158,【人间】盘点那些无关爱情且宁静温柔的段落句子 | 这只是一个让你安静的视频,2020-05-14 18:59:16,"BGM : 流星

这仅仅只是一个能让你得到些许安静的视频。

公ZH同名，还是要推荐一下的。 嗯就这样了。 如果能给个三连那就更好了。。",https://www.bilibili.com/video/BV1AV411C7Av,http://i0.hdslb.com/bfs/archive/bc1c30574797462e5ffb38d2ce381b04ca4d5ac7.jpg
81440,312,【成人世界的悲哀】那些你希望看不懂的句子段落 | 这不是你期待已久的长大吗？,2020-05-12 17:13:51,"BGM Experience

 公ZH推荐一下，同名。偶尔发些句子文章。就这样啦。",https://www.bilibili.com/video/BV1gz4y1d7Br,http://i0.hdslb.com/bfs/archive/5e7133c47ea3dd821ff6cfb2af9648ef6beb0fbc.jpg
31533,135,【娱乐向】文学作品中那些隐晦开车的桥段 | 这不是去幼儿园的车，放我下来。,2020-05-10 15:12:05,"BGM ;Tu Vuo' Fa' L'americano

上班去了 赶紧发啦。",https://www.bilibili.com/video/BV1Wt4y117R6,http://i2.hdslb.com/bfs/archive/09f5121856f61882733d14429e0c5e01b8fef017.jpg
29316,209,【情话配音】如果你有一群声音好听的女朋友是什么体验？ | 一品文摘,2020-05-06 16:54:02,"BGM:所念皆星河


感谢群里与B站的各位小姐姐们（邮件太多太多了，没选上不是不好听哈， 是我保存下来了，留着下次用。）

求个三连吧，看看咋样。

没配音版的没弄，句子太少， 直接抄吧伙计们",https://www.bilibili.com/video/BV1Dg4y1q7kL,http://i0.hdslb.com/bfs/archive/a296d8607059d48a3d44c71b433223c429d34288.jpg
35962,271,【告白配音】当你有一群声音好听的男朋友是一种什么体验？,2020-05-04 12:47:32,"BGM:蝉鸣半夏

第二句 钟形花,果榛实 也有说 钟形花,黑榛实

感谢群里与B站的各位大佬（君不见，龙腾，伊卡，咱是nihilism，溪秩啊，乱来仕长）

求个三连吧，看看咋样，行的话，就做女生的。

没配音版的没弄，句子太少， 直接抄吧伙计们
（告白专用，直接转发就成）",https://www.bilibili.com/video/BV1Ep4y1971e,http://i0.hdslb.com/bfs/archive/df8fa0bbefef383194769b0301495e75e1e46a77.jpg
103183,217,【小句集】从字里行间里溢出来的悲伤 | 我一个人，怀念我们仨。,2020-04-30 17:15:26,"BGM ：Autumn Journey
素材：网络/.Beakvole

作者：一个爱吃的猪（bilibili/公Z号）
（会偶尔有一些小活动， 各位写过的小段故事在V里也可以发给我）",https://www.bilibili.com/video/BV1Xk4y1r7ui,http://i1.hdslb.com/bfs/archive/4683f095b37a52d7b5949a13f0d80dc35b2be4e8.jpg
75898,205,【古今狂词】盘点古今文坛里气贯长虹的诗词句子|五期,2020-04-28 17:22:19,BGM 雪中悍刀行纯音版,https://www.bilibili.com/video/BV1oK411V7qd,http://i0.hdslb.com/bfs/archive/77f9f6eb4935dfdcf4f4471ae50231a265b73020.jpg
95003,149,盘点那些冷门且意境极美的成语句子 | 知识累计,2020-04-24 17:37:37,"BGM ：月出（乐器版）
素材：网络/.Beak

作者：一个爱吃的猪（bilibili/公Z号）",https://www.bilibili.com/video/BV15Q4y1N76T,http://i1.hdslb.com/bfs/archive/f429fba6fc8002765f1992e38f46be57cba3545e.jpg
268296,355,【字里行间】“短短八个字，便可道尽人生”| 八字句,2020-04-20 17:54:53,"BGM ：落叶荒寺
素材：网络/.Beakvole

作者：一个爱吃的猪（bilibili/公Z号） 
回头把我写的小书给你们瞧瞧，有点不好意思拿出来。

BGM :落叶荒寺",https://www.bilibili.com/video/BV1Cg4y187Yg,http://i0.hdslb.com/bfs/archive/2ac6986dd4a1a5764e1480add69bc37341416cdf.jpg
362415,372,【损人的艺术】盘点那些放飞自我的文学大家们,2020-04-18 14:29:42,BGM 点星,https://www.bilibili.com/video/BV1Ka4y147X6,http://i1.hdslb.com/bfs/archive/e2fcb653480c4e1798013c59630d6b7477a221c0.jpg
103231,265,"【读书等身】爱情的高级表达方式 | 把宇宙缩减到一个人,把唯一的一个人扩张到上帝。",2020-04-17 12:00:02,"BGM 一天一天 

各位有些投稿我保存起来了。太多了，我就选了三个。。回头专门做一个哈。",https://www.bilibili.com/video/BV12Q4y1K7cM,http://i2.hdslb.com/bfs/archive/992c69da107c83078bbc8b345144fbeca75dc1a4.jpg
68199,377,【描绘死亡】对于死亡的认知和描写|句子集,2020-04-12 12:35:29,BGM 古奈纯钢琴版,https://www.bilibili.com/video/BV1iQ4y1K7s1,http://i0.hdslb.com/bfs/archive/642be26bd5e89144b282bbae8a91817225610acb.jpg
43557,168,盘点佛经里那些优美且极具禅意的诗词及句子 | 万古长空，一朝风月,2020-04-10 17:46:51,BGM 折柳,https://www.bilibili.com/video/BV1UQ4y1M7Xt,http://i1.hdslb.com/bfs/archive/8649e2e3f0ffb4431645f3254cf5c6dccab1f7e0.jpg
41643,137,盘点那些让人叹为观止的文学段落及句子|收藏向,2020-04-08 20:18:18,BGM Sally Gardens,https://www.bilibili.com/video/BV1Wi4y187UN,http://i1.hdslb.com/bfs/archive/14f7c25162a6fc7106d90549b171832e5f58bcba.jpg
66634,233,盘点那些文坛大手们笔下的“孤独”| 用文字描绘孤独,2020-04-06 16:16:27,BGM Mirror Lake,https://www.bilibili.com/video/BV1i5411t7Za,http://i2.hdslb.com/bfs/archive/4701d1cbfea4af2882bfb4036bde4fc397f73663.jpg
226146,368,盘点那些文豪们出神入化的人物描写|字里见画,2020-04-03 19:35:12,"BGM 抱歉我又忘了。。。

我去瞅瞅 能找到就发哈。。。",https://www.bilibili.com/video/BV15K411L7Tq,http://i0.hdslb.com/bfs/archive/5e17dd3ef380797b53ec949f7b39e3182074b2d5.jpg
1033005,2244,盘点那些疯狂加速的文豪们 | 在不知不觉中已经坐上了火箭,2020-03-28 15:00:33,BGM Looking with Cely,https://www.bilibili.com/video/BV1pi4y1b7oa,http://i2.hdslb.com/bfs/archive/e28974802480efbcc4406c86b53436f369aad597.jpg
93324,310,"盘点那些极具江湖味道的古今诗词 | 问英雄,谁是英雄？",2020-03-24 20:44:41,BGM 陆:皓水莫负,https://www.bilibili.com/video/BV1u7411U7H4,http://i1.hdslb.com/bfs/archive/b5bc56f5289f99866d35696f354761a5f1573494.jpg
214307,314,盘点那些美到窒息的英文句子 | 句子集,2020-03-20 17:00:41,BGM 啥来着。。 我给忘了。 前面是谷雨,https://www.bilibili.com/video/BV1e7411R7pM,http://i1.hdslb.com/bfs/archive/7c25e93f764fe09b1ee77bcce4b6c9e7d9ec371a.jpg
64638,298,从字里行间里感受“让人沦陷的温柔”| 句子集。,2020-03-15 19:02:52,"BGM 花火が瞬く夜に 
（爱死这BGM了）",https://www.bilibili.com/video/BV1iE411V7BX,http://i1.hdslb.com/bfs/archive/86ca73675af757c28f01149b34f9c040d20d6cf5.jpg
42271,185,盘点那些日本独有特色的“诗歌”| 跟我们究竟有何不同？,2020-03-13 16:00:31,"BGM めぐる夏の便り  
日语原句都是网上找的， 如果不对欢迎指正。
里面包含了日本古典诗歌的短歌、俳句等
基本都是我看起来很舒服的。",https://www.bilibili.com/video/BV1EE411j7SA,http://i1.hdslb.com/bfs/archive/aedbcb04c784193605286d06d3553830355e43da.jpg
47744,254,盘点那些从诗词句子里提炼出的情侣名字 | 何处合成愁/离人心上秋。,2020-03-11 17:07:42,BGM 花火の绚,https://www.bilibili.com/video/BV1AE411K7bo,http://i0.hdslb.com/bfs/archive/808ebee40508f8a6350ece86a70702a059118611.jpg
33557,182,盘点那些足以支撑你走下去的句子 | 用树木接触星辰。,2020-03-07 16:00:37,BGM Letter,https://www.bilibili.com/video/BV1WE411s7Sn,http://i0.hdslb.com/bfs/archive/d93f4b0869b5fe8298c636af7923088677dd18be.jpg
40658,182,盘点那些网络上让你“茅塞顿开”的精品毒鸡汤 |句子集,2020-03-03 16:00:08,BGM 点星,https://www.bilibili.com/video/BV1RE411j7ke,http://i0.hdslb.com/bfs/archive/040445df042ecef43c3de14b45889923d9c48dab.jpg
166600,375,从字里行间里感受“小情感”| 私人珍藏版句子集,2020-02-26 16:30:58,BGM 淮古遗殇,https://www.bilibili.com/video/BV1K7411M7QF,http://i2.hdslb.com/bfs/archive/8e813f80398273d7a8beb8725cdf2c380090b3b3.jpg
59402,1188,up赴一线，暂缓更新，聊一聊|祝平安【抗疫日记】,2020-02-10 16:57:51,-,https://www.bilibili.com/video/BV1U741147DR,http://i0.hdslb.com/bfs/archive/f73e5d7d6380022def57c4df4207ece24bfacc76.jpg
64768,500,盘点那些前后不相关的诗句，混搭而成的诗词 | 娱乐向，发挥你的想象力。,2020-01-28 15:17:25,"BGM 初夏雨后

来源于网络",https://www.bilibili.com/video/BV1h7411r79m,http://i0.hdslb.com/bfs/archive/649438c74e1dcdb5c6c38b28db823682b9fd050f.jpg
188324,434,盘点那些古代最美的情诗/诗词（一）| 有哪些情诗让你印象极为深刻。,2020-01-26 17:10:52,,https://www.bilibili.com/video/BV127411k7qs,http://i2.hdslb.com/bfs/archive/b9b2f405b96ec1f0bcad82bd6f45a389d5db184e.jpg
813004,1950,盘点那些诗词所蕴含的情侣网名（代称）| 早晚能用到的一些东西,2020-01-24 14:43:40,"BGM 烟花落
纯属娱乐
大多来自于网络，个别我自己以前攒下来的",https://www.bilibili.com/video/BV1N7411Y7MS,http://i2.hdslb.com/bfs/archive/7fb101efa3cff366d8ee54e2c2d8caaf6edc4e02.jpg
1089946,4465,盘点那些诗词所蕴含的绝美姓名（男）|我想改名字了,2020-01-20 17:09:07,BGM 墨雨,https://www.bilibili.com/video/BV1i7411v7Nw,http://i1.hdslb.com/bfs/archive/a216632cac5eaf53ad7b81555629a2a148c87e4f.jpg
61080,130,盘点那些最为触动人心的网易云评论|你收藏过哪些评论？,2020-01-18 18:46:00,BGM 花言叶,https://www.bilibili.com/video/BV1f7411i7Zv,http://i0.hdslb.com/bfs/archive/958045718c79645724ecdba1a2834a11b5199015.jpg
48323,138,盘点那些关于雪的绝美诗词 | 关于雪，你印象最深的句子诗词是什么？,2020-01-16 17:26:16,BGM 千年一叹,https://www.bilibili.com/video/BV16J41177pw,http://i2.hdslb.com/bfs/archive/f0946815b3fff282a72f11a9e121b6ecb3b59a4c.jpg
144927,227,从字里行间感受“中国男子之美”（二期）| 男人们的浪漫，句子诗集。,2020-01-12 17:14:38,BGM 别君赋,https://www.bilibili.com/video/BV13J411n76i,http://i1.hdslb.com/bfs/archive/853d9957c0573728a9d39ca0bab74d15de5505ab.jpg
600205,2498,中国古代诗词里蕴含的“绝美名字”（女）|中国独有的起名方式,2020-01-10 17:07:13,"BGM 落微 

素材来源网络，还有几个自己以前收藏的。",https://www.bilibili.com/video/BV1nJ411V7eb,http://i2.hdslb.com/bfs/archive/c8f33883c4246b79eeb599ea56b4bc943ae75178.jpg
63061,156,盘点那些仅仅看文字就让人感到窒息的句子| 当爱渐渐死去，人心不过是活着的墓穴。,2020-01-07 16:30:55,BGM もののけ姫,https://www.bilibili.com/video/BV12J411V7Ee,http://i1.hdslb.com/bfs/archive/7292ad1706d15997521c4c9939a6a8a9df7c0412.jpg
287482,1474,盘点那些多数人仅仅知晓一半的句子诗词|岁月不饶人，  我亦未曾饶过岁月。,2020-01-04 17:09:13,BGM 千灯引,https://www.bilibili.com/video/BV1nJ41177yV,http://i1.hdslb.com/bfs/archive/0c79037b6917f6c7c5b5160034592323c628500a.jpg
92647,183,如何文艺的表达“俺爱你，俺想见你”| 双木非林 田下有心,2019-12-31 17:22:04,BGM 初夏雨後,https://www.bilibili.com/video/BV1YJ411h7gB,http://i2.hdslb.com/bfs/archive/d7456426f7bc439d54de61158b44551861d86c8c.jpg
74769,598,盘点那些可以让人陷入思考的句子|我们的社会为什么不接受同性恋？,2019-12-29 14:01:09,BGM 三葉のテーマ,https://www.bilibili.com/video/BV1sJ411a767,http://i1.hdslb.com/bfs/archive/74e3b30adc9b83b6ae5d3af02b192ba114c7fdf8.jpg
284501,153,盘点那些与众不同的新年祝福|祝愿你们在未来长歌有和，独行有灯，句子集。,2019-12-27 16:35:20,BGM 夏に花が散る,https://www.bilibili.com/video/BV1zJ411Y7nV,http://i2.hdslb.com/bfs/archive/5e74960399065af20b3537bdf7628449b46cffee.jpg
67639,247,盘点英雄联盟里那些触动人心的台词及句子|你未曾见过的另一面,2019-12-25 18:03:15,BGM Nuvole Bianche,https://www.bilibili.com/video/BV1rJ411W7Tx,http://i1.hdslb.com/bfs/archive/ecd4ae5bafb3189f139a9958647c5eca65e2001a.jpg
148975,364,盘点那个美到极致神级翻译|用中文赋予其灵魂，句子集。,2019-12-23 16:45:52,BGM 雲流れ,https://www.bilibili.com/video/BV1FJ411x7Nq,http://i1.hdslb.com/bfs/archive/2db987dec4e8b9661d503e531b09df2696b308ad.jpg
538882,645,什么是正确的“喷人”姿势 | 文豪们的“闲情雅致”句子诗词合集,2019-12-20 16:55:14,BGM 点星,https://www.bilibili.com/video/BV1BJ411x7yC,http://i0.hdslb.com/bfs/archive/9eb6d90b081b05ca02b6e16f046717f053edb99b.jpg
367087,781,盘点那些让人血脉喷张，张狂豪放的古今诗词|祝大家都能得偿所愿,2019-12-19 16:41:06,BGM 雪见-仙凡之旅,https://www.bilibili.com/video/BV1eJ411t78f,http://i0.hdslb.com/bfs/archive/dfbdca9271e0542ddfc2a07f4bbb694acb4d4d98.jpg
620387,767,盘点那些足以支撑你走很远的句子 | 预祝考研胜利。,2019-12-17 19:04:59,BGM Illusionary Daytime,https://www.bilibili.com/video/BV1KJ411r73s,http://i0.hdslb.com/bfs/archive/09f0074f07f95b7b06d20337b9a5edbd47da732d.jpg
165013,183,从字里行间里感受神仙的爱情 | 这些不言情，而情自深的句子。,2019-12-15 13:00:28,BGM 夢桜,https://www.bilibili.com/video/BV1jJ411k7qB,http://i0.hdslb.com/bfs/archive/be2cdf4583a00303e0530357c932914c9c459a57.jpg
79001,137,古代美女之雅称| 到底怎样的绝色才能配上如此称呼。,2019-12-14 19:15:25,BGM 梁间燕,https://www.bilibili.com/video/BV11J411r7ow,http://i2.hdslb.com/bfs/archive/b298fbccb05b899b7ddad8cd9cdaa62005306dc5.jpg
73161,177,从字里行间里感受今日之中国 | 空一座城，等三十万亡魂,2019-12-13 16:10:53,BGM  Empire of Angels,https://www.bilibili.com/video/BV1hJ411C7kt,http://i0.hdslb.com/bfs/archive/ed865b86b9ed082f7c875f62afcd1ee0798e20f9.jpg
100536,216,从字里行间里感受爱情|动漫里酸死人的情侣们，动漫篇。,2019-12-07 14:36:27,BGM 夏恋,https://www.bilibili.com/video/BV1jJ411q75T,http://i2.hdslb.com/bfs/archive/76c43dd108f53fb91883bc8ed39e0daf32523594.jpg
88487,265,从字里行间里看人生 | 未知苦处，不信神佛。,2019-12-06 16:00:59,BGM Bamboo,https://www.bilibili.com/video/BV1oJ411v7mD,http://i1.hdslb.com/bfs/archive/939b3ba57a0fb54961fd551d50c1b33f9d2ee1a8.jpg
36319,102,从字里行间里感受“霸道”| 问苍茫大地，谁主沉浮。,2019-12-03 16:45:13,BGM 雪见—仙凡之旅,https://www.bilibili.com/video/BV1vJ411q7jL,http://i0.hdslb.com/bfs/archive/5a464de523cdd9a14149c98643155b711533bc0d.jpg
3209767,1980,从字里行间里感受爱情|无一爱字却句句含情。,2019-12-01 15:46:47,BGM 儿时夏日,https://www.bilibili.com/video/BV1wJ411z7Ax,http://i1.hdslb.com/bfs/archive/9e2d2872cc4bc7ca3067a325d0215cf2ee273cbf.jpg
97696,172,从字里行间感受世间悲凉|我有一瓢酒，可以慰风尘。,2019-11-29 15:58:02,BGM 雨碎江南.印象,https://www.bilibili.com/video/BV1NJ411Q7er,http://i0.hdslb.com/bfs/archive/78ffac9b9078b3388b0768745aeb9e47f503b511.jpg
251884,408,"从字里行间感受人间凄凉|你心里有场海啸,可你静静地,没有让任何人知道。",2019-11-27 16:09:29,BGM Fell for U,https://www.bilibili.com/video/BV1QJ411X7Ag,http://i0.hdslb.com/bfs/archive/0690220615f53a4ede0402e804174d172cd2bdba.jpg
178640,349,从字里行间感受女性之美|形容其花容月貌的古今诗词,2019-11-24 15:32:43,BGM 落微,https://www.bilibili.com/video/BV1iJ41197gi,http://i0.hdslb.com/bfs/archive/eb23a9ec99aeb1d8daf032eaaa54785e64b64f05.jpg
817656,1945,中国男性之美,2019-11-23 12:00:58,BGM 乘风恋 小旭音乐,https://www.bilibili.com/video/BV1YJ411d7k5,http://i2.hdslb.com/bfs/archive/41faa494f42fc8b61b89d7f80c00591a49585d8b.jpg
233250,403,【刺激心灵】那些让人一眼泪目的话，那些经典或致郁的句子文摘|,2019-11-17 13:56:36,BGM Mirror Lake,https://www.bilibili.com/video/BV1JJ411S7Be,http://i0.hdslb.com/bfs/archive/f4ebe26b6bfba2640a0b6133f28ff537fb654fdf.jpg
73454,314,【古今狂词】盘点那些古今文坛气吞山河的诗句或句子|第四期,2019-11-15 13:45:41,BGM 别君赋,https://www.bilibili.com/video/BV1rJ411D7Bu,http://i2.hdslb.com/bfs/archive/ccbf3acf1860984c55c07268e3688b5488cd80de.jpg
58627,132,【人间诗词】盘点那些古今文坛令人惊艳的句子及诗词。,2019-11-11 18:07:42,"BGM  我忘了。。 之前做的视频 找了半小时没找到。。

 有知道的朋友给说一下。 谢谢 我在找找看看 开头是谷雨",https://www.bilibili.com/video/BV1ME411e7Hy,http://i1.hdslb.com/bfs/archive/f63503bf69b21118cb23b9ddfd60b6f86722a1ab.jpg
35936,136,【入骨相思】盘点那些不言情而情自深的句子及诗词。,2019-11-09 14:12:54,开头谷雨  BGM 花火が瞬く夜に,https://www.bilibili.com/video/BV1VE411v7x8,http://i0.hdslb.com/bfs/archive/7928132cb5a9bc1f8de1ceeca3570826dd1dfd73.jpg
247937,439,【终其一生】盘点历史上那些令人动容的遗书、绝命词。,2019-11-07 16:39:22,BGM 星屑,https://www.bilibili.com/video/BV1oE411i7q8,http://i1.hdslb.com/bfs/archive/77a07671a1cf04d6857cf17d98423ad22e309059.jpg
25530,280,古 代 各 省 雅 致 有 韵 味 的 地 名,2019-11-03 15:13:03,BGM 江上清风游,https://www.bilibili.com/video/BV1TE411b77g,http://i0.hdslb.com/bfs/archive/f2dfe11aea6092cc427ad41cdcacb64af4e61993.jpg
67375,130,【金庸】那些让人一眼泪目的话，那些经典或致郁的句子文摘。,2019-11-01 18:30:10,BGM 万代.传承,https://www.bilibili.com/video/BV1eE41187QG,http://i1.hdslb.com/bfs/archive/7b143380cb28fe1d9019b7f4b86c878a5060b7aa.jpg
115432,315,【纳兰容若】那些让人一眼泪目的话，那些经典或致郁的句子文摘。,2019-10-30 17:00:31,BGM  不染 古筝版,https://www.bilibili.com/video/BV1ME411a7cm,http://i2.hdslb.com/bfs/archive/aa8ebeb1511d398cfb44b1c5486b2577ecb154c3.jpg
27156,165,【飞花令|以月为名】盘点那些古今文坛中含月的诗句或句子。,2019-10-24 17:30:08,BGM 人闲桂花静,https://www.bilibili.com/video/BV1qE411y7Mz,http://i1.hdslb.com/bfs/archive/7b2a5760e105616c2354ee259081bb33820923d5.jpg
31214,124,【剑来|烽火戏诸侯】天下有我齐静春。 天下快哉。,2019-10-22 18:44:11,BGM 雪中悍刀行-纯音版,https://www.bilibili.com/video/BV1eE41127me,http://i2.hdslb.com/bfs/archive/16f98bfc963c00ceeade837d500d81e8cb66d674.jpg
36470,76,【骨肉至亲】总会有哪一刻让你泪流满面，无法忘怀|句子集,2019-10-18 15:24:39,BGM Winter Story,https://www.bilibili.com/video/BV1QE411r7UT,http://i1.hdslb.com/bfs/archive/67a7827a2407f5b8cbbb2e294a423021b4e15a39.jpg
568898,537,【村上春树】那些让人一眼泪目的话，那些经典或致郁的句子文摘。,2019-10-13 20:57:30,BGM Sally Gardens,https://www.bilibili.com/video/BV1nE411d77k,http://i1.hdslb.com/bfs/archive/de3c14d4b2c0295735ccf4bec9ef003f4607e95b.jpg
70986,287,【古今狂词】盘点那些古今文坛气吞山河的诗句或句子|第三期,2019-10-09 18:49:09,BGM 千灯引,https://www.bilibili.com/video/BV1pE411f7RV,http://i0.hdslb.com/bfs/archive/28ba3a14233e1e23de6cb22f320a2d5b6cdebf0e.jpg
29433,253,【泪点话题】在哪个瞬间让你突然感觉自己长大了？,2019-10-06 14:10:59,BGM 雲流れ,https://www.bilibili.com/video/BV17J411F7Tz,http://i2.hdslb.com/bfs/archive/2433307a26af697e727b43233a3790810f19cbaa.jpg
40252,159,「 天 下 神 兵 」古 代 名 刀 大 全,2019-10-02 16:25:36,BGM 鸿迹 开头 谷雨,https://www.bilibili.com/video/BV1cE411Q7Nu,http://i1.hdslb.com/bfs/archive/3bea9ad6a30c2afed0da561d97042e3cc9a31382.jpg
18730,328,【十月词话】我想成为一个对他人痛苦有更多想象力的人。,2019-09-30 21:35:42,"BGM  额(⊙o⊙)…忘了  
回去以后搜索一下再发出来。",https://www.bilibili.com/video/BV1hE411X72U,http://i1.hdslb.com/bfs/archive/08cc7f93be36bcad70860ae2879a5c75c5893368.jpg
45996,250,【谪仙人|李白】盘点那些千古流传的诗词句子。,2019-09-28 17:17:11,,https://www.bilibili.com/video/BV1KE411R7MK,http://i2.hdslb.com/bfs/archive/eb7d526e47449d3e09ef9663d4081b0888fe525e.jpg
169085,220,【飞花令|国字当头】盘点那些古今文坛气吞山河的诗句或句子。,2019-09-27 19:12:26,BGM 别君赋,https://www.bilibili.com/video/BV12J411T7Ra,http://i2.hdslb.com/bfs/archive/a985c42d880386bf8f25b8f5f9f816498026f921.jpg
135135,234,【海子】那些让我们沉醉的诗词句子|春暖花开,2019-09-24 19:12:46,"BGM 我给忘了 。。之前做的视频 回头去查查 头疼不查了这次

开头是谷雨",https://www.bilibili.com/video/BV1PJ411u7mK,http://i0.hdslb.com/bfs/archive/c99f120e7830f131031ed03022be14d318af549c.jpg
16744,62,【收藏向】盘点那些让人难以忘怀的经典台词|第一期,2019-09-24 16:31:50,BGM What I Feel When I See Her,https://www.bilibili.com/video/BV1UJ411M7C5,http://i0.hdslb.com/bfs/archive/6d8689f72d84491e3138c6c41d1f54f295f1f356.jpg
126914,215,【仓央嘉措】那些让我们沉醉的诗词句子|凡世尘莲,2019-09-22 12:28:16,BGM Fell for U 开头谷雨,https://www.bilibili.com/video/BV1jJ411g7Wd,http://i1.hdslb.com/bfs/archive/cabb04a504ce3782544be6272559496a08913950.jpg
656898,1455,【古今狂词】盘点那些古今文坛气吞山河的诗句或句子。,2019-09-20 14:08:01,BGM 别君赋,https://www.bilibili.com/video/BV1QJ41137zW,http://i2.hdslb.com/bfs/archive/1c54a508b60f84077e5e9103247459775a3ca390.jpg
32776,216,【诸子圣人】中国历史上公认的圣人|以圣为名,2019-09-16 19:51:18,"BGM 万代.传承    开头 谷雨
素材来源于网络，违删。",https://www.bilibili.com/video/BV1kJ411c7mL,http://i0.hdslb.com/bfs/archive/fef1506e0de8583a0bede78dbbedaea4aec209dc.jpg
26168,86,【人间绝句|中秋词】盘点那些美到极致便是愁的诗句诗词|第七期,2019-09-13 14:37:20,BGM 雨碎江南,https://www.bilibili.com/video/BV1MJ411N7Q3,http://i1.hdslb.com/bfs/archive/b5a6375386c8b83a7b44fed8d496828f19388c5b.jpg
30783,87,【山海经】盘点你所不知道的上古四凶及上古异兽|第一期,2019-09-12 16:25:02,"开头BGM 谷雨 
BGM 人闲桂花静
素材均来自于网络，违联系。",https://www.bilibili.com/video/BV1sJ411P7nE,http://i1.hdslb.com/bfs/archive/701cf1d3a5222eef446967be53ca1edae6e9f38b.jpg
47695,177,【相思入骨】盘点那些古今关乎爱情的诗句或句子。,2019-09-08 21:25:09,BGM 雨碎江南.印象,https://www.bilibili.com/video/BV114411C7F6,http://i1.hdslb.com/bfs/archive/f6084ca3276033ba33b30201ae4fb306e176b0eb.jpg
28660,81,【和式物语】盘点那些温柔如风的诗句或句子|日向。,2019-09-07 19:58:08,BGM めぐる夏の便り,https://www.bilibili.com/video/BV1F4411C76r,http://i2.hdslb.com/bfs/archive/b762194487cd34a252e638ee62101c1029a526f5.jpg
28576,248,【治愈向】献给一位抑郁的B站朋友，那些让我们泪目的句子，希望能给你力量。,2019-09-03 17:02:17,BGM  城南以花开,https://www.bilibili.com/video/BV1K441127xg,http://i1.hdslb.com/bfs/archive/6e27e4210d449bb551482a723d65bb0bc198722d.jpg
29208,183,【负能量】抑郁自白片段，不喜勿看。,2019-09-02 14:13:59,"BGM 你再也读不出我任何欲望、
素材来自网络，侵权联系删除。
大部分来自知乎。
不喜勿看。 负能量太多。",https://www.bilibili.com/video/BV1E44111786,http://i2.hdslb.com/bfs/archive/5d4adfc4bf0729b677d0c098562d2cd88e4381d7.jpg
109625,198,【人间绝句】盘点那些震古烁今的人间诗句|第四期,2019-08-31 17:28:35,BGM 雨碎江南.印象,https://www.bilibili.com/video/BV1A4411m7EG,http://i1.hdslb.com/bfs/archive/f64b4ecac5455177c851904c942916ad0111af0b.jpg
32351,147,【人间绝句】盘点那些震古烁今的人间诗句|第三期,2019-08-29 13:16:03,BGM 千年一叹,https://www.bilibili.com/video/BV1p4411q7wm,http://i2.hdslb.com/bfs/archive/e6037a6cb25bf57a247a1218c0d65a7950d981f9.jpg
50557,246,【千古一帝】盘点每个朝代的古代帝王|中国四大盛世-汉朝,2019-08-27 14:37:38,"BGM 鸿影
素材均来自于网络。",https://www.bilibili.com/video/BV144411B7qf,http://i2.hdslb.com/bfs/archive/8d6cd089d18119566dc42d221581d40443b0ae04.jpg
67302,436,【人间绝句】盘点那些震古烁今的人间诗句|第二期,2019-08-25 14:31:39,BGM 江上清风游,https://www.bilibili.com/video/BV174411k7f6,http://i0.hdslb.com/bfs/archive/ca7ea661fb84bad31e98fb257b4ddc0539599ba9.jpg
2690802,8080,【人间绝句】盘点那些震古烁今的人间诗句。,2019-08-23 16:07:41,BGM 荀彧,https://www.bilibili.com/video/BV1s4411R74K,http://i1.hdslb.com/bfs/archive/57ab7801ed93f7b8e16d95910fcd6daa3134ee3c.jpg
29776,186,【前方高能】盘点那些细想以后背脊发凉的恐怖故事...,2019-08-20 16:58:30,"BGM still doll
背景 Wallpaper Engine 
求三连。",https://www.bilibili.com/video/BV1m4411R7ZZ,http://i0.hdslb.com/bfs/archive/7e96377b3b9734981b16245ecace18d6dfb2144b.jpg
310198,1065,【前方高能】盘点那些让人不寒而栗的童谣...不要想不要问。,2019-08-18 21:05:22,BGM Main Titles,https://www.bilibili.com/video/BV1V4411o7Bf,http://i1.hdslb.com/bfs/archive/83069153b10f17ee31c4cc06d491aa9146c0037d.jpg
27601,186,【全职高手】那些让人一眼泪目的话，那些经典或致郁的句子文摘。,2019-08-17 14:43:30,BGM 烟火焚（inst.）,https://www.bilibili.com/video/BV1F4411f7rT,http://i0.hdslb.com/bfs/archive/c2066a0abe0b979c3696fed5eefeb4e0928a7d68.jpg
49330,170,【王小波】那些让人一眼泪目的话，那些经典或致郁的句子文摘。,2019-08-13 13:33:49,BGM 夏に花が散る,https://www.bilibili.com/video/BV1p4411S78S,http://i0.hdslb.com/bfs/archive/c061d735fc9514a3e186ea28bc716f76f3bef7f6.jpg
10950,38,【bilibili网友配音】（第二期）那些经典或致郁的句子文摘，感受文字的力量。,2019-08-11 20:33:17,BGM Mirror Lake,https://www.bilibili.com/video/BV1S4411D7Nj,http://i2.hdslb.com/bfs/archive/0c8b76b2204697c226248c7948f2e22de9b7aaee.jpg
33767,223,【七夕告白篇】盘点那些100%告白成功的句子诗词第三期。在成不了就去吃狗粮吧。,2019-08-06 14:10:35,BGM 儿时夏日,https://www.bilibili.com/video/BV18t411K76J,http://i2.hdslb.com/bfs/archive/0e897d508c26b65d27d421e060df3579ec54b53d.jpg
22218,169,【七夕节专辑】盘点那些100%分手成功的句子诗词。,2019-08-03 16:31:41,BGM 夢桜,https://www.bilibili.com/video/BV1Xt411u7mk,http://i2.hdslb.com/bfs/archive/fb1508461e6345f51f263f0677d610f5ec9be838.jpg
31159,148,【负能量】极度致郁第三期，那些让人一眼泪目的话，那些经典或致郁的句子书摘。,2019-08-01 16:26:41,BGM もののけ姫,https://www.bilibili.com/video/BV1Gt411F7ez,http://i0.hdslb.com/bfs/archive/61ccc135b0a964f1b300daae985afe5cbeff0c7c.jpg
20217,57,【解忧杂货店】那些让人一眼泪目的话，那些经典或致郁的句子文摘。,2019-07-30 19:49:17,BGM 三葉のテーマ,https://www.bilibili.com/video/BV1at411c7md,http://i1.hdslb.com/bfs/archive/e43faa4732a5c055fa537488b72844bad8819a4e.jpg
165201,358,【情话专辑】盘点暖炸你的句子，告白专用。,2019-07-29 19:19:48,BGM 夏の喚く,https://www.bilibili.com/video/BV17t411A7PC,http://i0.hdslb.com/bfs/archive/6e8fe1c445120c8292a4e595aca323f1e25a1c14.jpg
102699,530,【鲁迅】那些让人一眼泪目的话，那些经典或致郁的句子文摘。,2019-07-26 18:37:26,BGM light,https://www.bilibili.com/video/BV1Dt411A7Cm,http://i2.hdslb.com/bfs/archive/357130c4db72618219fac34fcac9ddd1c21534d3.jpg
39234,217,【九州缥缈录】那些让人一眼泪目的话，那些经典或致郁的句子文摘。,2019-07-26 16:27:26,BGN  千灯引,https://www.bilibili.com/video/BV1Ct411A7fu,http://i0.hdslb.com/bfs/archive/0b381e3c0841541422951228bfee714c4bce988f.jpg
12132,54,【吐槽小说】盘点一下那些让我们笑成沙雕的小说片段。,2019-07-25 15:11:24,新人UP求宽容求对待。,https://www.bilibili.com/video/BV1gt411j7eU,http://i1.hdslb.com/bfs/archive/111b6d431572b1ba8bf62500a04f89ce7d22189e.jpg
23529,196,【热血向】盘点那些震得你头皮发麻句子。战争向,2019-07-24 15:39:38,BGM Empire Of Angels,https://www.bilibili.com/video/BV1Jt411E7FL,http://i2.hdslb.com/bfs/archive/080b7270df097f0308bfe2378cdd7c72f25b6f37.jpg
139606,1294,【刺激心灵】盘点那些震得你头皮发麻的句子，给你从未有过的全新体验。,2019-07-22 21:21:03,BGM点星,https://www.bilibili.com/video/BV1ut41177np,http://i1.hdslb.com/bfs/archive/07c45b02f7de8bb3bb0e1ce4157a6a3b52bb90eb.jpg
122855,447,【告白专用】盘点那些100%告白成功的句子情诗。,2019-07-21 18:22:17,BGM 儿时的夏日,https://www.bilibili.com/video/BV1ct411J7eb,http://i1.hdslb.com/bfs/archive/03ce5d0eb9a1ab7d68c1e466414b81b02e85ee6c.jpg
27619,49,【撒野】那些让人一眼泪目的话，那些经典或致郁的句子文摘。,2019-07-21 17:09:45,BGM 本当の優しさとは…,https://www.bilibili.com/video/BV1dt411E7dQ,http://i1.hdslb.com/bfs/archive/222130dbd73a12f39d9d9baf4edc2cd1df2b6867.jpg
26966,32,【飞鸟集】书籍指南针/那些让人一眼泪目的话，那些经典或致郁的句子文摘。,2019-07-18 19:59:47,求个三连咯。,https://www.bilibili.com/video/BV1Jt41137p9,http://i0.hdslb.com/bfs/archive/0ebd40675f47f61eca3f01d1cca389bc603841c4.jpg
61071,326,【三体】书籍指南针/那些让人一眼泪目的话，那些经典或致郁的句子文摘。,2019-07-18 19:59:46,"BGM paragon
求三连。",https://www.bilibili.com/video/BV1Jt41137tt,http://i0.hdslb.com/bfs/archive/d07304d364c4fab6f5bc7db3077daf07b04ab4c8.jpg
25677,72,【励志向书摘】那些经典或致郁的句子书摘。,2019-07-16 19:23:42,BGM Fading,https://www.bilibili.com/video/BV1Jt411G7WX,http://i1.hdslb.com/bfs/archive/bfc53975fd7b0be652b8e0e1f5dd75afc0ee424c.jpg
58077,281,【龙族】第二期 那些让人一眼泪目的话，那些经典或致郁的句子文摘。,2019-07-14 21:47:05,求广大朋友要求在做一个这个。  基本没有重复的句子。  求个三连。,https://www.bilibili.com/video/BV1Tt41157qF,http://i0.hdslb.com/bfs/archive/b268c20695d78783a11d9aeb4329df05470ffe39.jpg
17218,108,【治郁向书摘】那些经典或致郁的句子书摘。（第二期）,2019-07-14 14:24:25,BGM Fading,https://www.bilibili.com/video/BV1Yt411V7kk,http://i0.hdslb.com/bfs/archive/a0c8955d9b2e7ea717d1e3f075d8e0dd2acf4d51.jpg
22901,53,【太宰治】那些让人一眼泪目的话，那些经典或致郁的句子文摘。,2019-07-13 19:04:37,"BGM 宗次郎,白鳥英美子 - もののけ姫",https://www.bilibili.com/video/BV17t411V77n,http://i0.hdslb.com/bfs/archive/f532a76adb2995b264d42cda82d319f3ac0c0311.jpg
139333,250,【王尔德】那些让人一眼泪目的话，那些经典或致郁的句子文摘。,2019-07-13 17:39:02,BGM Monda  求三连求关注。 么么打！,https://www.bilibili.com/video/BV15t411V7L9,http://i2.hdslb.com/bfs/archive/12c121a73b467e28e3e7a152c8b6fc93e5477a2d.jpg
15194,35,【背影】催泪向，关于亲情的那些让人一眼泪目的话，那些经典或致郁的句子书摘。,2019-07-12 14:52:12,BGM在右下角。,https://www.bilibili.com/video/BV1Mt411L78i,http://i0.hdslb.com/bfs/archive/7972ad5fda095f3006c9d7824890b4ca158d9b7d.jpg
70355,453,【负能量】极度致郁，那些让人一眼泪目的话，那些经典或致郁的句子书摘。,2019-07-12 10:37:34,bgm Mirror Lake,https://www.bilibili.com/video/BV1Qt41157KC,http://i0.hdslb.com/bfs/archive/ed686bb2a504feca9728f79e3f93dd757c15fe1b.jpg
39709,144,【雪中悍刀行-曹长卿】小说动漫里让人印象深刻的人物，那些经典或致郁的句子文摘。,2019-07-10 17:57:55,BGM 雪中悍刀行纯音版,https://www.bilibili.com/video/BV1Tx411f72Q,http://i0.hdslb.com/bfs/archive/c665cfa397f6c2875b46b3d0f18164f7679c613e.jpg
22676,68,【夏目漱石 】那些让人一眼泪目的话，那些经典或致郁的句子文摘。,2019-07-09 21:03:44,尝遍人间甘辛味，言外冷暖我自知。,https://www.bilibili.com/video/BV1yx411Z7dd,http://i1.hdslb.com/bfs/archive/87c35f1818ebc56dd032d5352ffa8aa05c3e2118.jpg
13126,58,【老九门】那些让人一眼泪目的话，那些经典或致郁的句子文摘。,2019-07-09 20:18:08,,https://www.bilibili.com/video/BV16x411Z79f,http://i1.hdslb.com/bfs/archive/28aa720ea342d2bd4ee7b19d11c13616971b3364.jpg
13833,69,【活着】那些让人一眼泪目的话，那些经典或致郁的句子文摘。,2019-07-07 20:49:41,突然想起来悟空传了。我活就要活出来个样,https://www.bilibili.com/video/BV1P4411F7ML,http://i0.hdslb.com/bfs/archive/3ca632413d4682785995f1914918c533a5d61e25.jpg
41447,314,【哑舍】那些让人一眼泪目的话，那些经典或致郁的句子文摘。,2019-07-07 20:43:40,"BGM Ludovico Einaudi - Experience
封面 背景STEAM上的 Wallpaper Engine 标签The Witcher 3 Toussaint",https://www.bilibili.com/video/BV1P4411F7AQ,http://i0.hdslb.com/bfs/archive/d8e376b6a70c5ec31cb37ed55104544402a9bfca.jpg
16785,49,【四月是你的谎言】那些让人一眼泪目的话，那些经典或致郁的句子文摘。,2019-07-07 14:38:38,用肝换三连咯,https://www.bilibili.com/video/BV174411w7nz,http://i1.hdslb.com/bfs/archive/061596a343a3da6689627415bded8d231993b343.jpg
14730,53,【村上春树】那些让人一眼泪目的话，那些经典或致郁的句子文摘。,2019-07-07 12:40:24,用肝换三连咯,https://www.bilibili.com/video/BV1E4411w7F7,http://i0.hdslb.com/bfs/archive/7778844ca8d0d93e53de2b56f3cbb1d21b59edf1.jpg
64782,176,【顾城】那些让人一眼泪目的话，那些经典或致郁的句子文摘。,2019-07-06 21:32:05,"BGM Solitude 

背景STEAM上的 Wallpaper Engine 标签千与千寻",https://www.bilibili.com/video/BV1K4411w7q9,http://i2.hdslb.com/bfs/archive/8275b442a2649861c4bedc8a3936b3103a3cabc6.jpg
9776,39,【有声文摘】B站网友有声文摘系列①那些让人一眼泪目的话。,2019-07-06 15:05:22,"BGM:忆夏思乡  投稿 915773429@qq.com 
背景STEAM上的 Wallpaper Engine 标签Watching the Universe",https://www.bilibili.com/video/BV1B4411c7Bi,http://i0.hdslb.com/bfs/archive/0c93f17336f7ae3d7dd8e661e8f17063651cdea0.jpg
38686,144,【魔道祖师】那些让人一眼泪目的话，那些经典或致郁的句子文摘。,2019-07-04 21:30:24,"BGM 江上清风游

背景STEAM上的 Wallpaper Engine 标签Norse Landscape",https://www.bilibili.com/video/BV1J4411A7eu,http://i2.hdslb.com/bfs/archive/ac3201281aed0b48591547da2ee15efe48220e24.jpg
27430,86,【张爱玲】那些让人一眼泪目的话，那些经典或致郁的句子文摘。,2019-07-04 13:27:36,"BGM:花言葉

背景STEAM上的 Wallpaper Engine 标签Fantasy World",https://www.bilibili.com/video/BV1c4411A7Fw,http://i1.hdslb.com/bfs/archive/84ba02a2d36ca3e5ac0defa27552c587e0b0855d.jpg
730542,1116,【尼采】那些让人一眼泪目的话，那些经典或致郁的句子文摘。,2019-07-03 18:42:47,背景STEAM上的 Wallpaper Engine 标签Mountain touching space,https://www.bilibili.com/video/BV114411w7Vj,http://i1.hdslb.com/bfs/archive/0a1311560e787fb5b4ce9c2e70ccd34745856f38.jpg
11889,107,【将夜】第二期那些让人一眼泪目的话，那些经典或致郁的句子文摘。,2019-07-03 16:28:16,BGM luv LETTER,https://www.bilibili.com/video/BV184411w7xk,http://i1.hdslb.com/bfs/archive/789866b0abf473ab36209be848388f00f9fc5e25.jpg
188070,342,【雪中悍刀行】第二期那些让人一眼泪目的话，那些经典或致郁的句子文摘。,2019-07-01 16:10:11,"BGM MY SUNSET
背景是 STEAM上的 Wallpaper Engine 标签Fantasy World",https://www.bilibili.com/video/BV1Hx411X766,http://i0.hdslb.com/bfs/archive/6f2db122783574c8fc887d2ebe06de9f4b5b55c5.jpg
53471,152,【南康白起】那些让人一眼泪目的话，那些经典或致郁的句子文摘。,2019-07-01 11:28:13,背景是 STEAM上的 Wallpaper Engine 标签Alone Together,https://www.bilibili.com/video/BV1Nx411X7sE,http://i0.hdslb.com/bfs/archive/10d94517a46b31591d99994dba00acdc6d414a0e.jpg
32124,405,【求魔】那些让人一眼泪目的话，那些经典或致郁的句子文摘。,2019-06-30 16:27:02,"BGM 夏に花が散る 羽肿

背景是 STEAM上的 Wallpaper Engine 标签Cthulhu awakens",https://www.bilibili.com/video/BV1bx411R7Qe,http://i0.hdslb.com/bfs/archive/98544fe69286152a345c5c95319d06c743714fde.jpg
2109496,4583,【剑来】那些让人一眼泪目的话，那些经典或致郁的句子文摘。,2019-06-29 19:28:18,"BGM 为霜
背景是 STEAM上的 Wallpaper Engine 标签Faded Memories",https://www.bilibili.com/video/BV1fx41197E8,http://i0.hdslb.com/bfs/archive/2c9e6a4b9dec9a99d2ab410f3e8834fd47d6dee3.jpg
16823,60,【三毛】那些让人一眼泪目的话，那些经典或致郁的句子文摘。,2019-06-29 15:25:22,"BGM サクラ 樱
背景是 STEAM上的 Wallpaper Engine 标签Sakura Tree",https://www.bilibili.com/video/BV1Dx41197Fs,http://i1.hdslb.com/bfs/archive/5e06654b611de0b52f4c80a79e7000c157900b31.jpg
80886,332,【悟空传】那些让人一眼泪目的话，那些经典或致郁的句子文摘。,2019-06-26 14:03:36,"BGM Asphyxia 
背景是 STEAM上的 Wallpaper Engine 标签悟空",https://www.bilibili.com/video/BV17x411Z7D3,http://i0.hdslb.com/bfs/archive/3b4f9e1ada088b5588b2a504c0b6903c6df9b464.jpg
1296471,4483,【龙族】那些让人一眼泪目的话，那些经典或致郁的句子文摘。,2019-06-24 14:57:37,BGM - Merry Christmas Mr. Lawrence Main Theme - 坂本龍一,https://www.bilibili.com/video/BV1Wx411o7hx,http://i0.hdslb.com/bfs/archive/5b19c4c42f1bbc7ccd27599be53d64fbedb8d6b1.jpg
1428647,2403,【人间失格】那些让人一眼泪目的话，那些经典或致郁的句子文摘。,2019-06-23 20:46:05,求关注。 抑郁的水友最好别看。,https://www.bilibili.com/video/BV1b4411g7ks,http://i1.hdslb.com/bfs/archive/60fcbdcdba745d813632f1aef309baf2e8497aa7.jpg
36904,121,【盗墓笔记】那些让人一眼泪目的话，那些经典或致郁的句子文摘。,2019-06-22 21:23:36,BGM いのちの名前,https://www.bilibili.com/video/BV1r4411u7yB,http://i2.hdslb.com/bfs/archive/36d87404304723687755953ba0d71df0abebcde6.jpg
1062415,2287,【雪中悍刀行】那些让人一眼泪目的话，那些经典或致郁的句子文摘。,2019-06-21 22:51:20,,https://www.bilibili.com/video/BV1y441137ZY,http://i0.hdslb.com/bfs/archive/6a7ff4563ce50b38bb2dd0f59530642ed2af04c4.jpg
10653,57,【小说篇第七期】那些让人一眼泪目的话，那些经典或致郁的句子文摘。,2019-06-20 20:38:18,BGM Luv Letter  请大家多点赞评论 轻轻一指，莫大的支持,https://www.bilibili.com/video/BV1c441137ea,http://i1.hdslb.com/bfs/archive/d05ca3efd098f85d3727effc4b50ff6503c2b45d.jpg
6751,35,【人物书摘之几米】读懂他爱上他，文字的魅力,2019-06-16 20:07:57,,https://www.bilibili.com/video/BV1t441157ex,http://i0.hdslb.com/bfs/archive/3713fb196bfe2ac2f48cb64902f57ab540aaf9e0.jpg
7404,17,网易云“治愈”评论❤细雨细语（第一期）,2019-06-12 16:28:19,,https://www.bilibili.com/video/BV1T4411P7Hs,http://i2.hdslb.com/bfs/archive/09aaab2f7d8c1b962a258c71dae9a197ea05387c.jpg
24177,211,【小说篇第六期】那些让人一眼泪目的话，那些经典或致郁的句子文摘。,2019-06-08 19:34:31,BGM： 城南花已开 然后我背景音乐里加了点雨声。,https://www.bilibili.com/video/BV1n4411T7LF,http://i1.hdslb.com/bfs/archive/2593bfd73dbc40b6c13cdb220b04cf79c3105364.jpg
6557,16,【动漫文摘第二期】二次元里让人心动的告白♥，治愈或治郁。,2019-06-07 20:50:10,祝大家端午节吉祥~,https://www.bilibili.com/video/BV1d4411K758,http://i2.hdslb.com/bfs/archive/549a3a6e3238f0f1708ffc9740617cc91cb16c77.jpg
5454,18,【电影文摘第三期】如果你们提前了解了，你们要面对的人生，你们是否还会有勇气前来。,2019-06-07 19:14:53,,https://www.bilibili.com/video/BV1C4411K7ox,http://i1.hdslb.com/bfs/archive/6767a53866158f8f50c2a5255c0968fe4432cab2.jpg
21083,252,【小说篇第五期】那些让人一眼泪目的话，那些经典或致郁的句子文摘。,2019-06-04 18:35:46,BGM:花火が瞬く夜に,https://www.bilibili.com/video/BV1X4411T77P,http://i0.hdslb.com/bfs/archive/1a1292d0c6ca9399a27c0624dd0e4a36d98ed72f.jpg
11508,149,【小说篇第四期】那些让人一眼泪目的话，那些经典或致郁的句子。,2019-06-02 10:44:54,"BGM
三葉のテーマ",https://www.bilibili.com/video/BV1n4411n7j2,http://i0.hdslb.com/bfs/archive/45e64b16c48d64c21e5cc9c3e1315351b07f49ec.jpg
5732,15,【精品书摘第三期】喂！快来 让你感受一下爱情。,2019-05-27 21:19:32,,https://www.bilibili.com/video/BV1S4411p7ct,http://i1.hdslb.com/bfs/archive/a2d37e716f6c400f88afb6720ddf6185af651c5b.jpg
6699,21,【精品书摘第二期】那些让人一眼泪目的话，那些经典或致郁的句子。,2019-05-27 19:53:26,,https://www.bilibili.com/video/BV124411p7Zo,http://i1.hdslb.com/bfs/archive/f53c0a4018ee9be81bda3ad645bfe6bf605523a5.jpg
6764,12,【歌词篇第一期】文摘里那些让人一眼泪目的话，那些经典或致郁的句子,2019-05-27 11:38:15,BGM Bamboo,https://www.bilibili.com/video/BV1y4411p7e4,http://i0.hdslb.com/bfs/archive/e5e1122dfb122fee0217bc285e929d7f2fccaba5.jpg
20518,118,【小说篇第三期】那些让人一眼泪目的话，那些经典或致郁的句子。,2019-05-14 20:23:47,大家有什么喜欢的小说，可以给我发一下 我去看看  瞅瞅哪里有些好句子给大家分享一下、,https://www.bilibili.com/video/BV194411E7wZ,http://i2.hdslb.com/bfs/archive/04cff6721f8fc64f2a0e4cb0419d08caab45a9b2.jpg
5856,5,【电影文摘】第二期 你生活在光亮中，就觉得全世界都是光亮的。,2019-04-29 13:49:49,BGM 云流,https://www.bilibili.com/video/BV1L441187bU,http://i0.hdslb.com/bfs/archive/b373c1cc938efa23879c8fb86360fa9a7cd75a85.jpg
14318,39,【三行情诗系列】文摘也好，句子也罢，我就想找个爱你的理由。,2019-04-21 20:41:15,"所有的日记都知道我喜欢你 
够了 
这就是全部了",https://www.bilibili.com/video/BV18b41137Yd,http://i1.hdslb.com/bfs/archive/e1b5b6a7ea5c1f9cecb593d309853f4fab5a9fc4.jpg
8609,20,【精品书摘第一期】那些让人一眼泪目的话，那些经典或致郁的句子。,2019-04-21 19:47:02,BGM;繁华的寂静,https://www.bilibili.com/video/BV1Zb411V7DM,http://i0.hdslb.com/bfs/archive/5dd15c981511dc7a9abe3835c93096c1e06b62d3.jpg
43551,94,【小说篇第二期】那些让人一眼泪目的话，那些经典或致郁的句子。,2019-04-16 09:38:48,"BGM:夜明
求个三连关注。",https://www.bilibili.com/video/BV1nb411j79J,http://i2.hdslb.com/bfs/archive/570afab7a268c23059f2bac74afd4c27ecaf87e2.jpg
27815,80,【催泪向书摘】你能看到哪一句泪崩，与自己促膝长谈  与孤独握手言欢。,2019-04-10 13:29:03,,https://www.bilibili.com/video/BV1wb411M7RS,http://i0.hdslb.com/bfs/archive/e4dd53b309abdbe414f49f5bf23fe1d050e2d53d.jpg
67095,61,电影里让人一眼泪目的句子，句子集【文字的力量】（电影第一期）,2019-04-08 14:05:21,BGM:风居住的街道,https://www.bilibili.com/video/BV1ib411u7L5,http://i1.hdslb.com/bfs/archive/805d9d692667fecc00392bc31176f7faf39c0b14.jpg
18502,29,二次元里让人一眼泪目的句子，句子集【文字的力量】（第一期）,2019-04-08 12:23:23,"BGM：Refrain
如果可以的话 ，给个三连吧，谢谢",https://www.bilibili.com/video/BV1vb411u7Yc,http://i1.hdslb.com/bfs/archive/59608afbc87693377b805630d3a67e8437a51b19.jpg
172642,448,小说里那些让人一眼泪目的话，那些经典或致郁的句子【小说篇】,2019-04-01 11:28:39,BGM:letter,https://www.bilibili.com/video/BV1rb411s7wM,http://i2.hdslb.com/bfs/archive/9dcd5746e19590e2060eec3fd7a6ecf370b865db.jpg
