1669295,4236,æˆ‘ä»¬è¿˜æœ‰å¤šå°‘ä¸ªä¸‰å¹´,2022-12-01 13:30:00,åˆ«å› ä¸ºé”™è¯¯å¦å®šä½œå“ï¼Œä¹Ÿåˆ«å› ä¸ºä½œå“è€ŒåŸè°…é”™è¯¯ã€‚,https://www.bilibili.com/video/BV1wD4y1Y7GT,http://i0.hdslb.com/bfs/archive/ce1fecb234bce3f8fd2411b4732fa18149ef2d1e.jpg
391391,1015,æ€€å¿µæ²¡æœ‰å£ç½©çš„æ—¥å­,2022-11-24 12:30:00,BGMï¼šæ¢é™èŒ¹ - å®å¤,https://www.bilibili.com/video/BV1bP4y1R7Sz,http://i1.hdslb.com/bfs/archive/2849dc2362b3e7b737ad0c9bb9ddd5fbbaa9e03e.jpg
170100,482,é’Ÿè¡¨å¯ä»¥å›åˆ°èµ·ç‚¹ï¼Œä½†æ—©å·²ä¸æ˜¯æ˜¨å¤©,2022-11-18 17:30:00,BGMï¼šæœ´æ ‘ - æ¸…ç™½ä¹‹å¹´,https://www.bilibili.com/video/BV16K411Z7FY,http://i0.hdslb.com/bfs/archive/26d166f1ab335d52bce4a792899b2c4df3da9427.jpg
252027,294,å¿«ä¹å°±å¥½ï¼Œå“ªæœ‰æ­£ä¸æ­£å¸¸,2022-11-16 12:30:00,BGMï¼šIngrid Michaelson - Everybody,https://www.bilibili.com/video/BV1hg411s7ie,http://i1.hdslb.com/bfs/archive/a60bf428584c63a9005f34d01c528d4551341cb8.jpg
358377,411,ç­‰ä½ ä¸‹è¯¾ä¸€èµ·èµ°å¥½å—,2022-11-09 13:30:00,BGMï¼šç­‰ä½ ä¸‹è¯¾Â -Â å‘¨é¥¼ä¼¦ / æ¨ç‘ä»£,https://www.bilibili.com/video/BV1SG411c7ed,http://i1.hdslb.com/bfs/archive/787bb1a62d7b618a09df549d8ec5f865c70a4b27.jpg
484163,630,å»å‘å…‰ï¼Œè€Œä¸æ˜¯ç­‰å¾…è¢«ç…§äº®,2022-11-04 17:30:00,"BGMï¼šæµ·æ´‹Bo,é«˜ç¿ - æˆ‘çš„ç¾ä¸½",https://www.bilibili.com/video/BV14V4y137ew,http://i0.hdslb.com/bfs/archive/b1bc4ae952361d2be27d9e98cecd913b48951fa3.jpg
397413,415,ä¸ºå¯‚å¯çš„å¤œç©ºç”»ä¸Šä¸€ä¸ªæœˆäº®,2022-11-02 12:30:00,BGMï¼šèµµé›· - ç”»,https://www.bilibili.com/video/BV1d84y1i7Po,http://i2.hdslb.com/bfs/archive/2801a28638d30cd0f58421fd888a0fd3ba92cdc1.jpg
135284,283,ä¸€å¤§å †å¹³å‡¡çš„æ—¥å­æ‹¥æŒ¤åœ¨æœªæ¥,2022-10-26 13:30:00,"BGMï¼šéœ“è™¹èŠ±å›­,æ±‰å ¡é»„ - å˜¿ï¼Œè¯·ä½ çˆ±æˆ‘å§",https://www.bilibili.com/video/BV1Nt4y1u7rW,http://i0.hdslb.com/bfs/archive/ba8054011eece89a18044d343e55b920c181f502.jpg
548934,246,ç°åœ¨å‡ ç‚¹ï¼Ÿå¼€å¿ƒä¸€ç‚¹ï¼,2022-10-19 13:00:00,"BGMï¼šOwl City,Carly Rae Jepsen - Good Time",https://www.bilibili.com/video/BV1sG411774i,http://i2.hdslb.com/bfs/archive/0b72bd4e2392fb1d1cffff41fda8165fea42fd45.jpg
348162,398,ä½ æˆ‘æœ€åç«Ÿç„¶ä¹Ÿå¹³å‡¡åˆ°è‡ªå‘½ä¸å‡¡,2022-10-15 13:30:00,BGMï¼šæ¯›ä¸æ˜“ - åƒæˆ‘è¿™æ ·çš„äºº,https://www.bilibili.com/video/BV1yG411E7SD,http://i0.hdslb.com/bfs/archive/9e03f598e9e7ae10abb3b38b3900b0d3e5787f52.jpg
148549,923,æˆ‘å¤ªç´¯äº†ï¼Œå¯ä»¥é™ªæˆ‘èŠèŠå—,2022-10-12 13:30:00,"@ç€è±é›…PROYA    å›å£°è®¡åˆ’â€”â€”é’å¹´å¿ƒç†å¥åº·å…¬ç›Šè¡ŒåŠ¨

è¯´å‡ºå£ æ˜¯æœ€è¿‘çš„å‡ºå£ã€‚",https://www.bilibili.com/video/BV1LG4y1p7X4,http://i1.hdslb.com/bfs/archive/abec3a6279c56d8f6f2b18903c8b1328d4a1e4cd.jpg
586199,162,è¿™ç¤¾æ­»æ¥çš„å¤ªçªç„¶äº†,2022-10-05 12:30:00,BGMï¼šé™†é€š - è†¨èƒ€,https://www.bilibili.com/video/BV1GW4y1e7co,http://i1.hdslb.com/bfs/archive/5d711eaf9cd4991dc7f16d93733acedd904c46ab.jpg
1643574,2195,äº’è”ç½‘ä¸Šçœ‹äº†å¤ªå¤šé«˜å“è´¨ç”Ÿæ´»ï¼Œæ‰€ä»¥äººä»¬æ¸æ¸å¿˜äº†æ™®é€šäººçš„æ¨¡æ ·,2022-10-01 13:30:00,BGMï¼šæœ´æ ‘ - çŒæˆ·æ˜Ÿåº§,https://www.bilibili.com/video/BV12N4y1P7KV,http://i0.hdslb.com/bfs/archive/7b5820b066d5bf0cc8e4c99fe0d644c44c35babe.jpg
717836,1098,ç”Ÿæ´»çš„è‹¦ï¼Œéš¾ä¸ä½å‘å‰èµ°çš„äºº,2022-09-28 14:30:00,BGMï¼šRadical Face - Welcome Home,https://www.bilibili.com/video/BV1b24y1o7GZ,http://i2.hdslb.com/bfs/archive/34dd550604c2feef39a3fe7103356ad143d5edd7.jpg
81360,101,ç”Ÿæ´»å¥‡å¥‡æ€ªæ€ªï¼Œä¿®çŒ«å¯å¯çˆ±çˆ±,2022-09-21 11:30:00,"BGMï¼šIron & Wine - Flightless Bird, American Mouth",https://www.bilibili.com/video/BV12Y4y1K7Hr,http://i0.hdslb.com/bfs/archive/413ab4050758e28eba80c7fc5cc732951902e7fe.jpg
661968,1085,äººé—´çš„é¢ï¼Œåƒä¸€ç¢—å°±å¤šä¸€ç¢—çš„æ»‹å‘³ï¼Œè§ä¸€é¢å°±å¤šä¸€é¢çš„å›å¿†ã€‚,2022-09-14 12:30:00,BGMï¼šé‡èŠèŠ± -Â ê±±ì •ë§ì•„ìš” ê·¸ëŒ€,https://www.bilibili.com/video/BV1Re4y1C7fK,http://i0.hdslb.com/bfs/archive/0d2a32638fe9151609d1856447fa129f71bbe06b.jpg
581287,933,å¦‚æœæœ‰æ—¶é—´ï¼Œä½ ä¼šæ¥çœ‹ä¸€çœ‹æˆ‘å§,2022-09-09 16:30:00,BGMï¼šæ™’æœˆå…‰çš„äºº -  é™ˆå“ç’‡xäº‘æ‚ æ‚ ,https://www.bilibili.com/video/BV1YW4y1B7kT,http://i1.hdslb.com/bfs/archive/97ee41c4c7ca65fffc9146f047fdaf7f2259ea7b.jpg
340650,192,æˆ‘æ¥é©¾æ ¡åªåŠä¸‰ä»¶äº‹,2022-09-07 12:30:00,BGMï¼šMott the Hoople - Golden Age Of Rock'N'Roll (Album Version),https://www.bilibili.com/video/BV19U4y1z78E,http://i1.hdslb.com/bfs/archive/eb8cf94fe33b8a32b4710b9613ab8ff2082ddd16.jpg
489333,427,æˆ‘ä»æœªè§‰å¾—å­¤ç‹¬ï¼Œè¯´æµªæ¼«äº›ï¼Œæˆ‘å®Œå…¨è‡ªç”±,2022-09-01 16:30:00,BGMï¼šè¿˜æ½® - æ°¸æ— å°½å¤´çš„çº¦ä¼š,https://www.bilibili.com/video/BV1zP4y1f73F,http://i2.hdslb.com/bfs/archive/9504a65ed9f01f3ca523f8fe0a4fc5bf48700226.jpg
939967,802,è°è¿˜æ²¡æœ‰è¾œè´Ÿå‡ æ®µæ˜‚è´µçš„æ—¶å…‰,2022-08-25 13:30:00,BGMï¼šæ¯›ä¸æ˜“ - ç‰§é©¬åŸå¸‚,https://www.bilibili.com/video/BV1vg411r74M,http://i1.hdslb.com/bfs/archive/002f75a1f7e7be2c36273d98a8523567d1fe55ad.jpg
398705,541,ä¸€èµ·å¹è¿‡æ™šé£çš„äººå¤§æ¦‚ä¼šè®°å¾—ä¹…ä¸€äº›å§,2022-08-19 16:30:00,BGMï¼šé™ˆå©§éœ - æ™šé£,https://www.bilibili.com/video/BV1614y147xr,http://i0.hdslb.com/bfs/archive/2113095c4ac88fe06f2ea35f2558dd3854b3d7e1.jpg
340771,452,æ»¡åœ°éƒ½æ˜¯å…­ä¾¿å£«ï¼Œä»–å´æŠ¬å¤´çœ‹è§äº†æœˆäº®,2022-08-17 12:30:00,BGMï¼šæ¤…å­ä¹å›¢ The Chairs - Rollin' On,https://www.bilibili.com/video/BV1pG4y1a7dN,http://i2.hdslb.com/bfs/archive/0e83318a7e02235fe7ef1cd80de356b16d5c7b4c.jpg
1497436,535,ä¸–ä¿—çš„æ·é”ï¼ŒæŸç¼šä¸äº†è‡ªç”±çš„çµé­‚,2022-08-10 13:30:00,BGMï¼šDaniel Powter - Free Loop,https://www.bilibili.com/video/BV1tT411L7M4,http://i0.hdslb.com/bfs/archive/e27bf4b5cefbb9d9a9cfdbda5a0e3f27867d4e18.jpg
393172,369,å½“ä½ å‡ºç°çš„æ—¶å€™ï¼Œçˆ±å°±æœ‰äº†å®šä¹‰,2022-08-05 12:30:00,"BGMï¼šWhite Cherry - MELANCHOLY

æœ€åä¸€æ®µä¸ä¸»é¢˜æ— å…³ä½†è¿˜æ˜¯åŠ è¿›æ¥äº†ï¼Œå¸Œæœ› è¿™æœŸè§†é¢‘èƒ½å¤Ÿç»™ä½ å¸¦æ¥çŸ­æš‚çš„æ…°è—‰å’Œå¿«ä¹ï¼Œç¥å¥½ã€‚",https://www.bilibili.com/video/BV1md4y1T7bi,http://i2.hdslb.com/bfs/archive/cb51de279c2c30af6db8d1dac6557e489b1de9c2.jpg
608621,615,ä½ å¤§å¯ä¸å¿…å‡è£…å¿«ä¹,2022-08-03 14:30:00,BGMï¼šé»‘å±‹ä¹é˜Ÿ - ä¹ æƒ¯,https://www.bilibili.com/video/BV1zd4y1U74b,http://i0.hdslb.com/bfs/archive/b193b4ed8e1806f6ebcbf40c60f5e7abc73be6a9.jpg
461001,580,æˆ‘ä»¬éƒ½åœ¨ç”¨ç‰¹åˆ«çš„æ–¹å¼çˆ±ç€å¯¹æ–¹,2022-07-28 14:30:00,BGMï¼šæ¯›ä¸æ˜“ - æˆ‘ä¼šå®ˆåœ¨è¿™é‡Œ,https://www.bilibili.com/video/BV1jt4y1L7n8,http://i1.hdslb.com/bfs/archive/bc35124284c1fc8999c56f54fb61d5f705907c05.jpg
786079,1279,ä½ æ˜¯æˆ‘å”¯ä¸€æƒ³è¦çš„äº†è§£,2022-07-22 14:30:00,BGMï¼šæ–°ä¸“å·²æˆè¿‡å»å¼çš„ä¼¦ - ä¸ƒé‡Œé¦™,https://www.bilibili.com/video/BV1kt4y1574u,http://i0.hdslb.com/bfs/archive/b26cd9b3d1d586a225fbeb2fe1943b6bd56a7ed7.jpg
515918,441,é”€å£°åŒ¿è¿¹çš„æ—¥å­é‡Œï¼Œæˆ‘éƒ½åœ¨å·å·çš„çƒ­çˆ±ç”Ÿæ´»ã€‚,2022-07-20 13:30:00,BGMï¼šå¼ ç®ç® - ç±³åº—,https://www.bilibili.com/video/BV1CT411J7y5,http://i0.hdslb.com/bfs/archive/49212c1322fecd3202e4ad4b72f0f7038febabdb.jpg
417117,140,ä½ ç»™æˆ‘ç¿»è¯‘ç¿»è¯‘ï¼Œä»€ä¹ˆå«å¿«ä¹ï¼Ÿ,2022-07-14 13:30:00,BGMï¼šGeorge Ezra - Anyone For You,https://www.bilibili.com/video/BV1mF411N7qu,http://i2.hdslb.com/bfs/archive/e165783644ec3fba4f936e3dccd836bce7421227.jpg
287004,137,å¤§å‚»æ˜¥ï¼ä½ è¦å¹²ä»€ä¹ˆï¼,2022-07-08 13:30:00,BGMï¼šLinda Ronstadt - It's So Easy,https://www.bilibili.com/video/BV1Gr4y1u7JK,http://i0.hdslb.com/bfs/archive/05d17324e192ea6bd65ba8016223108384814255.jpg
1423922,979,æ´»åœ¨å½“ä¸‹ä¹Ÿå¾ˆæµªæ¼«,2022-07-06 14:30:00,BGMï¼šæ©˜å­æµ· (Orange Ocean) - å¤æ—¥æ¼±çŸ³ (Summer Cozy Rock),https://www.bilibili.com/video/BV1YS4y1p7nE,http://i1.hdslb.com/bfs/archive/829fce470c0f0a1b33729de52be4ed5561ad32a9.jpg
1125867,689,å»åšé£å§ï¼Œåšä¸è¢«å®šä¹‰çš„é£,2022-07-01 13:59:59,BGMï¼šæ¯›ä¸æ˜“ - çœ‹å¾—æœ€è¿œçš„åœ°æ–¹,https://www.bilibili.com/video/BV1z3411u7Rt,http://i0.hdslb.com/bfs/archive/cd4af61fc1ff7f8475ecb4c1f5814f9d052485a0.jpg
947128,617,è¿™ä¸ªå¤å¤©æœ‰äº¿ç‚¹ç‚¹çƒ­,2022-06-23 14:30:00,BGMï¼šè½æ—¥é£è½¦ - æˆ‘æ˜¯ä¸€åªé±¼,https://www.bilibili.com/video/BV1Af4y1f73d,http://i2.hdslb.com/bfs/archive/19cd231647fd8ce4ae6a59c97dee77a07070a212.jpg
1807111,162,æœ‰çš„äººå¤©ç”Ÿå°±æ˜¯ä¸»è§’ï¼,2022-06-17 14:29:59,BGMï¼šMariah Carey - Fantasy,https://www.bilibili.com/video/BV1fg411Q7Rj,http://i1.hdslb.com/bfs/archive/a2b5fefe9610437d61bb4e5af1dea21aa4ba88df.jpg
845688,555,åœ¨ä¹¡ä¸‹ç”Ÿæ´»ä¹Ÿæ˜¯ä¸€ç§äº«å—,2022-06-15 13:00:00,BGMï¼šå°±ä¸å‡ºä¸“çš„ä¼¦ - å—è¾æ³¡çš„èŒ¶,https://www.bilibili.com/video/BV1Q94y1m7MC,http://i1.hdslb.com/bfs/archive/1b68fe4f65f3e8f8c5ef723d1891bc81c3bea1cd.jpg
2086564,1259,ç”Ÿæ´»æ˜¯è‹¦éš¾çš„ï¼Œæˆ‘åˆåˆ’ç€æˆ‘çš„æ–­æ¡¨å‡ºå‘äº†,2022-06-10 13:30:00,BGMï¼šæ—ç”Ÿç¥¥ - é¢ä¼šèœ,https://www.bilibili.com/video/BV1P34y1j7z3,http://i1.hdslb.com/bfs/archive/dc07cd5d30b2c279f6af8d24f7a60c609cea2bf4.jpg
380303,413,å¤šå¹´ä»¥åï¼Œæˆ‘ä»¬è¿˜æ˜¯ä¼šæ€€å¿µé‚£ä¸ªå¤å¤©,2022-06-04 13:30:00,BGMï¼šæ¯›ä¸æ˜“ - å…¥æµ·,https://www.bilibili.com/video/BV1xF41157rw,http://i0.hdslb.com/bfs/archive/29cbe8ad7780fb48970c51c12a560176415eb459.jpg
435139,585,å°æ—¶å€™å¾—å¤šå‚»æ‰æƒ³ç€é•¿å¤§,2022-06-01 13:30:00,BGMï¼šå—æ‹³å¦ˆå¦ˆ - å†è§ å°æ—¶å€™,https://www.bilibili.com/video/BV1Z5411D78K,http://i1.hdslb.com/bfs/archive/bd4c7eafae31a9d3cce483eb236a8581779ef110.jpg
332436,268,ç©¿è¿‡èŒ«èŒ«äººæµ·ï¼Œæˆ‘åˆçœ‹åˆ°ä¸€ç‰‡äººæµ·ã€‚,2022-05-25 17:30:00,BGMï¼šé©¬é ” - å­¤é¸Ÿçš„æ­Œ,https://www.bilibili.com/video/BV1sP4y1F7iJ,http://i1.hdslb.com/bfs/archive/824a5e54f338283930e8923b922b159386b43aa2.jpg
560520,730,æ„¿é™ªä½ åº¦è¿‡æ¼«é•¿å²æœˆ,2022-05-20 13:15:00,BGMï¼šé™ˆå¥•è¿… - é™ªä½ åº¦è¿‡æ¼«é•¿å²æœˆ,https://www.bilibili.com/video/BV1qg411d7so,http://i2.hdslb.com/bfs/archive/d6875ef2548c182fdf352297c70bf1f96c92cb34.jpg
3231071,1539,é™¤äº†å­¦ä¹ ï¼Œæ²¡ä»€ä¹ˆæ˜¯å¤§å­¦ç”Ÿä¸æ„Ÿå…´è¶£çš„,2022-05-18 13:30:01,BGMï¼šTaylor Swift - Love Story,https://www.bilibili.com/video/BV16B4y1971U,http://i2.hdslb.com/bfs/archive/48f5ceec6203f0fa995bf28311424542e0c09f93.jpg
2079703,542,è¦ä¸æ˜¯ç›‘æ§æ‹ä¸‹æˆ‘æ ¹æœ¬ä¸ä¼šä¿¡ï¼,2022-05-13 17:30:00,BGMï¼šABBA - Does Your Mother Know,https://www.bilibili.com/video/BV1Da411E79c,http://i2.hdslb.com/bfs/archive/093edbf98559234011ec173c7d069104a9358fd4.jpg
790589,468,åšäººå˜›ï¼Œæœ€é‡è¦çš„å°±æ˜¯å¼€å¿ƒå•¦,2022-05-10 13:30:00,BGMï¼šä¸«è›‹è›‹ - å¤§ç”°å¾Œç”Ÿä»”,https://www.bilibili.com/video/BV1t34y1h7Kc,http://i1.hdslb.com/bfs/archive/e85c136fe6422c1a4c18383c6ee565da166f1a38.jpg
284928,688,æˆ‘æ€€å¿µçš„,2022-05-05 13:30:00,BGMï¼šæ¯›ä¸æ˜“ - ç››å¤,https://www.bilibili.com/video/BV1V34y1Y7VW,http://i2.hdslb.com/bfs/archive/2cafba2d8a46c111f68eec49e5ed9b23217964fb.jpg
278965,564,å¸Œæœ›è¿‡å»è¿‡å»ï¼Œå¸Œæœ›å°†æ¥å°†æ¥ã€‚,2022-04-28 13:00:00,"BGMï¼šæ¨å®—çº¬ - äººé—´å‰§åœº 
ã€è¯·å‹¿åœ¨ä»»ä½•éŸ³ä¹å¹³å°è¯„è®ºåŒºæåŠæ­¤è§†é¢‘ã€‘",https://www.bilibili.com/video/BV1834y1e7pW,http://i2.hdslb.com/bfs/archive/9684b8309947a51cbdb5205a95e4c992a0d9c08d.jpg
210243,458,æ— å…³å…¶ä»–ï¼Œæˆ‘çˆ±æ¯ä¸€ä¸ªå½“ä¸‹,2022-04-22 13:30:00,"æ›¾ç»æœ‰ä½æœ‹å‹å‘Šè¯‰è¿‡æˆ‘
åªè¦çœ¼é‡Œæœ‰å…‰ï¼Œé»‘å¤œå°±æ°¸è¿œä¸ä¼šé™ä¸´

æˆ‘ä¸ç›¸ä¿¡ï¼Œå› ä¸ºäººæ€»æ˜¯å®³æ€•åˆ†åˆ«å´åˆä¸å¾—ä¸åˆ†åˆ«
ä½†ä»–å´å¯¹æˆ‘è¯´ä¸å…¶æ‹…å¿ƒç¾å¥½ä¼šæ¶ˆé€ï¼Œä¸å¦‚å…ˆè®©å®ƒå¼€å§‹

ä»–ç»™æˆ‘åˆ†äº«äº†è®¸å¤šï¼Œä»–ä»¥å‰è®°å½•çš„æ•…äº‹
ç°åœ¨ï¼Œæˆ‘æŠŠè¿™äº›æ•…äº‹ä¹Ÿå‘Šè¯‰ä½ 
å¸Œæœ›è¿™æœŸè§†é¢‘èƒ½ç»™äºˆä½ æ…°è—‰
æ„¿é™ªä¼´æˆ‘çš„å¾®å…‰ï¼Œä¹Ÿèƒ½ç…§äº®ä½ çš„æ—…é€”",https://www.bilibili.com/video/BV13B4y1m7jV,http://i2.hdslb.com/bfs/archive/84dadcda0b8f75cf363225785e5e73d2dd68b1e1.jpg
1280678,1196,æˆ‘åªæ´»ä¸€æ¬¡ï¼Œæˆ‘è¦å¿«ä¹ï¼,2022-04-20 13:30:00,BGMï¼šé˜³å…‰å®…ç”· - ä¸å‡ºæ–°ä¸“è¾‘çš„ä¼¦,https://www.bilibili.com/video/BV1sF411M7eK,http://i2.hdslb.com/bfs/archive/ea15504c48893c13b7c94feaced771045cad558c.jpg
311405,822,ç¥ä½ è¸è¿‡åƒé‡æµªï¼Œèƒ½ç•™åœ¨çˆ±äººçš„èº«æ—ã€‚,2022-04-15 17:30:00,BGMï¼šé›·ä½³ - äººä¸–é—´,https://www.bilibili.com/video/BV1xY4y1e7ZK,http://i1.hdslb.com/bfs/archive/a209225610741ddf4e513a078b90c0f55dc37699.jpg
157666,417,æ¬¢è¿å›å®¶ï¼Œæˆ‘çš„æœ‹å‹ã€‚,2022-04-11 17:00:00,BGMï¼šæ¯›é›ªæ±ª - æ¯›ä¸æ˜“ / æé›ªç´,https://www.bilibili.com/video/BV1nZ4y127Gc,http://i2.hdslb.com/bfs/archive/ed95eb03c7aefd8886f8f57aaa2c68cb3cb32568.jpg
762818,1187,è¢«ç–«æƒ…å·èµ°çš„ä¸æ­¢é’æ˜¥,2022-04-09 12:30:00,BGMï¼šè®¸å· - å–œæ‚¦,https://www.bilibili.com/video/BV1144y1P7Y5,http://i0.hdslb.com/bfs/archive/ef04fea9fd8a34dcb70a6b8746c7fee0e1062f7e.jpg
459227,270,æˆ‘å’Œæˆ‘çš„æ€¨ç§æœ‹å‹,2022-04-06 13:30:00,BGMï¼šBoney M. - Sunny,https://www.bilibili.com/video/BV1pq4y1a7E1,http://i0.hdslb.com/bfs/archive/b0fb9411faabc78842a6ce7faa1ece85278b976e.jpg
215879,343,å°æ‘ä¸€åˆ‡éƒ½ä¾ç„¶ï¼Œæ ‘ä¸‹ç©ºè¡è¡ã€‚,2022-04-01 13:30:00,BGMï¼šèµµé›· - é¼“æ¥¼,https://www.bilibili.com/video/BV1C44y1A78Y,http://i0.hdslb.com/bfs/archive/4b448ee0987bca58605cab22700355ed598b53f8.jpg
299867,456,è¯·åœ¨æ˜¥å¤©å›æ¥å¥½å—ï¼Œæˆ‘çš„å±±å¡å¼€æ»¡äº†èŠ±ã€‚,2022-03-30 13:30:00,BGMï¼šå¥½å¦¹å¦¹ - æ˜¥æ—¥,https://www.bilibili.com/video/BV1sP4y1M7a5,http://i2.hdslb.com/bfs/archive/abfb469a5f08952d1caead002f86f915bb94943f.jpg
1062382,516,çœŸæ˜¯äººç”Ÿæ— æ¼ï¼Œå¤§è„‘æ‹Œå°è„‘ã€‚,2022-03-23 13:30:11,BGMï¼šå‡¤å‡°ä¼ å¥‡ - æœ€ç‚«æ°‘æ—é£,https://www.bilibili.com/video/BV1nY411n7Eg,http://i2.hdslb.com/bfs/archive/d6eeddec503b986434e0a7f33da78db67223a2e8.jpg
562937,804,æ›¾ç»æˆ‘ä¹Ÿæƒ³æˆä¸ºä¸€ä¸ªäº†ä¸èµ·çš„äºº,2022-03-19 13:30:03,BGMï¼šç„¦è¿ˆå¥‡-ä½ æ›¾æ˜¯å°‘å¹´,https://www.bilibili.com/video/BV1Ea4118717,http://i2.hdslb.com/bfs/archive/b563d39974ef02757697d6a9be19f00fcf2eabf6.jpg
4389154,7679,é’æ˜¥æ‰å‡ å¹´ï¼Œç–«æƒ…å ä¸‰å¹´ã€‚,2022-03-16 13:30:12,BGMï¼šæ¯›ä¸æ˜“ - æ¶ˆæ„,https://www.bilibili.com/video/BV1Kq4y1q7Hy,http://i1.hdslb.com/bfs/archive/cd5ea45d73ffb1d78610e55efb4900327dce7b33.jpg
1301433,1361,æ˜æ˜æ˜¯å°‘æ•°äººçš„ä¸€ç”Ÿï¼Œä½ ä»¬å´ç®¡è¿™å«æ™®é€šäººã€‚,2022-03-10 13:30:06,BGMï¼šè¢å°è‘³ - å¸‚äº•å°æ°‘,https://www.bilibili.com/video/BV1R34y1b7pi,http://i1.hdslb.com/bfs/archive/33bb57e5e04bc7d62a2b832dca4601f7af2fd1f0.jpg
145680,417,â€œä»–åªæ˜¯ä¸ªå­©å­å•Š â€,2022-03-08 18:30:18,ã€Šå°‘å¹´æ³•åº­ã€‹,https://www.bilibili.com/video/BV1NT4y1D7Xk,http://i2.hdslb.com/bfs/archive/ca3a69241054ce6d1d52764f68e47460b3daacba.jpg
3378069,941,ã€Š æˆ‘ å’Œ æˆ‘ çš„ å§ å¦¹ ã€‹,2022-03-03 13:30:16,BGMï¼šBruno Mars - Treasure,https://www.bilibili.com/video/BV1Bi4y1y79z,http://i2.hdslb.com/bfs/archive/02fdcb063f8b00813ac0f613ec84ca18b3ce9cb9.jpg
10935812,6856,äººé—´çš„é¢ï¼Œåƒä¸€ç¢—å°‘ä¸€ç¢—ï¼Œè§ä¸€é¢å°‘ä¸€é¢ã€‚,2022-02-25 13:30:05,BGMï¼šæ¯›ä¸æ˜“ - å‘“è¯­,https://www.bilibili.com/video/BV1qL4y1g7u8,http://i1.hdslb.com/bfs/archive/594b55bfbaf08e6e26dc6a7fd6b50c3ef09ddf18.jpg
193544,612,å¤§é£è½¦å±å‘€å±å“Ÿå“Ÿåœ°è½¬,2022-02-23 18:30:01,BGMï¼šè‹Ÿç€šä¸­ - åŠ¨ç”»åŸ,https://www.bilibili.com/video/BV1DS4y1r7ej,http://i1.hdslb.com/bfs/archive/fd5c58ec8023add67e2facac2b8ad89e79ef2263.jpg
277984,417,ä¹Ÿè®¸å…‰å½±çš„æ„ä¹‰å°±æ˜¯æŠŠä½ æˆ‘çš„ç—•è¿¹è®°å½•ï¼Œç„¶åå›å‘³æ— ç©·ã€‚,2022-02-19 12:30:13,"BGMï¼šå•ä¾çº¯,è¿å°±ä½ ä¸€ç”Ÿ - çƒ­æ±¤",https://www.bilibili.com/video/BV1gi4y127Aw,http://i0.hdslb.com/bfs/archive/88fe335abab03a07633ede4070b9f71ef5b1984d.jpg
2102339,1074,å›å®¶å§ï¼Œå›åˆ°æœ€åˆçš„ç¾å¥½ã€‚,2022-02-16 18:00:05,ä¹Ÿè®¸å…‰å½±çš„æ„ä¹‰å°±æ˜¯æŠŠä½ æˆ‘çš„ç—•è¿¹è®°å½•ï¼Œç„¶åå›å‘³æ— ç©·ã€‚,https://www.bilibili.com/video/BV1y44y1J77m,http://i1.hdslb.com/bfs/archive/8cbd68c424c0f2a28db8d399b04283155db0f95c.jpg
1612831,445,çœŸæ˜¯äººç”Ÿæ— å¸¸ï¼Œå¤§è‚ åŒ…å°è‚ ã€‚,2022-02-12 13:30:12,BGMï¼šé™ˆå°æ˜¥ - ä¹±ä¸–å·¨æ˜Ÿ,https://www.bilibili.com/video/BV1P44y1H7a7,http://i2.hdslb.com/bfs/archive/bb5d0313874f5548fc2964be7e63605548226a8d.jpg
640431,943,è¿™å°±æ˜¯å›å®¶è¿‡å¹´çš„å¿«ä¹å§,2022-02-09 12:30:17,BGMï¼šè‹æ‰“ç»¿ - å°æƒ…æ­Œ,https://www.bilibili.com/video/BV1s44y1W7Vn,http://i2.hdslb.com/bfs/archive/5f03258b43971c98f4ea53f87a54fd8fc63bddba.jpg
1022956,1418,ã€Š å½“ ä»£ å‚¬ å©š è¡Œ ä¸º æŒ‡ å— ã€‹,2022-02-05 14:30:08,BGM : Space - Just Blue,https://www.bilibili.com/video/BV1qR4y1j7Ym,http://i1.hdslb.com/bfs/archive/4ff10f22b6c373d90e59c7f087c7b1e3ddb8ef7c.jpg
254393,378,å’Œæ¯ä¸€ä¸ªçƒ­çˆ±ç”Ÿæ´»çš„ä½ ï¼Œä¸€èµ·é‡è§ç¾å¥½,2022-01-28 11:00:02,BGMï¼šéš”å£å›¢ä¹é˜Ÿ - è·¯,https://www.bilibili.com/video/BV14R4y1u7t2,http://i0.hdslb.com/bfs/archive/4db3b305848036d2f78834a2d0f51aff486f4f87.jpg
271859,183,é’“é±¼è¦åœ¨å²›ä¸Šé’“ï¼Œä¸åœ¨å²›ä¸Šé’“ä¸åˆ°,2022-01-22 11:30:02,BGMï¼šKC And The Sunshine Band - Give It Up,https://www.bilibili.com/video/BV1gF411p7as,http://i1.hdslb.com/bfs/archive/01a8a7e68b720bfb4d8372e2f79dfe418bf899c7.jpg
341200,516,çœ‹è¿‡ä¸–ç•Œçš„äººï¼Œæœ€æƒ³å›å®¶ã€‚,2022-01-19 18:30:04,"BGM : Justin Timberlake,Carey Mulligan,Stark Sands - Five Hundred Miles",https://www.bilibili.com/video/BV1TS4y1f7ub,http://i1.hdslb.com/bfs/archive/194d0f305d3e0ed01484f4907578e56bb88ef88c.jpg
168405,655,2022ä¼šå¥½çš„ï¼Œä¸æ˜¯å—ï¼Ÿ,2022-01-13 18:30:09,BGMï¼šæ­Œä¹‹åˆä¹é˜Ÿ - åˆè¿‡äº†ä¸€å¹´,https://www.bilibili.com/video/BV1KP4y1J7DQ,http://i2.hdslb.com/bfs/archive/33776d7f83fef15290a3d1e3ba3984755679f288.jpg
1351772,529,è®©äººå” ä¸€è¾ˆå­,2022-01-11 11:30:06,"è®©æˆ‘ç«ä¸€æ¬¡ï¼ï¼ï¼
BGMï¼šæå…‹å‹¤ - æŠ¤èŠ±ä½¿è€…",https://www.bilibili.com/video/BV1cL411c7Jp,http://i2.hdslb.com/bfs/archive/97393b2182ce2260420bf1905b26cf79166562c9.jpg
391795,788,é‚£å¤©çˆ·çˆ·æ°ç€æ‰‹æŒ‡å¤´ç®—ï¼Œè¿™ä¸€ä¸–è¿˜èƒ½å’Œæˆ‘è§å‡ é¢,2022-01-07 18:30:00,BGM : royster lee - é˜¿å…¬çš„çƒ­æ°”çƒ Grandpa's Balloon,https://www.bilibili.com/video/BV1fD4y1F725,http://i1.hdslb.com/bfs/archive/cd627e3c532263f67e1bfe29c6cae49fcacb15ed.jpg
1378499,803,é‚£å°±ç®€å•ç‚¹ï¼Œç³Šæ¶‚ç‚¹ï¼Œå¿«ä¹å¤šä¸€ç‚¹,2022-01-04 17:30:10,BGMï¼šå­™ç‡•å§¿ - ç¬¬ä¸€å¤©,https://www.bilibili.com/video/BV1Pb4y1e7cS,http://i0.hdslb.com/bfs/archive/3dc22b43e89ed376ad28e6b3155663631f3b725f.jpg
823977,1359,æˆ‘ä»¬å€¾å°½æ‰€æœ‰ï¼Œä¸è¿‡å®Œæˆäº†æ™®é€šçš„ç”Ÿæ´»,2021-12-30 17:30:04,BGMï¼šæ¯›ä¸æ˜“ - æ— åçš„äºº,https://www.bilibili.com/video/BV1Jr4y1m7gU,http://i0.hdslb.com/bfs/archive/d257eb06cb0670a840dacca3c27ec90515f9aab3.jpg
327679,1192,æ€»æœ‰äººä¼šå¸¦ç€çƒ­è¡·å’Œåšä¿¡æ‹¥æŠ±ä½ ,2021-12-17 17:30:04,"æ€»ä¼šæœ‰äººï¼Œç©¿è¿‡å¯’å†¬æ‹¥æŠ±ä½ 
BGMï¼šBoys Like Girls,Taylor Swift - Two Is Better Than One",https://www.bilibili.com/video/BV1T34y197y6,http://i0.hdslb.com/bfs/archive/e035581eee8032ae3e99294a083d74629d8159d1.jpg
467907,585,å¯ä»¥ä¸ä¸‡ä¸ˆå…‰èŠ’ï¼Œä½†ä¸è¦åœæ­¢è‡ªå·±å‘å…‰,2021-12-10 17:30:05,BGMï¼šä¾¯ç£Š - æ¢¦å¦‚,https://www.bilibili.com/video/BV1nM4y1A7n6,http://i2.hdslb.com/bfs/archive/71085eb02cb0c9903c63ebf391dfd507734fe88e.jpg
527140,679,å”¯ç¾é£Ÿä¸çˆ±ä¸å¯è¾œè´Ÿ,2021-12-07 19:30:03,"BGMï¼šBirocratic,Flamingosis - Look Both Ways",https://www.bilibili.com/video/BV1mP4y1V7YZ,http://i0.hdslb.com/bfs/archive/d69bb919cbb74745008326beca47df5725dea4cc.jpg
1822914,1491,æˆ‘ä»¬ç”Ÿæ¥å°±æ˜¯å­¤å•,2021-12-04 17:30:08,BGMï¼šæŸ³çˆ½ - æ¼ æ²³èˆå…Â·2022,https://www.bilibili.com/video/BV1SM4y1P7ax,http://i2.hdslb.com/bfs/archive/352569b612db3fcf5c04c9c01929ee5665f618d0.jpg
588070,659,å°‘å¹´ä¸çˆ±æ°¸ä¸è€å»ï¼Œå³ä¾¿æŠ«è†æ–©æ£˜ï¼Œä¸¢å¤±æ€’é©¬é²œè¡£,2021-12-01 11:30:18,BGM : ä¾¯ç£Š - æ€€å›­,https://www.bilibili.com/video/BV1MS4y1X777,http://i1.hdslb.com/bfs/archive/5ba248754f9ce8da230257211eafb26606538964.jpg
1302627,892,åœ¨å®¶è¿è£¤è¡©å­éƒ½ä¸æ´—ï¼Œè¿˜æƒ³å»è¥¿è—æ´—æ¶¤å¿ƒçµã€‚,2021-11-24 11:30:10,BGMï¼šä½•æ•™æˆ - ç«ä¹äº†,https://www.bilibili.com/video/BV1U3411t7sv,http://i1.hdslb.com/bfs/archive/5d0f7214246c286590f288b1ca5c0b5e93e56f17.jpg
1237838,1321,æ˜æ˜è‡ªå·±è¿‡çš„å°±ä¸å¦‚æ„ï¼Œå´åˆååè§ä¸å¾—ä¸–é—´ç–¾è‹¦ã€‚,2021-11-19 17:30:04,BGM : å€ªå¥ - èŠ±è½çŸ¥å¤šå°‘,https://www.bilibili.com/video/BV1Uq4y137Rn,http://i2.hdslb.com/bfs/archive/d76c190a0e2cbd19a431a2e1189b3199a61a0d3d.jpg
767826,817,æˆ‘å¸Œæœ›æˆ‘çš„å¸Œæœ›æœ‰å¸Œæœ›,2021-11-16 17:30:16,,https://www.bilibili.com/video/BV1A341187rt,http://i0.hdslb.com/bfs/archive/8c328df10b088b925bb895ab38e517a907f44c47.jpg
385432,267,æ—©çŸ¥é“é‚£æ˜¯æœ€åä¸€æ¬¡è§é¢ï¼Œæˆ‘å°±ç©¿å¾—å¥½çœ‹ä¸€ç‚¹äº†,2021-11-12 11:30:11,BGMï¼šJimmy Barnes - A Fool In Love,https://www.bilibili.com/video/BV1nP4y157CN,http://i0.hdslb.com/bfs/archive/2c7170828735ba719dde85846c3fec9d253a0735.jpg
327820,678,é‚£æ—¥æˆ‘ä»¬ä¸€åŒçœ‹é›ªï¼Œæˆ‘ä»æœªçœ‹é›ªï¼Œä½ ä»æœªçœ‹æˆ‘ã€‚,2021-11-09 18:30:14,BGM ï¼šé™ˆå©§éœ - 16mm,https://www.bilibili.com/video/BV1t34y1Z7yF,http://i0.hdslb.com/bfs/archive/668fc57cac81ebd2e2a3b0dc903643576339ab1b.jpg
1139361,794,è¿™æ˜¯å¾ˆé•¿ å¾ˆå¥½çš„äººç”Ÿ,2021-11-05 17:30:08,BGM : è´°ä½° - å˜¿ï¼ŒæŠ¬å¤´ï¼,https://www.bilibili.com/video/BV1g44y1i7WE,http://i2.hdslb.com/bfs/archive/491a1145b47c532db6eb274bd89ea3a149d4f5e3.jpg
1602724,2619,å˜¿ï¼Œå…„å¼Ÿï¼æˆ‘ä»¬å¥½ä¹…ä¸è§ä½ åœ¨å“ªé‡Œï¼Ÿ,2021-11-03 11:30:10,ä¸€è¾ˆå­å¾ˆçŸ­ï¼Œå¦‚ç™½é©¹è¿‡éš™ï¼Œè½¬ç¬å³é€ã€‚å¯è¿™ç§å¿ƒæƒ…å¾ˆé•¿ï¼Œå¦‚é«˜å±±å¤§å·ï¼Œç»µå»¶ä¸ç»ã€‚,https://www.bilibili.com/video/BV1LT4y1d7KH,http://i2.hdslb.com/bfs/archive/2885a0414e89add7ba8321286769bea37771c40c.jpg
651379,829,æˆ‘ä»¬ä¸åˆé€‚ï¼Œä½ é€‚åˆæ›´å¥½çš„ï¼Œè€Œä¸æ˜¯æˆ‘è¿™ç§æœ€å¥½çš„ã€‚,2021-10-29 18:30:04,BGM : å¼ è”“å§¿ - æ·±å¤œæµªæ¼«,https://www.bilibili.com/video/BV1B44y1v7pR,http://i1.hdslb.com/bfs/archive/9ab3ef44caa379f11ee3016e153f1e5543fcc1b6.jpg
1899669,534,ä½ ä¸æ˜¯çœŸæ­£çš„å¿«ä¹ï¼Œä½†æˆ‘æ˜¯ã€‚,2021-10-27 18:30:07,BGM : å›æ˜¥ä¸¹ - æ¢¦ç‰¹åˆ«å¨‡ ï¼ˆéå¸¸niceçš„æŠ–è…¿æ­Œï¼‰,https://www.bilibili.com/video/BV1kf4y1M7by,http://i1.hdslb.com/bfs/archive/cfa6e22da4e8c8fc7542af90a7fa56625659bcd0.jpg
660791,730,è¿™ä¸ªäººå¾ˆæ‡’ï¼Œä»€ä¹ˆéƒ½æ²¡æœ‰ç•™ä¸‹,2021-10-22 18:30:19,BGMï¼šé©¬é ” - æ½œæ³³,https://www.bilibili.com/video/BV1cQ4y1Q7nh,http://i1.hdslb.com/bfs/archive/db15c1c9ab66a5c98ac56cc623ef854cfc211c7a.jpg
1715011,1129,ä½ æœ‰ä½ çš„è¯—å’Œè¿œæ–¹ï¼Œæˆ‘æœ‰æˆ‘çš„æ‡’ä¸åš£å¼ ,2021-10-20 11:30:14,BGMï¼šèŒƒé€¸è‡£-æ— ä¹ä¸ä½œ,https://www.bilibili.com/video/BV13F411e7ad,http://i0.hdslb.com/bfs/archive/fa0a47acc7ea7bd103310d4b12bf9b44f663edea.jpg
676646,1321,å¤§èƒ†ç‚¹ç”Ÿæ´»ï¼Œä½ æ²¡é‚£ä¹ˆå¤šè§‚ä¼—,2021-10-15 18:00:09,BGMï¼šèµµé›· - ç†æƒ³,https://www.bilibili.com/video/BV15q4y1d77U,http://i1.hdslb.com/bfs/archive/db1da4c97d55d242b1bfb533cd1691dc4da52f52.jpg
1057134,219,æœ‰æœ‹è‡ªè¿œæ–¹æ¥ï¼Œè™½è¿œå¿…è¯›,2021-10-13 11:30:00,BGM : Jimmy Barnes - Hallelujah (I Love Her So),https://www.bilibili.com/video/BV1644y1x7rK,http://i1.hdslb.com/bfs/archive/5b387f2ed4db1cd36e74fce9b6849c19fe0a4467.jpg
1426038,1704,æ­¤æ—¶æ­¤åˆ»ï¼Œæ°å¦‚å½¼æ—¶å½¼åˆ»,2021-10-08 18:30:15,BGMï¼šè¿˜æ½® - æ…ˆåŸå…¬å›­äº¤è°Šèˆ,https://www.bilibili.com/video/BV1rb4y1a76d,http://i1.hdslb.com/bfs/archive/9c5af8b7e32557b7b1c4cbc23451019d81f300d7.jpg
1370389,759,ç”·äººæ°¸è¿œé•¿ä¸å¤§ï¼Œåªæ˜¯ç©å…·è¶Šæ¥è¶Šè´µ,2021-10-06 11:30:10,BGMï¼šMariah Carey - Fantasy,https://www.bilibili.com/video/BV1Z64y187BZ,http://i2.hdslb.com/bfs/archive/1b2c0a730fd3cd772ac8c0a24e7e181d1d135b13.jpg
1328339,840,ç›®å…‰æ‰€è‡³çš†ä¸ºåå¤ï¼Œäº”æ˜Ÿé—ªè€€çš†ä¸ºä¿¡ä»°ã€‚,2021-10-01 12:00:00,äººæ°‘æœ‰ä¿¡ä»°ï¼Œå›½å®¶æœ‰åŠ›é‡ï¼Œæ°‘æ—æœ‰å¸Œæœ›ï¼,https://www.bilibili.com/video/BV1dU4y1A7aX,http://i0.hdslb.com/bfs/archive/5355f211b2eb2e1fb34701e04af6f9eaa8e6616c.jpg
528296,1037,æœ‰çš„äºº25å²å°±æ­»äº†ï¼Œåªæ˜¯åˆ°75å²æ‰åŸ‹è‘¬ã€‚,2021-09-28 11:30:01,"BGMï¼šHa'O,ç“œå°”ä½³é‘« - è¿™ä¸ªç†Ÿæ‚‰åˆé™Œç”Ÿçš„ä¸–ç•Œ",https://www.bilibili.com/video/BV1bh411n7Je,http://i1.hdslb.com/bfs/archive/d8ef938fc658a601a6b0e9d73f093e75daf91cb7.jpg
2423979,3205,è¿„ä»Šä¸ºæ­¢ï¼Œå¨¶å¥¹ä»æ˜¯æˆ‘çš„æ¯•ç”Ÿæ‰€æƒ³,2021-09-24 17:30:13,BGMï¼šå¼ æ•¬è½© - éªšçµæƒ…æ­Œ(Live),https://www.bilibili.com/video/BV1zf4y1E7LE,http://i2.hdslb.com/bfs/archive/1b543e260076387d0c6328aa7c81e007c6123493.jpg
847143,609,å±±æµ·æ‡’å¾—å¹³ï¼Œä¸æƒ³è§æ‰€çˆ±ã€‚,2021-09-20 19:00:02,"BGMï¼šé‚£å¾å…‹çƒ­-NW,å°¤é•¿é– - é£˜å‘åŒ—æ–¹ (Live)",https://www.bilibili.com/video/BV1tq4y1f742,http://i0.hdslb.com/bfs/archive/767ab3dd43e2ede6d07b1ee8431606149c0072c4.jpg
11952524,2105,å¦‚æœæ²¡æœ‰ç›‘æ§ï¼Œæˆ‘ä»¬ä¸ä¼šç›¸é‡åœ¨æ­¤ã€‚,2021-09-17 17:30:15,BGMï¼šABBA - Does Your Mother Know,https://www.bilibili.com/video/BV1564y1a7Z3,http://i2.hdslb.com/bfs/archive/e20d1c902a2237b9a0379233b6a1325a406747be.jpg
531873,293,â€œå†›è®­è¿·æƒ‘è¡Œä¸ºå¤§èµâ€,2021-09-15 11:30:18,"BGM : Justin Timberlake,Earth, Wind & Fire,Anna Kendrick - September",https://www.bilibili.com/video/BV1aM4y1G7s9,http://i1.hdslb.com/bfs/archive/35e328f1bcabc71dd2951c06101a40a20aa01107.jpg
957567,1177,çˆ±ä½ æ‰€çˆ± è¡Œä½ æ‰€è¡Œ å¬ä»ä½ å¿ƒ æ— é—®ä¸œè¥¿,2021-09-10 17:30:17,BGMï¼šé½ä¸€ - ç”Ÿå‘½ä¸­çš„æ—¶å…‰ (Live),https://www.bilibili.com/video/BV1134y1Q7s8,http://i0.hdslb.com/bfs/archive/fb34cccff325bdc2096bdce323b86e370963aa08.jpg
3844645,1409,"""äººç±»é«˜æ‰‹è¡Œä¸ºå¤§èµ""",2021-09-08 11:30:06,BGMï¼šæˆé¾™ - é†‰æ‹³,https://www.bilibili.com/video/BV17L411t7Uv,http://i0.hdslb.com/bfs/archive/738dcbfc321fbb2bc34f7a57cf02a8c95dbaa48c.jpg
1645020,496,æœ‰çš„äººæ´»ç€ï¼Œä½†ä»–å·²ç»â€œç¤¾â€æ­»äº†,2021-09-03 11:30:04,"å¦‚æœé•¿å¾—ç¾æ˜¯ä¸€ç§é”™ï¼Œé‚£æˆ‘å²‚ä¸æ˜¯é•¿å¯¹äº†ï¼Ÿï¼Ÿï¼Ÿ

BGM : é™†é€š - è†¨èƒ€",https://www.bilibili.com/video/BV1yf4y1A7XC,http://i1.hdslb.com/bfs/archive/d2f13695c6d860c2a0a790d21b935b98119da42b.jpg
285677,465,æ…¢å“äººé—´çƒŸç«è‰²ï¼Œé—²è§‚ä¸‡äº‹å²æœˆé•¿ã€‚,2021-09-01 18:30:09,-,https://www.bilibili.com/video/BV1MU4y177tW,http://i0.hdslb.com/bfs/archive/61dd4af54d38c9c02f71b903f82588e6c3c2d8d7.jpg
186880,362,æ­¤åå¦‚ç«Ÿæ²¡æœ‰ç‚¬ç«ï¼Œæˆ‘ä¾¿æ˜¯å”¯ä¸€çš„å…‰,2021-08-27 18:30:19,BGMï¼šå‘¨æ·± - æœ‰ä¸€ä»¶ç¾å¥½çš„äº‹æƒ…å°†è¦å‘ç”Ÿ,https://www.bilibili.com/video/BV1GA411c7mi,http://i2.hdslb.com/bfs/archive/89887e901ff917e0794c7bc6eae5daaed9ded4c8.jpg
466043,622,æœ€ç¾çš„ä¸æ˜¯ä¸‹é›¨å¤©ï¼Œæ˜¯æ›¾ä¸ä½ èº²è¿‡é›¨çš„å±‹æªã€‚,2021-08-25 18:30:06,BGMï¼šè«è¥¿å­è¯— - ä¸è¦æ€•&å•Šæ°å’¯,https://www.bilibili.com/video/BV1864y1a725,http://i2.hdslb.com/bfs/archive/2f51a53bb1fd8ceaaeb2ec839e7b9d97d9d4126e.jpg
3022995,1871,å²æœˆä¸é¥¶äººï¼Œæˆ‘åˆä½•æ›¾é¥¶è¿‡å²æœˆ,2021-08-20 18:30:18,BGM:è¿˜æ½® - è€å¼åŒå¡å½•éŸ³æœº,https://www.bilibili.com/video/BV1EU4y1E7Qj,http://i0.hdslb.com/bfs/archive/9bcfdbf95ae76524fded8979c906b454f733d5e5.jpg
750110,238,ç”·äººè‡³æ­»æ˜¯å°‘å¹´,2021-08-18 18:30:04,,https://www.bilibili.com/video/BV1Do4y1U7Lq,http://i0.hdslb.com/bfs/archive/7cc8d5a4847cc6c4ba5f4e199d43f110f39e4932.jpg
101273,187,è‰ æœ¨ ä¸€ ç§‹,2021-08-13 18:30:04,BGMï¼šæ–‡å¬ - è¹²å‘å„¿,https://www.bilibili.com/video/BV17M4y1L7ww,http://i2.hdslb.com/bfs/archive/c9e4f4895baca1ba89e70bb98459f8be42aad1a0.jpg
1295918,2350,é™ªä½ çœ‹æ—¥è½çš„äººï¼Œæ¯”æ—¥è½æœ¬èº«æ›´æ¸©æŸ”ã€‚,2021-08-11 18:30:11,BGMï¼šæ¢åš - æ—¥è½å¤§é“,https://www.bilibili.com/video/BV1Fq4y1Q7A8,http://i0.hdslb.com/bfs/archive/b771b552cbd8b168a96b9354121febfa0d1f3804.jpg
2384231,2638,äººç”Ÿäººå±±äººæµ·äººæ¥äººå¾€ï¼Œè‡ªå·±è‡ªå°Šè‡ªçˆ±è‡ªç”±è‡ªåœ¨ã€‚,2021-08-06 18:30:16,BGM : è¿˜æ½® - å…«æœˆå¤œæ¡‚èŠ±,https://www.bilibili.com/video/BV15y4y1L7MH,http://i1.hdslb.com/bfs/archive/a1ed4d60100c75c402a174209f2e1fe738ff8a9a.jpg
1163896,1998,ä½ ç»™æˆ‘ç¿»è¯‘ç¿»è¯‘ï¼Œä»€ä¹ˆå«å¥¥è¿ï¼Ÿ,2021-08-04 11:30:02,BGMï¼šç‹å¸ - å­¤èŠ’,https://www.bilibili.com/video/BV143411r7jQ,http://i1.hdslb.com/bfs/archive/0bd0c754857612712a1aa2e41dfc5c6b93b63602.jpg
424749,1123,"""ä½ è§‰å¾—è‡ªå·±å¹¸ç¦å—""",2021-07-30 18:30:05,"äººç”Ÿæ²¡æœ‰å¹¸ç¦ä¸å¹¸ç¦,åªæœ‰çŸ¥è¶³ä¸çŸ¥è¶³,æ¸©é¥±æ— è™‘å°±æ˜¯å¹¸äº‹,æ— ç—…æ— ç¾å°±æ˜¯ç¦æ³½ã€‚",https://www.bilibili.com/video/BV1gw411R7ez,http://i1.hdslb.com/bfs/archive/86b62ab0ad69a8a5f5ceef51f9ea3a64b78fb6fd.jpg
847766,266,æ‚² æ…˜ ä¸– ç•Œ,2021-07-28 13:30:05,BGM : Franzl Lang - Auf Und Auf Voll Lebenslust,https://www.bilibili.com/video/BV1a54y1J7mt,http://i1.hdslb.com/bfs/archive/62ec4621221d745524caecdd3821affd748417be.jpg
1498149,1613,â€œæ­¤ç”Ÿæ— æ‚”å…¥åå¤ï¼Œæ¥ç”Ÿæ„¿åœ¨ç§èŠ±å®¶â€,2021-07-22 19:30:10,BGMï¼šå—å¾åŒ—æˆ˜NZBZ - é¢†é£è€…,https://www.bilibili.com/video/BV1Y64y1z7Tp,http://i1.hdslb.com/bfs/archive/51745e694ce39ad353649dafcc0eb6356e3c3e9c.jpg
152322,134,"""èˆè¹ˆç”Ÿè¿·æƒ‘è¡Œä¸ºå¤§èµ""",2021-07-16 18:30:19,BGMï¼šè‰èœ¢ - å¤±æ‹é˜µçº¿è”ç›Ÿ,https://www.bilibili.com/video/BV1N64y1t7oM,http://i2.hdslb.com/bfs/archive/4008bd4aad0b5df1f6936c2ea6ffab62f5cedd1d.jpg
153928,657,å¤§ å¤¢ ä¸€ å ´,2021-07-14 11:30:12,BGM : ä¸‡èƒ½é’å¹´æ—…åº— - æªå¿ƒçš„ç©ç¬‘ä¸æ¼«é•¿çš„ç™½æ—¥æ¢¦,https://www.bilibili.com/video/BV1z64y147Jv,http://i1.hdslb.com/bfs/archive/0c5735f1c45e19c54c074ab1f337989aea7bc645.jpg
781780,249,â€œäººä¸å¯èƒ½ä¸€ç›´å€’éœ‰å§ ï¼Ÿâ€,2021-07-08 11:30:16,BGM: The Party Cats - Purple People Eater,https://www.bilibili.com/video/BV1WB4y1N7Rj,http://i2.hdslb.com/bfs/archive/ccf6f370d5d4f156554d43fc7d0e888492ff9464.jpg
173255,277,ä¸€ æ• é»ƒ ç²±,2021-07-02 18:30:05,BGMï¼šç‹ç„¶ - æˆ‘åœ¨äººé—´å‡‘æ•°çš„æ—¥å­,https://www.bilibili.com/video/BV16M4y1T71g,http://i1.hdslb.com/bfs/archive/7cd9a8c0c408921eb5e0b0f8bd76aa30869fa55f.jpg
2276201,1058,â€œäººç±»é…’åè¡Œä¸ºå¤§èµâ€,2021-06-30 11:30:13,BGM: The Greasers - Old Time Rock 'n' Roll,https://www.bilibili.com/video/BV1BL411p7sE,http://i2.hdslb.com/bfs/archive/fd9d96ab2b99abd377def7e984174b2603d9f3b2.jpg
870189,257,â€œä»Šå„¿åˆæ˜¯ç¤¾æ­»çš„ä¸€å¤©â€,2021-06-25 18:30:01,è€BGMäº†ï¼šé™†é€š - è†¨èƒ€,https://www.bilibili.com/video/BV1r64y1t76i,http://i0.hdslb.com/bfs/archive/fa5148309d7a00a459310fceee59264be48a51a0.jpg
172231,404,è¶…ç‡ƒï¼ã€Šæ•¢æ•™æ—¥æœˆæ¢æ–°å¤©ã€‹MVä¸»é¢˜æ›²,2021-06-25 17:00:17,"â€œå¿†å¾€æ˜”ï¼Œè‹èŒ«å¤§åœ°æ»¡ç›®ç–®ç—ï¼Œæˆ˜ç«çƒ§äººé—´......çœ‹ä»Šæœï¼Œå±±èŠ±çƒ‚æ¼«å¤©ä¸‹å¼€éï¼Œç»½æ”¾ä¸–ç•Œä¹‹å·…ï¼Œæ˜Ÿæ˜Ÿä¹‹ç«å¯ä»¥ç‡åŸï¼Œæ•¢æ•™æ—¥æœˆæ¢æ–°å¤©ï¼â€ ä¸€ç™¾å¹´æ¥ä¸­å›½å…±äº§å…šå›¢ç»“å¸¦é¢†äººæ°‘ä»¥â€œæ•¢æ•™æ—¥æœˆæ¢æ–°å¤©â€è±ªæƒ…è®©ä¸­åå¤§åœ°å‘ç”Ÿæ²§æ¡‘å·¨å˜ï¼Œä¸­åæ°‘æ—è¿æ¥äº†ä»ç«™èµ·æ¥ã€å¯Œèµ·æ¥åˆ°å¼ºèµ·æ¥çš„ä¼Ÿå¤§é£è·ƒã€‚æˆ³è§†é¢‘?é‡æ¸©å³¥åµ˜å²æœˆï¼
æ¼”å”±ï¼Œä½œè¯ä½œæ›²ï¼šæ˜“è¨€Â 
å¤ç­ï¼šç´«æ ¼å“ˆå“ˆÂ 
å‰ªè¾‘ï¼šé”¦ä¹¦è‡´å—è¾Â 
ç­–åˆ’ï¼šéŸ³ä¹BBæœº",https://www.bilibili.com/video/BV1sq4y1s7jL,http://i2.hdslb.com/bfs/archive/5b4dbb4026231344284e253dae3d592eccbcaf33.jpg
513020,604,â€œåœ¨è·¯ä¸Šï¼Œæˆ‘ä»¬æ°¸è¿œå¹´è½»ï¼Œæ°¸è¿œçƒ­æ³ªç›ˆçœ¶â€,2021-06-22 18:30:17,BGMï¼šå°¤é•¿é– - æ˜¨æ—¥é’ç©º,https://www.bilibili.com/video/BV1Tw411o76z,http://i0.hdslb.com/bfs/archive/55bd5a90ec688fce513ded3431a9b692f4c608a4.jpg
372372,363,ç”Ÿ ä¾† å­¤ ç¨,2021-06-16 19:10:18,BGMï¼šæ±ªå³° - ç¾ä¸½ä¸–ç•Œçš„å­¤å„¿,https://www.bilibili.com/video/BV1fy4y1u7gR,http://i1.hdslb.com/bfs/archive/735bd5ec688e7f1ce0676f559b39a293d990330a.jpg
912151,403,â€œåŒ»å­¦ç”Ÿè¿·æƒ‘è¡Œä¸ºå¤§èµâ€,2021-06-11 11:30:07,BGMï¼šè‰èœ¢ - Ba Ba Ba,https://www.bilibili.com/video/BV1Y64y16733,http://i2.hdslb.com/bfs/archive/16465b4e5dc516a3ecfde729add579a9a575a6b9.jpg
674009,434,å¤©ä¸Šçš„ç¥æ˜ä¸æ˜Ÿè¾°ï¼Œäººé—´çš„è‰ºæœ¯ä¸å­©ç«¥,2021-06-09 11:30:02,BGM ï¼šæœ´æ ‘ - NEW BOY,https://www.bilibili.com/video/BV1io4y1y7wX,http://i0.hdslb.com/bfs/archive/eb22c2cdd6e7717f99f37baa444a0cadda28dfec.jpg
467296,417,ä¸€ ç”Ÿ ç†± æ„›,2021-06-05 18:30:04,BGMï¼šäº”æœˆå¤© - å€”å¼º,https://www.bilibili.com/video/BV1GU4y1j7Hu,http://i0.hdslb.com/bfs/archive/49d808b2e1e1cfc01bf16c90a35f61f1af4c8d3d.jpg
378532,338,â€œä¸€ä»£äººç»ˆå°†è€å» ä½†æ€»æœ‰äººæ­£å¹´è½»â€,2021-06-01 11:30:01,BGMï¼šéƒå¯å”¯ - åƒå°æ—¶å€™ä¸€æ ·,https://www.bilibili.com/video/BV1154y1V7wZ,http://i2.hdslb.com/bfs/archive/07ea8e1cdd6d7240d966cbf93eb60b7b56c6e60f.jpg
1016634,202,"""åˆèœç˜¾åˆå¤§è¡Œä¸ºå¤§èµ""",2021-05-28 11:30:08,BGMï¼šDschinghis Khan - Moskau,https://www.bilibili.com/video/BV12K4y1G7g3,http://i0.hdslb.com/bfs/archive/d1254b10032fc58a8b3662231cca98addc36ef9d.jpg
397314,544,â€œçœŸå¸Œæœ›é’±å’Œéš¾è¿‡ä¸€æ ·å¤šâ€,2021-05-26 11:30:17,BGMï¼šèµ›æ–‡&GOD - åŠªåŠ›å·¥ä½œå§,https://www.bilibili.com/video/BV1PV411773c,http://i2.hdslb.com/bfs/archive/5da57c39b6929634a449df1afd4472b6279d5c1f.jpg
500316,844,æˆ‘çŸ¥é“é‚£äº›å¤å¤©ï¼Œå°±åƒä½ ä¸€æ¨£å›ä¸ä¾†,2021-05-21 11:30:07,BGMï¼šå®‡è¥¿ - å®‰å’Œæ¡¥ï¼ˆCover å®‹å†¬é‡ï¼‰,https://www.bilibili.com/video/BV1yV411j7e4,http://i0.hdslb.com/bfs/archive/38ee50a0fcc0022c29f1678147217e4dac39fdb4.jpg
1135166,269,â€œå½“ä»£é’å¹´è¿·æƒ‘è¡Œä¸ºå¤§èµâ€,2021-05-19 11:30:12,BGMï¼šBob Seger - Katmandu,https://www.bilibili.com/video/BV1zA411g7P2,http://i0.hdslb.com/bfs/archive/412a93c843a9ef3254069786c9ce54bfb9c16fa2.jpg
1754362,1538,â€œæˆ‘åœ¨äººé—´å‡‘æ•°çš„æ—¥å­â€,2021-05-14 11:30:13,BGMï¼šä½•æ•™æˆ - è¿™æ˜¯è°çš„æ•…äº‹,https://www.bilibili.com/video/BV1Ph411v79D,http://i1.hdslb.com/bfs/archive/bd0b323495755773cc3e2f7b0aa321ce9e7e1f59.jpg
5176105,705,â€œä¸€ä¸å°å¿ƒå°±ç¤¾æ­»äº†â€,2021-05-11 11:30:03,BGMï¼šé™†é€š - è†¨èƒ€,https://www.bilibili.com/video/BV1dU4y1t7Tc,http://i1.hdslb.com/bfs/archive/5cc00b81e08f6405aa527c237c9784055ab0023f.jpg
1236165,374,â€ç”·ç”Ÿè¿·æƒ‘è¡Œä¸ºå¤§èµâ€œ,2021-05-07 11:30:13,"BGMï¼šAJR - Bud Like You 
AJRYYDS !!!",https://www.bilibili.com/video/BV1C64y127rj,http://i2.hdslb.com/bfs/archive/99f4eb5ef1839cd9c94f6dbb268b7014eda5a674.jpg
471098,353,â€œäººé—´çƒŸç«æ°”  æœ€æŠšå‡¡äººå¿ƒâ€,2021-05-01 11:30:13,BGMï¼šè·¯è¿‡äººé—´ - éƒå¯å”¯,https://www.bilibili.com/video/BV1VU4y187rv,http://i2.hdslb.com/bfs/archive/1b1881a437d9ced1cd7293d8e14255a1f5614687.jpg
2389984,1413,â€œå¥³ç”Ÿè¿·æƒ‘è¡Œä¸ºå¤§èµâ€,2021-04-28 11:30:10,BGMï¼šè‰èœ¢ - å¤±æ‹é˜µçº¿è”ç›Ÿ,https://www.bilibili.com/video/BV1oU4y1b79a,http://i2.hdslb.com/bfs/archive/f6c9cf8212aa5b53c2ffaf260ab42951f2699923.jpg
248948,268,â€œä¸­ å æœ‰ ç¥ åŠŸ â€,2021-04-24 11:30:15,BGMï¼šåŒæ£’å„¿ - è¯´å”±åŠŸå¤«,https://www.bilibili.com/video/BV1X5411c7go,http://i2.hdslb.com/bfs/archive/52a9968051ca4961074c9baf964147e8c8237b04.jpg
785677,1324,æ—¶é—´ä»æ¥ä¸è¯­ï¼Œå´å›ç­”äº†æ‰€æœ‰é—®é¢˜,2021-04-22 11:30:05,BGMï¼šä¼ä»ª - é¢å¯¹,https://www.bilibili.com/video/BV1zK4y1P7em,http://i1.hdslb.com/bfs/archive/bb2e9200575218e47e149f48a9dbfac3d6750fcb.jpg
285313,141,äºº æ¨¡ äºº æ ·,2021-04-20 11:30:04,BGMï¼šé³„é±¼å®è´ - å°èµ–çš®ä¹‹æ­ŒSchnappi,https://www.bilibili.com/video/BV1Z5411c7Pq,http://i2.hdslb.com/bfs/archive/501a52024850e761500427b22e076c08f57a3b40.jpg
1760426,164,å° ä¸‘ ç«Ÿ æ˜¯ æˆ‘ è‡ª å·±,2021-04-17 11:30:03,"BGM ï¼š Redbone - Come and Get Your Love
qianglietuijiankanzuihouyigeshippinzhendegeiwozaigongzuoshileshalehahahahaxingkuidangshiwomeichidongxiburanxiaochoujingshiwonanciï¼ï¼ï¼",https://www.bilibili.com/video/BV1t64y1S7t6,http://i1.hdslb.com/bfs/archive/f7e55f3f90c05e48d57a803d24767dbe1eae13aa.jpg
1332984,891,"""èƒ½å°ç‚¹å£°å—ï¼Œä½ çš„å¹¸ç¦åµåˆ°æˆ‘çš„å­¤ç‹¬äº†""",2021-04-15 11:30:14,BGMï¼š èŒ„å­è›‹ - æµªæµè¿,https://www.bilibili.com/video/BV1oB4y1w7bx,http://i0.hdslb.com/bfs/archive/3302027b5dac1dd4c1a34b87a63f3c3c0ac63f7a.jpg
290214,157,â€œä½ çœ‹èµ·æ¥çœŸå¥½ç¬‘â€,2021-04-09 11:30:06,BGMï¼šMandy Moore - Stupid Cupid,https://www.bilibili.com/video/BV1RK4y127g7,http://i1.hdslb.com/bfs/archive/5989733783e8fb66625416fd12364afb58ae8689.jpg
1166810,197,â€œç¤¾æ­»è¡Œä¸ºå®å½•â€,2021-04-07 11:30:14,BGMï¼šTrain - Wonder What You're Doing for the Rest of Your Life,https://www.bilibili.com/video/BV1ny4y1x7Di,http://i0.hdslb.com/bfs/archive/cb242a49c70aaaed45e4486b37aa042c6a6b0aa2.jpg
71400,233,â€œæˆ‘çŸ¥æˆ‘å†è§ä¸åˆ°ä½ ï¼Œä½†ä½ çš„å¼•åŠ›ä»åœ¨â€,2021-04-04 10:00:17,çŸ­è§†é¢‘å¹³å°çš„ä»·å€¼å’Œè´£ä»»ï¼Œä¸åªæ˜¯ç•™ä½ç”Ÿè€…çš„ç²¾å½©ç¬é—´ï¼Œä¹Ÿæ˜¯ç•™ä½é€è€…çš„äººç”Ÿå°è¿¹ã€‚,https://www.bilibili.com/video/BV1xf4y1W7yf,http://i0.hdslb.com/bfs/archive/9322422369a1b6d93277fe02b90bf05ecda6e472.jpg
2741644,4793,â€œä½ çš„é’æ˜¥è½è¿™é‡Œäº†â€,2021-04-02 11:30:11,BGMï¼šå¹²æ¯ - äº”æœˆå¤©,https://www.bilibili.com/video/BV1XZ4y1F7ej,http://i2.hdslb.com/bfs/archive/0d5a50864f8792347172d5e3c6aa978771898091.jpg
145499,197,å‡º ç° åœ¨ åˆ« äºº çš„ ç”Ÿ æ´» é‡Œ è¦ åƒ ä¸€ ä»½ ç¤¼ ç‰©,2021-03-31 11:30:02,BGMï¼šæ˜¯ä½ çš„åš - å¤±çœ åŸå¸‚,https://www.bilibili.com/video/BV12U4y1a7tt,http://i2.hdslb.com/bfs/archive/ad600ad08750f90337a1292f6271b0a7244fa7ef.jpg
235094,918,â€œä½ éš¾é“ä¸çŸ¥é“å— è¿™é‡Œæ˜¯æ–°ç–†â€,2021-03-26 17:30:20,BGMï¼šè‰¾å°¼ç“¦å°”æ±Ÿ - è¿™é‡Œæ˜¯æ–°ç–†,https://www.bilibili.com/video/BV1pX4y1G7mt,http://i2.hdslb.com/bfs/archive/56e7fdfb6f927b5e59cc78cae2f9112d50cb5f7f.jpg
1383748,1195,ç›® å…‰ æ‰€ åŠ,2021-03-24 11:30:01,"BGMï¼šMasetti - Our Own Heaven
æˆ‘çœŸçš„å¤ªçˆ±è¿™é¦–æ­Œäº†uiç¬¦å·å’Œä½›æ•™å¥¥èƒ–é™„ä»¶å‘ç¥¨å°±å¥¥çš®åŸºå°¼è¦…æ”¾å‡å®‰æ’åˆ†å—æœºé—¹é¥­IPè¿”å›ä¿æš–çˆ¶æ¯é™ªä¼´ä½ å‘uiéƒ¨åˆ†å‘å·´æ‹‰å…‹è¾¹é˜²å†›å¡å·´æ–¯åŸºå’–å•¡å§æ³•è‰°è‹¦è·‹æ¶‰iå‘å·¥é’±ä½ å“¦æˆ‘å‘ä½ ç§‹æ—¥åˆ†ä¸æ¸…iohå‘ç»™ä½ å»å“¦iæˆ‘èƒ½å¦ç¼æ¥ é£æ ¼å’ŒæœŸæœ›å®¹å™¨çƒ¦æ¼å¿µä½›ié˜¿æ£®çº³è¦…å“¦äº²å¹¶æ— åŒºåˆ«å‘å“¦å›å®¶è¦…ç¾¤æ®´æˆ‘ä¼´å¨˜æœå»ç©å§åˆšå¥½äº”ä¸ªç¼ç¼å‘hiè¯·é—®å¥½ç¦æ°”å“¦ååå¤å¤è¦…åå¿µä½›iå®‰æŠšhiå“¦æŒ‰ä¼šå¸®ä½ ä»˜iå“¦å•Šå’ŒæŠ±è´Ÿié˜¿å¸ƒæ¬§ç›Ÿåœ¨çº½å¤«ä½ äº†è§£å—èƒ½æ¿€å‘ä½ å‘å“¦å¹³å‡åˆ†æ€•å°±æ€•å¯‚å¯çš®å¤«ié˜¿å¸ƒè¦…ä½ å‘iå“¦iæ¬§æœä¹ƒå“¦åˆ†ä¹ƒå˜»å˜»",https://www.bilibili.com/video/BV1ry4y1t79u,http://i1.hdslb.com/bfs/archive/9742d5919f73dac7b3ec62972a9a83e515859603.jpg
8575696,1375,â€œç¤¾æ­»è¡Œä¸ºå¤§èµâ€,2021-03-20 11:30:03,BGM : é™†é€š - è†¨èƒ€,https://www.bilibili.com/video/BV11y4y147Xn,http://i1.hdslb.com/bfs/archive/e69540ab53498acf79e7c1cbd1fc1734ac21715d.jpg
891416,854,ä¸ºä½ ï¼Œåƒåƒä¸‡ä¸‡é,2021-03-18 11:30:11,BGMï¼šé‡‘çŸå² - å²æœˆç¥å·,https://www.bilibili.com/video/BV1U5411P7yG,http://i0.hdslb.com/bfs/archive/ff32078d8ccce1be67dcd614bc10dabf163004d6.jpg
1221492,208,â€œç›‘æ§è¿·æƒ‘è¡Œä¸ºå¤§èµâ€,2021-03-16 11:30:19,"BGM : Ty.,Psy.P,KnowKnow - é«˜ï¼Œè¿˜æ²¡å¯Œï¼Œä½†å¸…",https://www.bilibili.com/video/BV1r5411P7c6,http://i1.hdslb.com/bfs/archive/ad5fb741e0dc8566fa22af65749656264a547e8b.jpg
1327567,289,â€œäººç±»å€’éœ‰è¡Œä¸ºå¤§èµâ€,2021-03-12 11:30:12,BGMï¼šChuck Berry - Big Boys,https://www.bilibili.com/video/BV1GZ4y1w7Ja,http://i2.hdslb.com/bfs/archive/bbfbf732e0c864bb41bb8a8198fedccfb0912e94.jpg
123445,569,â€œç©·äººä¸é…ç”Ÿç—…â€,2021-03-10 11:30:03,å¯¹è‡ªå·±å¥½ç‚¹ã€‚,https://www.bilibili.com/video/BV1Hz4y117Lh,http://i1.hdslb.com/bfs/archive/a625149f102ab0861df3f27a948798fea2532ee1.jpg
219483,166,å¾ ä¾† å¦‚ æ­¤,2021-03-06 11:30:15,BGMï¼šAndy Williams - Can't Take My Eyes Off You [1967],https://www.bilibili.com/video/BV1r5411N7mT,http://i1.hdslb.com/bfs/archive/ef59629634c33e1cb18f43cf14333471b9046b06.jpg
721618,196,"""å¹¼å´½è¿·æƒ‘è¡Œä¸ºå®å½•""",2021-03-03 11:30:00,BGM : é’è›™ - å°è·³è›™,https://www.bilibili.com/video/BV1Qv411Y7aW,http://i1.hdslb.com/bfs/archive/0b7ddb53efb56e16cff5efef3be52e7238a68ce6.jpg
788274,1002,â€œé˜¿ç¿ï¼Œè€çˆ¹æˆ‘å…ˆèµ°äº†â€,2021-02-28 20:46:54,ä¸€è·¯èµ°å¥½ï¼Œè¾¾å”ï¼Œæ­¤è‡´ï¼Œå‹¿å¿˜ï¼,https://www.bilibili.com/video/BV1nN41197nM,http://i1.hdslb.com/bfs/archive/4eda07bd519dc2a64988440a08b18ae3b0e6f64c.jpg
5509613,1445,"""åˆèœåˆçˆ±ç©è¡Œä¸ºå¤§èµ""",2021-02-26 11:30:14,BGM:Franzl Lang - Auf Und Auf Voll Lebenslust,https://www.bilibili.com/video/BV1Dh411r71o,http://i1.hdslb.com/bfs/archive/346d0ddeae80ef89322813807030661e34a2549a.jpg
1290401,492,â€œå®¿èˆè¿·æƒ‘è¡Œä¸ºå®å½•â€,2021-02-24 11:30:13,BGMï¼šStatus Quo - Rockin' All Over The World,https://www.bilibili.com/video/BV1ay4y1J7Pw,http://i0.hdslb.com/bfs/archive/144385a4f27ff7adc4e051f8fd38271163287572.jpg
188141,201,æ•¬ ä½  å£¹ æ¯,2021-02-22 11:30:03,BGMï¼šè®¸å· - æˆ‘çš„ç§‹å¤©,https://www.bilibili.com/video/BV1FN41197j2,http://i0.hdslb.com/bfs/archive/f3ee6a9408fc711d2a2f7a2d8d18c40f4a303cad.jpg
410949,241,â€œè¿‡å¹´è¿·æƒ‘è¡Œä¸ºå®å½•â€,2021-02-15 11:30:09,"BGMï¼šç©·å¼€å¿ƒ - å¤§å¼ ä¼Ÿ   
           æœ€ç¾çš„æœŸå¾… - å‘¨ç¬”ç•…",https://www.bilibili.com/video/BV1c5411E7kE,http://i0.hdslb.com/bfs/archive/78d3c64031d6589d68c3c7c0c891960ccfc936a3.jpg
470259,440,â€œæˆ‘çš„æˆ¿å­æ˜¯ç§Ÿçš„ï¼Œä½†ç”Ÿæ´»ä¸æ˜¯â€,2021-02-10 11:30:03,BGM : ç”Ÿæ´»å› ä½ è€Œç«çƒ­ - æ–°è£¤å­,https://www.bilibili.com/video/BV1z541177dm,http://i2.hdslb.com/bfs/archive/7db53dacbcc7badb90feedb8d8bc39f3d61d1188.jpg
1247238,708,å¥½ ğŸ» å¼Ÿ,2021-02-06 11:30:13,BGMï¼šPet Shop Boys - Go West,https://www.bilibili.com/video/BV1vz4y1U7QB,http://i0.hdslb.com/bfs/archive/5aa2625f49808c8cbc330b68cee43860bf8a7722.jpg
4449467,1788,â€œåˆèœåˆçˆ±ç©å®å½•â€,2021-02-04 11:30:18,BGMï¼šé™†é€š - ç¾ä¸½çš„çº¦å¾·å°”å§‘å¨˜,https://www.bilibili.com/video/BV1KX4y1N7gd,http://i2.hdslb.com/bfs/archive/0e1470a69c162bcde4ed00b093dc3217043754b6.jpg
3993640,3591,ä¸€ ç”Ÿ ç„¡ è§£,2021-02-02 11:30:13,BGM : æ²¡æœ‰ç†æƒ³çš„äººä¸ä¼¤å¿ƒ-æ–°è£¤å­ä¹é˜Ÿ,https://www.bilibili.com/video/BV1cV411B7u2,http://i2.hdslb.com/bfs/archive/7140af93008f5d5f04e0102547876b83786d4acb.jpg
183112,141,â€œèŠ±èŠ±ä¸–ç•Œè¿·äººçœ¼ï¼Œæ²¡æœ‰å®åŠ›åˆ«æ™’è„¸â€,2021-01-29 11:30:06,æ²™é›•æ–°é—»ç¬¬ä¸€æœŸ~,https://www.bilibili.com/video/BV11f4y167X1,http://i1.hdslb.com/bfs/archive/9fa0c896ce60cf9a3c48ad0c4f03e261facba60f.jpg
546903,192,â€œçˆ¸çˆ¸çš„å¿«ä¹ä½ æƒ³ä¸åˆ°â€,2021-01-27 11:30:17,BGM:Boney M. - Daddy Cool,https://www.bilibili.com/video/BV1Gh41117wG,http://i2.hdslb.com/bfs/archive/bdba78ae35c6a450b2e1bbb27473a907bcd80f45.jpg
5257396,2192,â€œæˆ‘ä»¬éƒ½å¯ä»¥å˜æˆå…‰â€,2021-01-22 11:30:13,BGMï¼šæ— åä¹‹è¾ˆ-å”æ±‰éœ„,https://www.bilibili.com/video/BV1hf4y1k7Sc,http://i2.hdslb.com/bfs/archive/8789210f6f81244f8ac6ebdef3956c58a404b33b.jpg
788551,409,â€œé¬¼å±‹è¿·æƒ‘è¡Œä¸ºå¤§èµâ€,2021-01-20 11:30:02,BGM : Witch Doctor - TheÂ Cartoons,https://www.bilibili.com/video/BV1Zv4y1Z7tQ,http://i0.hdslb.com/bfs/archive/3b52aa6dd10872a6a1671d4cbe0d247256357f41.jpg
211040,156,â€œå–µå’ªè¿·æƒ‘è¡Œä¸ºå®å½•â€,2021-01-16 11:30:03,BGMï¼šInner Circle - Games People Play,https://www.bilibili.com/video/BV1PV411b7Uh,http://i2.hdslb.com/bfs/archive/748633dfb28085e24d9717d8496f9ca90104bb21.jpg
1365332,704,â€œåˆ«å†é—®æˆ‘ä»€ä¹ˆæ˜¯è¿ªæ–¯ç§‘â€,2021-01-14 13:30:11,BGMï¼šåˆ«å†é—®æˆ‘ä»€ä¹ˆæ˜¯è¿ªæ–¯ç§‘-å¼ è”·,https://www.bilibili.com/video/BV1po4y1o7N5,http://i0.hdslb.com/bfs/archive/e023c8ae451d653177fcc49fff732f7d9abf7e14.jpg
457444,209,â€œå†¬æ—¥å‡ºé—¨è¡Œä¸ºæŒ‡å—â€,2021-01-12 11:30:01,BGMï¼šI Want You Back - Jackson 5,https://www.bilibili.com/video/BV1kK4y1579v,http://i1.hdslb.com/bfs/archive/cb9f0d53daf1d7e9d31b01a014da297053dc2349.jpg
2602310,612,â€œäººç±»æ„å¤–è¡Œä¸ºå®å½•â€,2021-01-08 11:30:06,BGM : Come and Get Your Love - Redbone,https://www.bilibili.com/video/BV1hy4y127uf,http://i2.hdslb.com/bfs/archive/59f3c49c05029c74c8014ddd1bb61b471dfd37c3.jpg
1992857,879,ä¸€ ç”Ÿ æ‡¸ å‘½,2021-01-06 11:30:00,BGMï¼šéŠåŠ© - ä¸€ç¬‘æ‡¸å‘½,https://www.bilibili.com/video/BV1Mi4y1c7Y3,http://i1.hdslb.com/bfs/archive/9e079778f2b93d44941ed89cf3b56f5a6b3517d7.jpg
238222,389,â€œä»–ä»€ä¹ˆéƒ½ä¸ç”¨åšï¼Œä»–ç«™åœ¨é‚£é‡Œï¼Œæˆ‘å°±ä¼šçˆ±ä»–â€,2020-12-29 17:00:18,"BGMï¼šHEST,Ni,Co - Bleeding Loveï¼ˆç¿»è‡ª Leona Lewisï¼‰",https://www.bilibili.com/video/BV185411H7HK,http://i1.hdslb.com/bfs/archive/795f3127049a89d1bb249b2f46cf8b0f96d024b6.jpg
2027078,1050,â€œæˆ‘è¦æ‚„æ‚„åœ°å­¦è½¦ï¼Œç„¶åæƒŠè‰³æ‰€æœ‰äººâ€,2020-12-25 11:30:02,BGMï¼šDschinghis Khan - Dschinghis Khan,https://www.bilibili.com/video/BV1kA411p7vG,http://i2.hdslb.com/bfs/archive/55f0f3db268f147ede92d101e3984fbf6e4036f5.jpg
155971,94,"""åŠ¨ç‰©è¿·æƒ‘è¡Œä¸ºå®å½•""",2020-12-23 11:30:07,BGM : Sweet California - Hey Mickey!,https://www.bilibili.com/video/BV1yV411h7cd,http://i2.hdslb.com/bfs/archive/3b8c8241676c3f0e580130d2cdd8d61113092d9c.jpg
230000,337,â€œ2020æ¸©æš–ç”Ÿæ´»å®å½•â€,2020-12-19 17:30:00,BGMï¼šé€ä½ ä¸€æœµå°çº¢èŠ±,https://www.bilibili.com/video/BV19Z4y1g7ck,http://i0.hdslb.com/bfs/archive/28338a749433af41477d03830381ac1b0cd31ec2.jpg
403695,404,â€œé‚£ä¸€å¤œæˆ‘ä¹Ÿæ›¾æ¢¦è§ç™¾ä¸‡é›„å…µâ€ä¸¨å¾·äº‘ç¤¾,2020-12-18 19:00:02,"BGMï¼šå›½é£å ‚,æå¸¸è¶… (Laoä¹¾å¦ˆ) - å›ä¸´å¤©ä¸‹ï¼ˆä¼´å¥ï¼‰
éƒ¨åˆ†ç´ æä¸ºç‹¬å®¶æˆæƒä½¿ç”¨ï¼Œä¸¥ç¦äºŒæ”¹ã€‚",https://www.bilibili.com/video/BV1U64y1f75s,http://i0.hdslb.com/bfs/archive/6580fccbebdb2cc5da7685e7799c1287ad933d17.jpg
3352329,868,â€œä½“è‚²åºŸæŸ´è¡Œä¸ºå®å½•â€,2020-12-16 11:30:07,BGMï¼šBob Seger - Ride Out,https://www.bilibili.com/video/BV12i4y1c7ih,http://i2.hdslb.com/bfs/archive/1a89e7b7e09be00324531595cabec295d9313df4.jpg
895414,198,â€œäººç±»å¤±è¯¯è¡Œä¸ºå®å½•â€,2020-12-10 11:30:00,BGM: The Party Cats - Purple People Eater,https://www.bilibili.com/video/BV1GK4y1L7aQ,http://i2.hdslb.com/bfs/archive/b7881d53e5cca0422b5891360eebcaaa3f2da07c.jpg
1045926,860,â€œå¨æˆ¿è¿·æƒ‘è¡Œä¸ºå¤§èµâ€,2020-12-08 17:30:09,BGM: Shampoo - Trouble,https://www.bilibili.com/video/BV13p4y1z7ZU,http://i2.hdslb.com/bfs/archive/d3d2540d8cbc81dc4062168b94809d2c10beea91.jpg
380087,461,â€œæˆ‘ä»¬ç”Ÿåœ¨æ²¼æ³½ï¼Œä½†ä¾ç„¶æœ‰äººä»°æœ›æ˜Ÿç©ºâ€,2020-12-04 17:30:12,ä¸€ä»£äººç»ˆå°†é•¿å¤§ï¼Œä½†æ€»æœ‰äººæ­£å°‘å¹´ã€‚,https://www.bilibili.com/video/BV1ay4y1q7AN,http://i0.hdslb.com/bfs/archive/809bd1b7bd905bb4d49cd8b4b16d845ec1254a96.jpg
1867510,1697,â€œæˆ‘å–œæ¬¢ä½ ï¼Œä½ åº”è¯¥ä¹ŸçŸ¥é“â€,2020-12-03 11:30:18,BGMï¼š ä¸Šæµ·å½©è™¹å®¤å†…åˆå”±å›¢ - æˆ‘å–œæ¬¢,https://www.bilibili.com/video/BV1Et4y1Y7Hi,http://i1.hdslb.com/bfs/archive/8e9ae54ee032df70438abdb2fcfd2071d50fda35.jpg
4541912,674,â€œäººç±»å€’éœ‰è¡Œä¸ºå®å½•â€,2020-12-01 11:30:01,BGM:é™†é€š - è†¨èƒ€,https://www.bilibili.com/video/BV1gt4y1Y76M,http://i1.hdslb.com/bfs/archive/11824b4d6fdad87359dc5064c0421b720913d654.jpg
126697,154,"""å¥³å¤§å­¦ç”Ÿè¿·æƒ‘è¡Œä¸ºå¤§èµ""",2020-11-28 16:10:17,BGM:AJR - The Entertainment's Here,https://www.bilibili.com/video/BV1Hy4y1q7jN,http://i0.hdslb.com/bfs/archive/854eb82261defd417fdf7e1c04cffccd36a1c6f6.jpg
114807,152,"""å¤§å¦ˆè¿·æƒ‘è¡Œä¸ºå¤§èµ""",2020-11-26 17:30:05,BGM: The Greasers - Old Time Rock 'n' Roll,https://www.bilibili.com/video/BV17Z4y1G7CT,http://i1.hdslb.com/bfs/archive/5b94c1c5a62af1124c4fd4d52bc17daeea92b27b.jpg
2631192,1824,â€œé›ªå¤©è¿·æƒ‘è¡Œä¸ºå¤§èµâ€,2020-11-24 17:30:15,BGMï¼šAJR - Burn the House Down,https://www.bilibili.com/video/BV1sr4y1c7Ap,http://i1.hdslb.com/bfs/archive/f4522c5dcd4958dc15d2ead3e24faf3748f9d4ce.jpg
331438,391,"â€œ12å¹´, 14æ—¶28åˆ†4ç§’, 461793äºº,â€",2020-11-21 14:25:05,åºšå­å¹´ï¼Œç¥å¥½ã€‚,https://www.bilibili.com/video/BV13K4y1j7tH,http://i0.hdslb.com/bfs/archive/dd63410584b12544784d92be869fa0e9cd7fb6c2.jpg
99311,151,äºº é—´ ç» è‰²,2020-11-19 17:00:06,BGMï¼šCalum Scott & Rebecca Thomas - You Are The Reason,https://www.bilibili.com/video/BV1fa4y1p7yA,http://i0.hdslb.com/bfs/archive/1a8aa295d7be33f4793f532528a6022c837d4b74.jpg
113572,155,ç”Ÿ æ´» ä¸‡ å²,2020-11-17 11:30:06,BGMï¼šMeghan Trainor - I'll Be There for You (_Friends_ 25th Anniversary),https://www.bilibili.com/video/BV1uA411x7kV,http://i0.hdslb.com/bfs/archive/75d50a43d7727f1d530f22366e6db6e2c2758fe7.jpg
83441,364,"""æˆ‘æƒ³å’Œè¿™ä¸ªä¸–ç•Œè°ˆè°ˆæ‹çˆ±""",2020-11-13 17:30:18,ä½ åœ¨ï¼Œæ˜¥åç§‹å®å¤è‰å†¬é›ªã€‚ ä½ ä¸åœ¨ï¼Œæ˜¥å¤ç§‹å†¬ã€‚,https://www.bilibili.com/video/BV1gV411a7pQ,http://i0.hdslb.com/bfs/archive/dbb276c396a3525f8f1eb9fc6afedf03fe6b71dd.jpg
64911,106,â€œå°æœ‹å‹çš„å¿«ä¹æœ´å®æ— åâ€,2020-11-11 11:40:43,æƒ³å…»ï¼,https://www.bilibili.com/video/BV1HA411j7er,http://i2.hdslb.com/bfs/archive/e279498bb0e1466f64c0a583a00f95eb08600179.jpg
352534,415,â€œä½†çª¥çœ‰ä¸Šå†¬ï¼Œæ‹‚å»çº¸ä¸Šç²ç‘â€,2020-11-06 17:30:07,"ä¸€æ„¿æ˜¥æ­£å¥½ï¼ŒäºŒæ„¿èº«æ— æ™ï¼Œä¸‰æ„¿ä¸å†æ·±å¤œæ•°å­¤æ˜Ÿã€‚
BGMï¼š é»„è¯—æ‰¶ - äººé—´ä¸å€¼å¾—",https://www.bilibili.com/video/BV1fz4y1C7yu,http://i1.hdslb.com/bfs/archive/543945a0603839928154099157d37fb8ca4634cc.jpg
225276,415,â€œæˆ‘å’Œç”Ÿæ´»éƒ½æœ‰ç‚¹éš¾è¿‡â€,2020-11-04 18:00:24,æœ¬ä»¥ä¸ºä¸–ç•Œä¸Šåªæœ‰æˆ‘ä¸€ä¸ªäººï¼Œç›´åˆ°å‘ç°äº†ä½ ä»¬ã€‚,https://www.bilibili.com/video/BV1Q5411L77t,http://i2.hdslb.com/bfs/archive/510d6ee1fd6c6a44f745944a40f137c9c2936931.jpg
63406,62,æ¯âš¡æ—¥âš¡äº¿âš¡é,2020-10-31 11:30:41,BGMï¼š S Club 7 - Bring It All Back,https://www.bilibili.com/video/BV1s5411L7Sf,http://i1.hdslb.com/bfs/archive/799a6e7335c347b9f535a123e3e599afac696e54.jpg
175284,256,æ‰“ å·¥ äºº,2020-10-28 17:30:34,"æˆ‘åœ¨äººé—´å‡‘æ•°çš„æ—¥å­

BGMï¼šè®¸å† æ° - åŠæ–¤å…«ä¸¤     åˆå”± - å¥½åƒçˆ±è¿™ä¸ªä¸–ç•Œå•Š",https://www.bilibili.com/video/BV1ZA411L7Q4,http://i0.hdslb.com/bfs/archive/4b1af10d6bf57386b70c1efaaa90ce75e3e7c772.jpg
1447933,350,çŒ› ç”· å¿… çœ‹,2020-10-23 11:34:22,BGMï¼šMattyB - The Royal Wedding Song,https://www.bilibili.com/video/BV1Jy4y1B7Xn,http://i0.hdslb.com/bfs/archive/9e0fbd1b1cdf668ce4fdb061945446012eefd344.jpg
123629,79,æ°‘ é—´ é«˜ æ‰‹,2020-10-21 11:20:26,BGMï¼šSaint Motel - Move,https://www.bilibili.com/video/BV13D4y1d7SC,http://i1.hdslb.com/bfs/archive/94c70728ad48d2f555d271f4ef2a361f9f8264c4.jpg
2060650,623,â€œå¤´å¥—ä¸€æˆ´ï¼Œè°ä¹Ÿä¸çˆ±â€,2020-10-16 18:20:50,BGMï¼š Dami Im - Smile,https://www.bilibili.com/video/BV1zy4y1C7j3,http://i2.hdslb.com/bfs/archive/8bde672f7fc55a7f8f93b5d0af28d8f4ae421393.jpg
168857,138,â€œä½ å¤§çˆ·è¿˜æ˜¯ä½ å¤§çˆ·â€,2020-10-14 13:30:21,BGM : Meghan Trainor - No Excuses,https://www.bilibili.com/video/BV1jK411A7jR,http://i2.hdslb.com/bfs/archive/0192b0b7de8454f767b6a65c92984e6cdb540c5b.jpg
472074,891,â€œæˆ‘ä»¬æ€€å¿µä»€ä¹ˆï¼Œå¤±å»çˆ±é‚£ä¸€åˆ»æ‰æ™“å¾—â€,2020-10-10 17:30:33,BGMï¼šæ¾ªæ©Seiwen - æ€ä¹ˆäº†ï¼ˆå¥³ç”Ÿç‰ˆï¼‰ï¼ˆç¿»è‡ª å‘¨å…´å“²ï¼‰,https://www.bilibili.com/video/BV14Z4y1L7yb,http://i0.hdslb.com/bfs/archive/9f4e09b911c560ef9fd78e20596bdfc66b4e386c.jpg
167492,116,å¿« ä¹ ç”· ç”Ÿ,2020-10-07 11:30:27,BGMï¼šSimple Plan - I Donâ€™t Wanna Be Sad,https://www.bilibili.com/video/BV1HK411N7WR,http://i0.hdslb.com/bfs/archive/53e1826e94acad405d7f6534e0eb6e59bc76098b.jpg
130742,126,æ²™ é›• å¥³ å­©,2020-10-04 11:30:31,"å¥³å­©å­å°±æ˜¯å å¯çˆ±çš„ï¼ï¼ï¼
BGMï¼šAriana Grande - They Don't Know",https://www.bilibili.com/video/BV1XD4y1R7LJ,http://i0.hdslb.com/bfs/archive/aa8386afa24d559bb002922a979aa1c4727ca40e.jpg
279294,389,â€œçˆ¶æ¯åœ¨ï¼Œä¸è¿œæ¸¸â€,2020-10-01 11:00:53,BGM: é…’å¹²å€˜å–æ— - å­™éœ²,https://www.bilibili.com/video/BV1qi4y1E74E,http://i2.hdslb.com/bfs/archive/3661330826354b01e7426ec58459c270e9b4b4cc.jpg
116315,134,è¢« è¿« è¥ ä¸š,2020-09-30 11:30:17,BGMï¼š Lou Bega - Angelina,https://www.bilibili.com/video/BV14K411N7nE,http://i2.hdslb.com/bfs/archive/c384c0a7e564db35d718ded9fd880a6815003f56.jpg
817547,271,â€œä½ çœ‹é‚£ä¸ªäººï¼Œå¥½åƒä¸€æ¡ç‹—â€,2020-09-26 11:30:34,BGMï¼šHolly Dolly - Don't Worry Be Happy,https://www.bilibili.com/video/BV1sy4y1k7ah,http://i2.hdslb.com/bfs/archive/0f90f0b4787295b6d86db09377777ddf81110300.jpg
122872,240,â€œå¸Œæœ›æˆ‘ä»¬èƒ½ä¸€èµ·æ…¢æ…¢å˜è€â€,2020-09-25 11:30:15,BGMï¼šJosh Turner - Soulmate,https://www.bilibili.com/video/BV1Vf4y1D7vc,http://i2.hdslb.com/bfs/archive/1d2ada04f4c676b384f55e72e51664b2898a7761.jpg
495888,218,â€œé‚£äº›å¹´ï¼Œä½ å‚åŠ çš„è¿åŠ¨ä¼šâ€,2020-09-23 13:00:48,"ä¸€æ—¦æ”¶è—è¿™é¦–æ­Œï¼Œæˆ‘çš„é«˜å†·äººè®¾å°±å´©äº†ã€‚
BGM: GALA - æ°´æ‰‹å…¬å›­",https://www.bilibili.com/video/BV1oa4y1j7o6,http://i0.hdslb.com/bfs/archive/10b9ddc19f1a057bc5f0015e2066de5d6353bb49.jpg
2270125,764,â€œå¥³ç”Ÿçš„å¿«ä¹ä½ æƒ³ä¸åˆ°â€,2020-09-19 11:40:34,BGMï¼šèŒƒæ™“è± & å¾ç†™å¨£ & å¤§S & é˜¿é›… - å§å¦¹ä»¬çš„èšä¼š,https://www.bilibili.com/video/BV1L541187YF,http://i0.hdslb.com/bfs/archive/a17877c6eaf3d3b7e624fecba9637d6b2e2b4709.jpg
6298684,1000,â€œç”·ç”Ÿçš„å¿«ä¹ä½ ä¸æ‡‚â€,2020-09-18 11:50:50,BGMï¼šAJR - Bud Like You,https://www.bilibili.com/video/BV1WZ4y1N723,http://i1.hdslb.com/bfs/archive/2b8562b03e0bf80fc60ce902cfb491ff3f6bac63.jpg
889311,751,æ´» åœ¨ å½“ ä¸‹,2020-09-15 18:50:14,"æ¥æ—¥å¯æœŸ

BGMï¼šMeghan Trainor - Good To Be Alive",https://www.bilibili.com/video/BV19v41117VW,http://i2.hdslb.com/bfs/archive/3ed99dda9e0ef8e5e1c9e4ebcaf9bc89a107e434.jpg
320340,672,â€œåˆä¸ºäººå¦»ï¼Œè¯·å¤šæŒ‡æ•™â€,2020-09-10 18:46:03,"é»„è€æ¿å”±äº†è®©äººæƒ³ç»“å©šï¼Œæˆ‘å”±äº†è®©äººæƒ³ç¦»å©šã€‚
BGM : Ed Sheeran - Perfect",https://www.bilibili.com/video/BV1Wy4y1y7QG,http://i0.hdslb.com/bfs/archive/7125dbf743bb766635087ad89805393b8da6d939.jpg
361704,161,â€œå½“ä»£è¿·æƒ‘è¡Œä¸ºå¤§èµâ€,2020-09-08 18:12:05,"ä»Šå¤©åˆæ˜¯è¢«æ‹¿æçš„ä¸€å¤©ï¼
BGMï¼šSexion d'Assaut - Ma direction",https://www.bilibili.com/video/BV1Zt4y1S7zD,http://i0.hdslb.com/bfs/archive/f48535878eb9d8226c098a44854508314d904ee5.jpg
83189,48,â€œä¸‡ç‰©æœ‰éš™ å…‰ä¹‹æ‰€åŠâ€ã€2020bilibiliæ··å‰ªå¤§èµ›æµ·é€‰å…¥å›´ç¨¿ä»¶ã€‘,2020-09-07 13:18:15,"ã€2020bilibiliæ··å‰ªå¤§èµ›å…¥å›´ç¨¿ä»¶ã€‘
æ´»åŠ¨å…¥å£ï¼šhttps://www.bilibili.com/blackboard/2020_bilibili_HJDS_pc.html",https://www.bilibili.com/video/BV1rV411m79R,http://i0.hdslb.com/bfs/archive/c245a8f9d95ce500160e7596b05616f328307ebc.jpg
408688,193,â€œæ°‘é—´è¿·æƒ‘è¡Œä¸ºå¤§èµâ€,2020-08-29 11:50:25,"å¾ˆå–œæ¬¢é²è¿…çš„ä¸€å¥è¯ï¼šä¸æƒ³èµ·åºŠå°±åˆ«èµ·äº†ã€‚

BGM : AJR - Let the Games Begin",https://www.bilibili.com/video/BV1bA411n76h,http://i0.hdslb.com/bfs/archive/27fbdd065d0c4dc0d486cee740c509b145fb6d61.jpg
1420494,1158,ç¬‘ éª‚ ç”± äºº,2020-08-26 19:45:28,"è‡ªå·±æƒ³å¹²ä»€ä¹ˆå°±å¹²ä»€ä¹ˆï¼Œåˆ«è®©ä½ è¿™ä¸€è¾ˆå­è¿‡çš„ä¸å¿«ä¹ã€‚

BGM ï¼š é˜¿æ¢¨ç²¤ - ã€Šæ²‰é»˜æ˜¯é‡‘ ã€‹ï¼ˆç¿»è‡ª å¼ å›½è£ï¼‰",https://www.bilibili.com/video/BV1dZ4y1P7QL,http://i2.hdslb.com/bfs/archive/0bdbd306696d8cf9eadfe5ba8a4affe03a2ff921.jpg
274920,189,"""é©¬è·¯è¿·æƒ‘è¡Œä¸ºå¤§èµ""",2020-08-18 12:30:38,"BGM: SIGMA,Paloma Faith - Changing [Goldsmyth Edition]",https://www.bilibili.com/video/BV1XC4y1t71d,http://i0.hdslb.com/bfs/archive/c3fe2ce8d7310cb4a0da0203db32c84d9a6133b6.jpg
1520225,422,"""äººç±»è¿·æƒ‘è¡Œä¸ºå¤§èµ""",2020-08-06 13:53:14,"ç”·äººè‡³æ­»æ˜¯å°‘å¹´ã€‚

BGM : Village People - YMCA",https://www.bilibili.com/video/BV1tK4y1v7RN,http://i0.hdslb.com/bfs/archive/144671fb0bd5eab1dcd10d16bb4a414d709669bc.jpg
1533148,1032,â€œäººç”Ÿç™¾æ€ç”Ÿæ´»å¤§èµâ€,2020-08-01 17:30:45,ç”Ÿä¸å‡ºäººï¼Œæˆ‘å¾ˆæŠ±æ­‰ã€‚,https://www.bilibili.com/video/BV1m54y1v7iv,http://i0.hdslb.com/bfs/archive/a4561ac7ec744d00105dc4c6fc9979f06a34e3b5.jpg
1873768,799,â€œäººé—´è¿·æƒ‘è¡Œä¸ºå¤§èµâ€,2020-07-23 12:30:56,Venus - å­™ç‡•å§¿,https://www.bilibili.com/video/BV1CZ4y1T7Ge,http://i2.hdslb.com/bfs/archive/b7d490e8cb40bde77955ffae212bd3138f55f7cf.jpg
19908437,7954,â€œäººç±»è¿·æƒ‘è¡Œä¸ºå¤§èµâ€,2020-07-15 12:30:21,i love you.,https://www.bilibili.com/video/BV1Rt4y197zN,http://i1.hdslb.com/bfs/archive/3290f8a0b8c3b5a701071727cd67e4682fe8b2ed.jpg
160177,397,â€œæˆ‘çŸ¥é“ä½ ä¸å¼€å¿ƒâ€,2020-07-13 18:00:54,BGMï¼šA Thousand Papers Of Pain (Hezaran Dorna Az Dard),https://www.bilibili.com/video/BV18t4y1Q73H,http://i1.hdslb.com/bfs/archive/2a6c9cbb967a839878f7425dbce57b81ca60846d.jpg
389417,591,â€œæ„¿ä½ å‡ºèµ°åŠç”Ÿï¼Œå½’æ¥ä»æ˜¯å°‘å¹´â€,2020-07-10 17:53:27,é£ä¹èµ·ï¼Œåˆå½“å¥‹æ„å‘äººç”Ÿã€‚,https://www.bilibili.com/video/BV1Ak4y1B7s3,http://i1.hdslb.com/bfs/archive/f291e41cf45587a0c3c02d0e79d7727e9ef77ac1.jpg
91272,219,â€œè¿™ä¸–ç•ŒçœŸå¥½ï¼Œåƒé‡ä¸œè¥¿éƒ½è¦ç•™å‡ºè¿™æ¡å‘½æ¥çœ‹â€,2020-07-08 18:55:37,"è¿™ä¸–ç•Œè¿™ä¹ˆå¥½ï¼Œç°åœ¨æˆ‘éƒ½æ²¡æƒ³æ­»ã€‚è¿™ä¸–ç•Œçº¢çº¢ç«ç«çš„ï¼Œä¼šæƒ³æ­»å—ï¼Œæ²¡æƒ³çš„ã€‚æ²¡å¾—åƒçš„æ…¢æ…¢æ¥ â€”ã€Šä¸‰åäºŒã€‹éŸ¦ç»å…°è€äºº

ç´ æï¼šã€ŠäºŒåäºŒã€‹ã€Šä¸‰åäºŒã€‹
BGMï¼šåˆ˜è”“ - å¤©é¹…",https://www.bilibili.com/video/BV1yK4y1s7zP,http://i1.hdslb.com/bfs/archive/93a783b177a62114ed2bc731deb76220c087473d.jpg
1592200,1354,â€œæ›¾è®©äººå¿ƒç–¼çš„å§‘å¨˜ï¼Œå·²ä½œä»–äººå¥³å‹â€,2020-07-02 18:20:40,å¹²æ¯ã€‚,https://www.bilibili.com/video/BV1Cp4y1U7v3,http://i0.hdslb.com/bfs/archive/27e2e3ef2181fff4758585fbef856c3b3f9419ee.jpg
6695112,7817,â€œä½ å¤ªå¹²å‡€äº†ï¼Œä½ ä¸æ‡‚ã€‚â€,2020-06-25 18:15:11,æˆ‘çœ‹è§ä½ åå¤èˆ”èˆä½ çš„ä¼¤å£ï¼Œéš¾æ€ªå®ƒä¸èƒ½ç»“ç—‚ã€‚,https://www.bilibili.com/video/BV1xg4y1v7vP,http://i2.hdslb.com/bfs/archive/06d54563289234d1cc51b290d105b3114a87ad9a.jpg
19302186,7484,â€œæ¯æ—¥äº¿éï¼Œæ¬¢ä¹æ— é™â€,2020-06-10 18:48:04,"è¹­ä¸ªçƒ­åº¦ï¼Œä½•å¿…å½“çœŸ(*â‰§ï¸¶â‰¦))
BGMï¼šãŠã©ã‚‹ãƒãƒ³ãƒã‚³ãƒªãƒ³ -  ã‚´ãƒ¼ãƒ«ãƒ‡ãƒ³ãƒœãƒ³ãƒãƒ¼",https://www.bilibili.com/video/BV1Sk4y1B76w,http://i1.hdslb.com/bfs/archive/61cb602c9f753c80ce40884c6457cea71cfc54c9.jpg
166560,197,â€æ¶ æ¬² æ¶©â€œ,2020-06-04 19:55:35,åˆ«äººç”¨æ¸©æƒ…å¾æœä½ ï¼Œ è€Œæˆ‘è¦ç”¨ææ€–ï¼Œ ç»Ÿæ²»ä½ çš„é’æ˜¥ï¼Œ æ”¯é…ä½ çš„ç”Ÿå‘½ã€‚,https://www.bilibili.com/video/BV1ZK411H7XZ,http://i1.hdslb.com/bfs/archive/aec0f39662b8dd65a1e9e7a80bc059b63ec8509a.jpg
428377,466,â€œæ¯å¤©ä¸€éï¼Œç«¥å¹´å†è§â€,2020-06-01 19:45:38,"ç°åœ¨æ»¡è¡—éƒ½æ˜¯ç©¿ç€æš´éœ²çš„å§‘å¨˜,è½¦æ¥è½¦å¾€åªæœ‰å‘åŠ¨æœºçš„å£°å“ã€‚
é‚£ç¾¤å–„è‰¯çš„é‚»å±…èµ°äº†,é‚£ä¸ªç«¥å¹´çš„ç©ä¼´ä¹Ÿé•¿å¤§äº†ã€‚

BGMï¼šæœºå™¨é“ƒ ç èœåˆ€ -  å¼ å«

æ„Ÿè°¢éƒ¨åˆ†ç´ ææä¾›ï¼šå²›å±¿è¥¿åŸ",https://www.bilibili.com/video/BV1Nv41167uZ,http://i1.hdslb.com/bfs/archive/02d760028e5c8487cc61c00f44ef045236546b29.jpg
288616,567,â€œè·ƒå…¥äººæµ·ï¼Œå„å¥”å‰ç¨‹â€,2020-05-26 18:38:12,æ„¿æ‰€æœ‰æ¯•ä¸šç”Ÿæ¶Œå…¥äººæµ·ï¼Œä¹Ÿä¸å¤±å…‰å½©ã€‚,https://www.bilibili.com/video/BV1tz4y1978p,http://i1.hdslb.com/bfs/archive/cb75454925e026217c9b4ae7f76190a58e73766a.jpg
3993732,2527,â€œä½ è¿˜è¦è·³èˆå—â€,2020-05-20 17:42:22,å¨±ä¹è€Œå·²ï¼Œç¥ä½ å¿«ä¹ã€‚,https://www.bilibili.com/video/BV13k4y1672D,http://i1.hdslb.com/bfs/archive/1edd09d978926e03394479b94d2e9cc419d9b34a.jpg
179214,637,â€œæˆ‘å°±æ˜¯å‘½ä¸å¥½â€,2020-05-17 18:38:55,"BGMï¼šå½©è™¹å±± - æ–‡é›€

æ„Ÿè°¢å¤§å®¶çš„ä¸‰è¿ï¼Œæœ¬æœŸè§†é¢‘æŠ½ä¸‰ä½å°ä¼™ä¼´é€å¤§ä¼šå‘˜ã€‚
æŠ½å¥–æƒé™ä¸ºï¼šè§£è¯»è§†é¢‘å†…æ¶µ/å½©è›‹/è®½åˆº/é•œå¤´è¯­è¨€ç­‰
æ—¶é™ä¸€å‘¨ï¼Œæ¬¢è¿å¤§å®¶å‚ä¸äº’åŠ¨~

è§†é¢‘çµæ„Ÿæœ‰éƒ¨åˆ†å€Ÿé‰´äºæ–°ç‰‡åœºç§¦å‹‡å…ˆç”Ÿçš„ä½œå“.",https://www.bilibili.com/video/BV1qi4y147ms,http://i2.hdslb.com/bfs/archive/d1847371a0212ddf5ec7678d571c9c605c433876.jpg
44313,90,â€œå¦ˆå¦ˆä»Šå¤©ä¹Ÿæ˜¯å°æœ‹å‹å“¦â€,2020-05-10 21:13:34,"ç´ æå‡æ¥è‡ªå¿«æ‰‹APP

BGMï¼šç»™ä½ ç»™æˆ‘ - æ¯›ä¸æ˜“

ä½ å…ˆæ˜¯ä½ è‡ªå·± ç„¶åæ‰æ˜¯æˆ‘å¦ˆå¦ˆ æ„¿å²æœˆæ¸©æŸ”ä»¥å¾…ä½  çˆ±ä½ ä¸æ­¢ä¸‰åƒéã€‚",https://www.bilibili.com/video/BV1Tg4y167uw,http://i0.hdslb.com/bfs/archive/0adc1eb06e82a143907ac1e4b7d680d884c748a8.jpg
61431,224,ä¸­å›½ Â· åæµª,2020-05-08 18:55:35,æ²¡ä»€ä¹ˆå¥½è¯´çš„ï¼Œå°±ç¥å¤§å®¶æ–°å¹´å¿«ä¹å§ã€‚,https://www.bilibili.com/video/BV15A411t785,http://i1.hdslb.com/bfs/archive/cf9028acd411bc41cd3b94fdf712ea59c5e06c5c.jpg
186603,518,"â€œè™½ç„¶ä½ æˆ‘ä¼šä¸‹è½ä¸æ˜,ä½ çŸ¥é“æˆ‘æ›¾ä¸ºä½ åŠ¨è¿‡æƒ…â€",2020-05-02 20:00:54,æˆ‘ä»¬æ³¨å®šè¦å¤±å»æ‰€çˆ±ä¹‹äººï¼Œä¸ç„¶æˆ‘ä»¬æ€ä¹ˆçŸ¥é“ä»–ä»¬åœ¨æˆ‘ä»¬ç”Ÿå‘½ä¸­æœ‰å¤šé‡è¦ã€‚,https://www.bilibili.com/video/BV1QT4y137yg,http://i2.hdslb.com/bfs/archive/6396bb818f2c302405ab8cb40a03bb045bbe2905.jpg
8506052,1821,â€œçŒ›å¥³å¿…çœ‹ï¼ŒçŒ›ç”·è½æ³ªâ€,2020-04-28 18:41:35,é¦‹æ­»æˆ‘äº†ã€‚,https://www.bilibili.com/video/BV1Ef4y1m7v7,http://i0.hdslb.com/bfs/archive/9e0fbd1b1cdf668ce4fdb061945446012eefd344.jpg
78162,245,â€œå¦‚æœä½ è¿˜æœ‰æ¢¦ï¼Œå°±è¯¥å‹‡æ•¢å»è¿½â€,2020-04-26 18:24:12,"æ´»å‡ºè‡ªå·±çš„ç²¾å½©ã€‚

BGMï¼šReally Slow Motion - Sunder - Beat Remix
Apollo's Triumph (Paul Dinletir Remix)",https://www.bilibili.com/video/BV1Jz411z7Eo,http://i1.hdslb.com/bfs/archive/2883d0393ad57acaa11097b421e2549e55e46f63.jpg
62842,201,å¤ Â· å’Œä½ ,2020-04-23 19:07:22,"é…éŸ³ï¼š@ç»«äººå¤ªå¤ªå•Š @æµ·é²œè¿‡æ•çš„çŒ«- @ä½©ç–ya 
BGMï¼šã‚³ãƒ¼ã‚®ã‚³ãƒ†ãƒ¼ã‚¸ã®åˆå¤
ç´ æï¼šã€Šæµ·è¡—æ—¥è®°ã€‹ã€Šæ­¥å±¥ä¸åœã€‹ã€Šé’æœ¨ç“œä¹‹å‘³ã€‹ã€Šå°æ£®æ—ã€‹ã€Šæ©å¨‡ã€‹ã€Šæ£®å±±ä¸­æ•™ä¹ æ‰€ã€‹ã€Šå˜‰å¹´åã€‹ã€ŠèŠæ¬¡éƒçš„å¤å¤©ã€‹ã€Šä¹ä¸‰å¹´å¤å¤©ã€‹ã€Šé˜³å…‰ç¿çƒ‚çš„æ—¥å­ã€‹ã€Šä½›ç½—é‡Œè¾¾ä¹å›­ã€‹ã€Šæ™®ç½—æ—ºæ–¯çš„å¤å¤©ã€‹ã€Šå†¬å†¬çš„å‡æœŸã€‹ã€Šå“ªå•Šå“ªå•Šç¥å»æ‘ã€‹ã€Šè¯·ä»¥ä½ çš„åå­—å‘¼å”¤æˆ‘ã€‹ã€Šæ´›ä¸½å¡”ã€‹ã€Šçˆ±ä½ ï¼Œç½—èŒœã€‹ã€Šç‡ƒçƒ§ã€‹",https://www.bilibili.com/video/BV1wA41187hc,http://i0.hdslb.com/bfs/archive/d9f43788833b544a5ea3ef54daa40ecd8cf578d7.jpg
332817,765,æˆ‘èº«åæ˜¯å’Œå¹³ï¼Œæˆ‘é¢å‰æ˜¯æˆ˜äº‰ã€‚,2020-04-18 18:08:23,"æˆ‘è¦æ€ä¹ˆæ´»ä¸‹å»ï¼Œæ‰èƒ½å’Œä½ å…±åº¦ä½™ç”Ÿï¼Ÿ

BGMï¼šã€ŠZombie - Damned Anthemã€‹ã€Šç§¦æ·®æ²³ - ç”µå½±åŸå£°å¸¦ã€‹ 
ç´ æï¼šã€Šä¸€ä¹å››äºŒã€‹ã€Šç™¾å›¢å¤§æˆ˜ã€‹ã€Šç©¿æ¡çº¹ç¡è¡£çš„ç”·å­©ã€‹ã€Šé›†ç»“å·ã€‹ã€Šé‡‘é™µåä¸‰é’—ã€‹ã€Šç¾ä¸½äººç”Ÿã€‹ã€Šé‚£äº›å¥³äººã€‹ ã€Šå—äº¬ï¼å—äº¬ï¼ã€‹ã€Šè‚–ç”³å…‹çš„æ•‘èµã€‹ã€Šè¾›å¾·å‹’çš„åå•ã€‹ã€Šè¾›äº¥é©å‘½ã€‹  ã€Šè¡€æˆ˜é’¢é”¯å²­ã€‹ã€Šçç æ¸¯ã€‹

æ„Ÿè°¢å¥½æœ‹å‹è€ç‹ï¼ˆçå‰ªå›ï¼‰çš„ç´ ææ”¯æŒã€‚",https://www.bilibili.com/video/BV1864y1T7BW,http://i0.hdslb.com/bfs/archive/c39deb4122b0a51acc91ddf2b2b237b4c6273e76.jpg
223375,489,è°¢è°¢ä½ è¿™ä¹ˆå¹´è½»å°±è®©æˆ‘è®¤è¯†äº†ä½ ,2020-04-14 18:40:09,BGM:Whatcha Reckon - Josh Turner,https://www.bilibili.com/video/BV1vk4y1R7rY,http://i1.hdslb.com/bfs/archive/611d99e8f7bb243cab16eaf6ce5a9cdeffcb22e0.jpg
211147,460,Ë¡â€™Ë¡Ë¡ áµ‡áµ‰ Ê¸áµ’áµ˜Ê³ Ë¡â±áµÊ°áµ—Ê°áµ’áµ˜Ë¢áµ‰,2020-04-11 17:21:52,"æˆ‘è‹¥æ˜¯æ¸¸å­ï¼Œä½ ä¾¿æ˜¯äººé—´ã€‚
BGM:å‘¨æ·± â€” Monsters (Live)
ç”µå½±ï¼šã€Šè¶…äººæ€»åŠ¨å‘˜ã€‹1/2ã€Šå†°é›ªå¥‡ç¼˜ã€‹1/2ã€Šè¶…èƒ½é™†æˆ˜é˜Ÿã€‹ã€Šç–¯ç‹‚åŠ¨ç‰©åŸã€‹ã€Šç¾é£Ÿæ€»åŠ¨å‘˜ã€‹ã€Šå¯»æ¢¦ç¯æ¸¸è®°ã€‹ã€Šæé¾™å½“å®¶ã€‹ã€Šå‹‡æ•¢ä¼ è¯´ã€‹",https://www.bilibili.com/video/BV16K4y1r7hV,http://i2.hdslb.com/bfs/archive/7a19645a7ab1d177835c6744768a511a0175e01a.jpg
164082,491,â€œä¹¾å¤æœªå®šï¼Œä½ æˆ‘çš†æ˜¯é»‘é©¬â€,2020-04-07 19:01:48,ä½ ä¸‰å››æœˆåšçš„äº‹ï¼Œä¸ƒå…«æœˆè‡ªä¼šæœ‰ç­”æ¡ˆã€‚,https://www.bilibili.com/video/BV1sg4y187cH,http://i1.hdslb.com/bfs/archive/6044c58818759ac83f696021f6c18111eb0ac7d9.jpg
259069,699,â€œå»TMçš„å‘½è¿â€,2020-04-02 19:30:11,ç´¯äº†ã€‚,https://www.bilibili.com/video/BV19t4y1m7kp,http://i0.hdslb.com/bfs/archive/cac539e1d7e8cc424a3f491cf628ff913fd0491e.jpg
121280,478,æˆ‘çˆ±è¿‡ä½ ,2020-03-27 23:01:40,æˆ‘çˆ±è¿‡ä½ ï¼Œæ²¡æœ‰ç„¶åï¼Œä»…æ­¤è€Œå·²ï¼Œä¸èƒ½å†å¤šã€‚,https://www.bilibili.com/video/BV1p7411971u,http://i0.hdslb.com/bfs/archive/8dd45a92caa5796e467dbb49f8aa3f9375a16461.jpg
134832,278,ã€é«˜ç‡ƒã€‘é’å¹´é“å†›æˆ˜åœ¨å‰ï¼ï¼ˆçŒ®ç»™å¹³å‡¡è€Œè‹±é›„çš„ä½ ï¼‰,2020-03-24 19:00:31,"ã€Šæˆ˜åœ¨å‰ã€‹
è”åˆå‡ºå“ï¼šå¹¿ä¸œå…±é’å›¢ã€è‚‡åº†å¸‚ç«¯å·åŒºäººæ°‘æ£€å¯Ÿé™¢
ç‰¹åˆ«é¸£è°¢ï¼šæ­£ä¹‰ç½‘ã€è‚‡åº†å¸‚äººæ°‘æ£€å¯Ÿé™¢
å‡º  å“  äººï¼šæ¨æ–°å
ç›‘       åˆ¶ï¼šåŒº    å½ª
ç»Ÿç­¹ç­–åˆ’ï¼šæŸ¯    è•¾
ä½œ       è¯ï¼šæŸ¯    è•¾
æ¼”       å”±ï¼šå’•    å½ã€å¤§æŸšå­
æ­Œ       æ›²ï¼šä¸‰æ˜Ÿå †å·¥ä½œå®¤
è§†é¢‘å‰ªè¾‘ï¼šé”¦ä¹¦è‡´å—è¾
åˆ¶ä½œååŠ©ï¼šLewisåšå£«

æ­Œè¯ï¼š
ç–«ï¼Œå‚¬ç”Ÿä¸–äº‹æ— å¸¸ï¼Œè¯¸èˆ¬å›°å„ç…§è§ä¼—ç”Ÿç™¾ç›¸
ç½ªï¼Œè§ç¼ä¼ºæœºç¿»æµªï¼ŒæŠ˜å°„å‡ºäººå¿ƒæœ€å¤æ‚æ¬²æœ›
æ”¿ï¼Œå®šæ°‘å¿ƒå¸ƒæ”»é˜²ï¼Œç‹‚æ¾œå‰æŠ«æ˜Ÿæˆ´æœˆç»ä¸é€€è®©
æ³•ï¼Œå¹³æƒŠæ¶›æ­¢ä¹±è±¡ï¼Œé›·éœ†ä¹‹åŠ¿æå«ç§©åºå¦‚å¸¸

æ°‘",https://www.bilibili.com/video/BV127411m7zM,http://i0.hdslb.com/bfs/archive/89a5823544484d325dec8d2191f8496fe590af63.jpg
103636,383,â€œç­‰ç€ç­‰ç€å°±è€äº†â€,2020-03-19 18:34:52,åˆ«å¿ƒåŠ¨ï¼Œå»è¡ŒåŠ¨ï¼Œå†ç­‰ç€ç­‰ç€æ¢¦æƒ³å°±è€äº†ã€‚,https://www.bilibili.com/video/BV1G7411R7vE,http://i2.hdslb.com/bfs/archive/7d0fa425a5d8c0ffbc2502f1ac4fc67d86bbbcc4.jpg
702447,1693,â€œå˜¿ï¼Œæˆ‘çˆ±ä½ â€,2020-03-14 17:20:40,BGM:çˆ±ä½ -ç‹è´°æµª,https://www.bilibili.com/video/BV1qE411G7Vm,http://i2.hdslb.com/bfs/archive/198f6684283eda271a34ae5dab662307022847f1.jpg
733481,1166,â€œçŒ›ç”·å¿…çœ‹â€,2020-03-11 18:00:51,BGM: æš–æš–ï¼ˆå„¿ç«¥æ–°ç¼–ç‰ˆï¼‰- åœˆåœˆå®è´,https://www.bilibili.com/video/BV19E411N7qS,http://i1.hdslb.com/bfs/archive/d2f421313eed0ba006e6df3f4a50cce439ad878b.jpg
486025,1169,â€œå‘Šè¯‰ä½ å¦ˆï¼Œæˆ‘ä¹°å¾—èµ·æˆ¿å­äº†â€,2020-03-09 18:00:07,"æœ€å¼€å§‹çš„æ—¶å€™ï¼Œæˆ‘ä»¥ä¸ºçˆ±æƒ…å¯ä»¥è¶…è¶Šä¸€åˆ‡é˜»ç¢ã€‚
åæ¥æˆ‘å‘ç°ï¼Œä»»ä½•é˜»ç¢éƒ½å¯ä»¥æ€æ­»çˆ±æƒ…ã€‚
æˆ‘æ²¡æœ‰ä½ä¼°ä½ é™ªæˆ‘åƒè‹¦çš„å†³å¿ƒï¼Œä½ ä¸æ‡‚äº‹ï¼Œæˆ‘å¾—æ‡‚ã€‚

ç´ æï¼šã€Šåæ¥çš„æˆ‘ä»¬ã€‹ã€Šå¤§çº¦åœ¨å†¬å­£ã€‹ã€Šä»ä½ çš„å…¨ä¸–ç•Œè·¯è¿‡ã€‹ã€Šæˆ‘æƒ³å’Œä½ å¥½å¥½çš„ã€‹ã€ŠåŠä¸ªå–œå‰§ã€‹ã€ŠåŠ¨ç‰©ä¸–ç•Œã€‹ã€Šä¸€å‡ºå¥½æˆã€‹ã€Šè¥¿è™¹å¸‚é¦–å¯Œã€‹ã€Šå‡è£…æƒ…ä¾£ã€‹ã€Š101æ¬¡æ±‚å©šã€‹ã€Šæ¥ç”µç‹‚å“ã€‹ã€Šå¹•åç©å®¶ã€‹ã€Š21å…‹æ‹‰ã€‹ã€Šå…­å¼„å’–å•¡é¦†ã€‹ã€Šä¹˜é£ç ´æµªã€‹ã€Šå¹å“¨äººã€‹ã€Šè‡´æˆ‘ä»¬ç»ˆå°†é€å»çš„é’æ˜¥ã€‹ã€Šè¢«å…‰æŠ“èµ°çš„äººã€‹ã€Šå±±æ²³æ•…äººã€‹ã€Šäº²çˆ±çš„æ–°å¹´å¥½ã€‹ã€Šé›ªæš´ã€‹ã€Šå¤±æ‹33å¤©ã€‹ã€ŠåŒæ¡Œçš„ä½ ã€‹
BGM : å¹´å°‘æœ‰ä¸º â€” æè£æµ©",https://www.bilibili.com/video/BV1hE411M7ki,http://i2.hdslb.com/bfs/archive/34c00bea2b9f96407b4b263bbe95c59c0077420b.jpg
527616,1271,â€œæˆ‘åªæƒ³åšä½ çš„å¤ªé˜³â€,2020-03-05 18:00:44,è°¢è°¢ä½ è¿™ä¹ˆå¹´è½»å°±è®©æˆ‘è®¤è¯†ä½ ã€‚,https://www.bilibili.com/video/BV1QE411s7nW,http://i0.hdslb.com/bfs/archive/ba736f0828420b982c332b8f2d11dc348eacbc01.jpg
5586301,3863,"â€œæˆ‘æ¯å¤©éƒ½åœ¨ç¬‘,ä½ çŒœæˆ‘è¿‡å¾—å¥½ä¸å¥½""",2020-02-29 22:07:01,ä½ åœ¨å¤œé‡Œè´¹åŠ›æ€è€ƒäººç”Ÿåæ³ªæµæ»¡é¢çš„æ ·å­å¾ˆç‹¼ç‹ˆã€‚,https://www.bilibili.com/video/BV1rE411J7Mw,http://i1.hdslb.com/bfs/archive/23994ddf8d0323e9882c4252a394906ff4349fc3.jpg
186110,439,â€œè¿™å°±æ˜¯æˆ‘â€,2020-02-28 18:00:42,å¦‚æœæˆ‘è®©æ‰€æœ‰äººæ»¡æ„ï¼Œæˆ‘è‡ªå·±å°±ä¼šä¸æ»¡æ„ã€‚,https://www.bilibili.com/video/BV1a7411N7zj,http://i1.hdslb.com/bfs/archive/fd6f8a213bd02ec21dafcfc0ab5a614a9d0cfe35.jpg
195447,387,æµ·ä¸å±±ï¼Œé£å’Œæœˆï¼Œã€Šå†¬çœ ã€‹ä¹‹åå†ç›¸çº¦,2020-02-26 18:00:42,ä½ æ‰è¿›è‹±é›„çš„åŸå¸‚ï¼Œæˆ‘ä»¬ç­‰å¾…è‹±é›„çš„å‡¯æ—‹ã€‚,https://www.bilibili.com/video/BV1p7411M7t3,http://i2.hdslb.com/bfs/archive/3378e765d9a0560af5e85b404a723a818e1a60aa.jpg
68110,294,â€œæˆ‘å°±æ˜¯é¦‹ä½ èº«å­â€,2020-02-16 18:28:55,Alina Baraz _ Galimatias - Unfold,https://www.bilibili.com/video/BV1Z741177Bj,http://i0.hdslb.com/bfs/archive/3e03b06a3510935616c53abc09090cfcd319b0b1.jpg
2502803,4244,â€œä½ éƒ½30å²äº†â€,2020-02-13 22:27:33,Goldmund - The Wind Sings,https://www.bilibili.com/video/BV197411371q,http://i0.hdslb.com/bfs/archive/7cd25f991a84dcd1fb0d55072aadd494d26134cd.jpg
561197,1181,â€œä¸–äººçš†è‹¦ï¼Œå”¯å¿ƒä¸æ˜“â€,2020-02-10 18:41:43,å¦‚æœä½ ä¸€ç”Ÿåªæœ‰ä¸€æ¬¡ç¿»èº«çš„æœºä¼šï¼Œé‚£å°±ç”¨å°½å…¨åŠ›ã€‚,https://www.bilibili.com/video/BV1Q741147Yn,http://i2.hdslb.com/bfs/archive/56f8738b4fce9d5bdd45f45205a363519d48fdee.jpg
188407,513,â€œä¸€ä¸‡å¹´å¤ªä¹…äº†ï¼Œå°±çˆ±ç°åœ¨å§â€,2020-02-09 18:45:44,"æˆ‘ä¸æ˜¯å­™æ‚Ÿç©º,ä¸æ˜¯è‡³å°Šå®ï¼Œ
æˆ‘æ˜¯åŸå¢™ä¸‹é‚£ä¸€ç¾¤äººä¸­çš„æŸä¸€ä¸ªï¼Œ
è§‚æœ›ç€åˆ«äººçš„çˆ±æƒ…,å’€åš¼ç€è‡ªå·±çš„é’æ˜¥ï¼Œ
æ´»å¾—åƒåªç‹—ã€‚",https://www.bilibili.com/video/BV1G7411b7QV,http://i1.hdslb.com/bfs/archive/3c788f3e23546cf18b05062c0610881665efc778.jpg
5117301,7436,"""æœ‰äº›äººä¸€æ—¦é”™è¿‡å°±ä¸å†â€",2020-02-04 17:07:02,æœæš®ä¸å¹´å²å¹¶å¾€ï¼Œä¸ä½ ä¸€èµ·å…±è‡³å…‰å¹´ã€‚,https://www.bilibili.com/video/BV1Q7411p7dB,http://i2.hdslb.com/bfs/archive/7cf373b3dcd025e4950202dda919a7ca39714142.jpg
163475,1533,â€œç”Ÿæ—¥å¿«ä¹â€,2020-02-03 19:55:29,"ç¥ä½ å¿«ä¹ ä¸åªç”Ÿæ—¥ã€‚
æ„¿ä½ å¹³å®‰ æ„¿ä½ å–œä¹ æ„¿ä½ å®‰åº· æ„¿ä½ ç™¾å²å®‰ç”Ÿä¸ç¦»ç¬‘ è¿™ä¾¿å°±æ˜¯æˆ‘è¦çš„é•¿å¹¸ã€‚",https://www.bilibili.com/video/BV1c7411p78t,http://i0.hdslb.com/bfs/archive/db03079e87a6b5dc85278c4978fec91058742872.jpg
45662,132,â€œå¸Œæœ›å››æœˆæ­¦æ±‰æ¨±èŠ±çƒ‚æ¼«æ—¶ï¼Œå¥¹ä¸å†å°åŸâ€,2020-02-02 12:30:54,"å‘æ¯ä¸€ä½â€œé€†è¡Œè€…â€è‡´æ•¬ã€‚ 
  ä¸€åº§åŸï¼Œå› ä¸ºæœ‰çˆ±ï¼Œæ‰€ä»¥æ¸©æš–ï¼Œå› ä¸ºæ¸©æš–ï¼Œæ›´æœ‰åŠ›é‡ã€‚
æˆ‘ä»¬åšä¿¡ï¼Œä¼—å¿—æˆåŸã€åŒå¿ƒæˆ˜â€œç–«â€ï¼Œç–«æƒ…ç»ˆå°†è¢«å‡»è´¥ï¼Œæ˜¥å¤©å¿…ä¼šç¹èŠ±çƒ‚æ¼«ã€‚",https://www.bilibili.com/video/BV1X7411x7Tw,http://i2.hdslb.com/bfs/archive/cc92e6dfe228878d9555350f49d70b9c137c114d.jpg
5422639,7900,â€œæ„¿ä½ è¢«è¿™ä¸ªä¸–ç•Œæ¸©æŸ”ä»¥å¾…â€,2020-01-17 17:31:03,"ç”Ÿæ´»ä¸æ˜“ï¼Œä½†æ˜¯å¹²æ¯ã€‚

BGMï¼šShirfine - Illusionary Daytime

ç´ æå‡å–è‡ªç½‘ç»œ ä¾µåˆ 
æœ¬è§†é¢‘æ— å•†ä¸šç”¨é€” çº¯å±ä¸ªäººçˆ±å¥½åˆ¶ä½œ ç‰ˆæƒå½’åŸä½œè€…ï¼ˆå…¬å¸ï¼‰æ‰€æœ‰ã€‚",https://www.bilibili.com/video/BV1zJ411E7Ph,http://i2.hdslb.com/bfs/archive/7db53dacbcc7badb90feedb8d8bc39f3d61d1188.jpg
106448,218,â€œç”Ÿæ´»å¾ˆç´¯ æ…¢ç‚¹é•¿å¤§å§â€,2020-01-16 17:33:42,"æˆ‘åªèƒ½é€ä½ åˆ°è¿™äº†ï¼Œå‰©ä¸‹çš„è·¯ä½ è¦è‡ªå·±èµ°ï¼Œä¸è¦å›å¤´ï¼Œå»å§ã€‚
ç´ æï¼šã€Šé¾™çŒ«ã€‹ã€Šæ‚¬å´–ä¸Šçš„é‡‘é±¼å§¬ã€‹ã€Šèµ·é£äº†ã€‹ã€Šåƒä¸åƒå¯»ã€‹ã€Šå¹½çµå…¬ä¸»ã€‹ã€Šå¤©ç©ºä¹‹åŸã€‹ã€Šçº¢çŒªã€‹ã€Šé­”å¥³å®…æ€¥ä¾¿ã€‹ã€Šå“ˆå°”çš„ç§»åŠ¨åŸå ¡ã€‹ã€Šé£ä¹‹è°·ã€‹
BGMï¼šã€Šå¦‚æœæœ‰æ¥ä¸–-è°­ç»´ç»´ã€‹
å°é¢ï¼šã€Šæ‚¬å´–ä¸Šçš„é‡‘é±¼å§¬ã€‹
æœ¬è§†é¢‘æ— å•†ä¸šç”¨é€” çº¯å±ä¸ªäººçˆ±å¥½åˆ¶ä½œ ç‰ˆæƒå½’åŸä½œè€…ï¼ˆå…¬å¸ï¼‰æ‰€æœ‰ã€‚
ç´ æå‡å–è‡ªç½‘ç»œ ä¾µåˆ ",https://www.bilibili.com/video/BV1kJ41177bS,http://i2.hdslb.com/bfs/archive/1b9ff28fbaf12b551da799319d1419094de1561f.jpg
5840650,2346,â€œå–œè§ä½ çœ‰ç§€ä¼¼å±±ï¼Œçœ¼æ‹¥æ˜Ÿéœœâ€,2020-01-08 17:03:20,"æˆ‘ä¸æ˜¯å½’äººï¼Œæ˜¯ä¸ªè¿‡å®¢ã€‚

ç´ æï¼šã€Šå¤§é±¼æµ·æ£ ã€‹ã€Šç™½è›‡ç¼˜èµ·ã€‹ã€Šé­”é“ç¥–å¸ˆã€‹ã€Šç”»æ±Ÿæ¹–ä¹‹ä¸è‰¯äººã€‹ã€Šé›¨çš„å­©å­ã€‹ã€Šæˆ‘çš„å¸ˆçˆ¶å§œå­ç‰™ã€‹ã€Šå°‘å¹´é”¦è¡£å«ã€‹ã€Šè¯†é€”ã€‹ã€Šçº¢è±†ã€‹ã€Šç‹å¦–å°çº¢å¨˜ã€‹ã€Šé£çµç‰ç§€ã€‹ã€Šé›¨ä¹‹æ­Œã€‹ã€Šä¸­å›½å”±è¯—ç­Â·ç›¸æ€ã€‹ã€Šä¸­å›½å”±è¯—ç­Â·ä¸€ç”Ÿè‡³çˆ±ã€‹ã€Šä¸­å›½å”±è¯—ç­Â·é¥®æ¹–ä¸Šåˆæ™´åé›¨ã€‹

BGMï¼šæèŠ±å¼¦å¤–é›¨ - CRITTY / å¸å¤

é¸£è°¢ï¼šæ¬ç –çš„ä¸¶å¤§é»„ï¼ˆçº¢è±†ä½œè€…ï¼‰æˆæƒä½¿ç”¨å…¶ä½œå“ã€‚
æœ¬è§†é¢‘æ— å•†ä¸šç”¨é€” çº¯å±ä¸ªäººçˆ±å¥½åˆ¶ä½œ ç‰ˆæƒå½’åŸä½œè€…ï¼ˆå…¬å¸ï¼‰æ‰€æœ‰ã€‚
ç´ æå‡å–è‡ªç½‘ç»œ ä¾µåˆ ",https://www.bilibili.com/video/BV16J41157VY,http://i2.hdslb.com/bfs/archive/2e28781080fd7a6d796fb77bff9c70e4cb792af4.jpg
135794,340,â€œåŠè·¯ä¸Šç•™ä¸‹çš„é‚£ä¸ªäººï¼Œè‹¦å•Šâ€,2020-01-06 17:21:46,Hidden Path â€” Sleep Dealer,https://www.bilibili.com/video/BV1vJ411V7jT,http://i2.hdslb.com/bfs/archive/782ad85b96a1bebe02613d0efb348e9e1c9c7e33.jpg
294474,1230,â€œå¦ˆï¼Œè¿‡å¹´æˆ‘ä¸å›å®¶äº†â€,2020-01-04 19:20:05,"è·¨è¶Šå±±æµ·ï¼Œå‹¿å¿˜å›å®¶ã€‚

ç´ æåŠå°é¢è¯·ç§»æ­¥åŠ¨æ€åŒºè‡ªå–ã€‚

æœ¬è§†é¢‘æ— å•†ä¸šç”¨é€” çº¯å±ä¸ªäººçˆ±å¥½åˆ¶ä½œ ç‰ˆæƒå½’åŸä½œè€…ï¼ˆå…¬å¸ï¼‰æ‰€æœ‰
ç´ æå‡å–è‡ªç½‘ç»œ ä¾µåˆ ",https://www.bilibili.com/video/BV1RJ41157bs,http://i0.hdslb.com/bfs/archive/97a26657eeaae4084d4cdf871380ca4ea242414a.jpg
85656,260,â€œä½ å¥½ï¼Œ2020â€,2019-12-29 18:00:51,"æ­»äº¡ä¸æ˜¯ä¸€ä¸ªç»“æœï¼Œå®ƒæ˜¯ä¸€ç§éš¾ä»¥æˆ’æ‰çš„æ€å¿µã€‚
éšç€æ—¶é—´çš„æµé€ï¼Œæˆ‘ä»¬èº«è¾¹é‡è¦çš„äººè¶Šæ¥è¶Šå°‘ï¼Œè€Œç•™åœ¨èº«è¾¹çš„äººè¶Šæ¥è¶Šé‡è¦ã€‚
æœ‰ä¸€å¤©ï¼Œæˆ‘ä»¬æ³ªæµå¹²äº†ã€‚
ä¹Ÿè®¸ï¼Œåªæ˜¯å› ä¸ºç»ˆäºæƒ³èµ·äº†ç¦»å¼€çš„äººå¸Œæœ›æˆ‘ä»¬èƒ½å¿«ä¹åœ°æ´»ä¸‹å»ã€‚",https://www.bilibili.com/video/BV14J411a7kc,http://i1.hdslb.com/bfs/archive/0598542416652770a67a5f9489b71dc9a2eded30.jpg
153737,735,â€œå†è§ï¼Œ2019â€,2019-12-20 17:30:25,"éš¾ç†¬çš„æ—¥å­æ€»ä¼šè¿‡å»ï¼Œä¸ä¿¡ä½ å›å¤´çœ‹çœ‹ï¼Œä½ éƒ½å·²ç»åœ¨ä¸çŸ¥ä¸è§‰ä¸­ï¼Œç†¬è¿‡äº†å¾ˆå¤šè‹¦éš¾ã€‚
ç´ æç”µå½±ï¼ŒBGMï¼Œè¿˜è¯·ç§»æ­¥è¯„è®ºåŒºã€‚
ç‰¹åˆ«é¸£è°¢ï¼šæ‚ æ‚ é…±ã€å¸ƒè¡£ã€ä½ é‚£æ˜¯é¦‹å¥¹çš„èº«å­ã€è•¤å®¾åä¸‰ã€Smokeã€æ˜¯å¤®å¤®å¤®ã€å¾®ç§¯åˆ†ä¹‹ç‹ã€å’å“ªã€é’ã€k0754 ...ç­‰ç²‰ä¸çš„æŠ•ç¨¿éŸ³é¢‘ã€‚éŸ³é¢‘æœ‰é€‰å–åŠåˆ å‡ï¼Œå¯¹æ²¡æœ‰å…¥é€‰çš„éŸ³é¢‘ç»™æ‚¨è¯´å£°æŠ±æ­‰ã€‚",https://www.bilibili.com/video/BV16J411t7UH,http://i0.hdslb.com/bfs/archive/913802a6aca33b3445437d6a8d516da9d20abcb3.jpg
1120223,1156,"""åºŠå‰æ˜æœˆå…‰ï¼Œæˆ‘æ˜¯éƒ­å¾·çº²""",2019-12-11 17:51:34,"å¹´å°‘ä¹‹æ—¶ä¾¿æ˜¯å«‰æ¶å¦‚ä»‡ï¼Œå¤©å‘½ä¹‹å¹´å“ªæ¥äº‘æ·¡é£è½»ï¼
ç´ æï¼šã€Šæ˜æ˜Ÿä¼ å¥‡ã€‹ã€Šé‡‡è®¿-ä¸è£…ã€‹ã€Šå¾·äº‘ç¤¾æˆŠæˆŒå¹´å°ç®±ã€‹ã€Šå¾·äº‘ç¤¾ä¸é…‰å¹´å°ç®±ã€‹ã€Šå¾·äº‘ç¤¾é’¢ä¸èŠ‚ç›¸å£°å¤§ä¼šã€‹ã€Šå¤§å®è¯ã€‹ã€Šæ¬¢ä¹å–œå‰§äººã€‹ã€Šåå¹´ç›¸å£°ä¸“åœºã€‹ã€Šå¾·äº‘ç¤¾åäº”å‘¨å¹´ã€‹ã€Šå¾·äº‘ç¤¾äºŒåå‘¨å¹´ã€‹ç­‰é‡‡è®¿åŠç°åœºå®å½•...
BGMï¼šEpicMusicVn - Last Reunion",https://www.bilibili.com/video/BV1jJ41117Ut,http://i1.hdslb.com/bfs/archive/185cca874e35ba7e759dd27a84770956088d10d3.jpg
7927768,8741,â€œæˆ‘æƒ³è·Ÿä½ åœ¨ä¸€èµ·â€,2019-12-06 17:45:09,"è‡´æ•¬Matthew Belinkie æ²¹ç®¡åŸä½œè€…2012å¹´å‘å¸ƒäº†ä¸»å¹²éƒ¨åˆ†
â€œ è°¢è°¢ä½ ï¼Œè®©æˆ‘æƒ³å˜æˆæ›´å¥½çš„äººâ€


BGMï¼šã€ŠHaley Reinhart - Can't Help Falling in Loveã€‹
ã€ŠManny Pacquiao - Sometimes When We Touch ã€‹

ç‰¹åˆ«é¸£è°¢@å‡¯ç‘çš„å¤çµé˜ æä¾›ç´ æï¼ˆå·²è·æˆæƒä½¿ç”¨ï¼‰",https://www.bilibili.com/video/BV11J411i742,http://i1.hdslb.com/bfs/archive/4aa8a4360be15c13df0865159858bab1febc6bca.jpg
192938,557,â€œå†è¢«ä½ æèµ·ï¼Œå·²æ˜¯è¿åå¸¦å§“â€,2019-11-27 17:30:52,"ä½ ç°åœ¨æƒ³è¦çš„ï¼Œä½ æ›¾ç»éƒ½æ‹¥æœ‰ã€‚

ç´ æå½±ç‰‡ï¼šã€Šä»ä½ çš„å…¨ä¸–ç•Œè·¯è¿‡ã€‹ã€Šå¤±æ‹ä¸‰åä¸‰å¤©ã€‹ã€Šåæ¥çš„æˆ‘ä»¬ã€‹ã€ŠåŒæ¡Œçš„ä½ ã€‹ã€Šä¹˜é£ç ´æµªã€‹ã€ŠåŒ†åŒ†é‚£å¹´ã€‹ã€Šæˆ‘æƒ³å’Œä½ å¥½å¥½çš„ã€‹
BGMï¼šã€Šæˆ‘çš„å§‘å¨˜ å¥¹åœ¨è¿œæ–¹ã€‹- éš”å£è€æ¨Š

æœ¬è§†é¢‘æ— å•†ä¸šç”¨é€” çº¯å±ä¸ªäººçˆ±å¥½åˆ¶ä½œ ç‰ˆæƒå½’åŸä½œè€…ï¼ˆå…¬å¸ï¼‰æ‰€æœ‰
ç´ æå‡æ¥è‡ªç½‘ç»œ ä¾µåˆ ",https://www.bilibili.com/video/BV1CJ411X738,http://i1.hdslb.com/bfs/archive/4af57fe98e80475968bef2db3481b7877db6a26a.jpg
87770,218,â€œä½ æˆ‘æœ€åç«Ÿç„¶ä¹Ÿå¹³å‡¡åˆ°è‡ªå‘½ä¸å‡¡â€,2019-11-22 17:54:18,æ­Œè¯æœ´ç´ ï¼Œå¬æ‡‚çš„äººï¼Œä¹ƒä¸–æ•…å•Šã€‚,https://www.bilibili.com/video/BV1fJ411R7tt,http://i2.hdslb.com/bfs/archive/5b2fa00994be07ae672c3b2c09fd7c4acfdbf10d.jpg
361101,1115,â€œä½ å¹¶ä¸å­¤å•â€,2019-11-19 17:57:13,æ„¿ä½ ä½™ç”Ÿçš„æ‰€æœ‰çæƒœï¼Œéƒ½ä¸ç”¨é å¤±å»æ¥æ‡‚å¾—ã€‚,https://www.bilibili.com/video/BV1QJ411m7SQ,http://i1.hdslb.com/bfs/archive/0faadc39371c06e5c8467adb5466eff5fcc53596.jpg
75062,328,â€œå»ä½ ä¸ªé¸Ÿå‘½â€,2019-11-12 17:51:54,"æ„¿ä½ æ°¸è¿œå¹´è½»çƒ­æ³ªç›ˆçœ¶
æ„¿ä½ å‰ç¨‹ä¼¼é”¦å†æ— æ³¢æ¾œ
æ„¿ä½ å¦‚æ¢¦å½’ä¹¡å†æ— åå·
æ„¿ä½ è¡£é”¦è¿˜ä¹¡å†æ— è‹¦éš¾
æ„¿ä½ è…°ç¼ ä¸‡è´¯æ°¸è‘†åˆå¿ƒ
æ„¿ä½ å¹³å®‰å–œä¹ä¸‡äº‹èƒœæ„",https://www.bilibili.com/video/BV18E411e7Hg,http://i1.hdslb.com/bfs/archive/29301fa7384a4f263ba590ea9776c2eb8cfb5b90.jpg
6713433,15624,â€œè¿™å°±æ˜¯ä½ çš„å‘½â€,2019-11-06 17:30:04,"â€œå¦‚æœä¸çˆ±ä½ ï¼Œæ²¡äººä¼šçœŸæ­£çš„å…³å¿ƒä½ ã€‚â€
ç´ æï¼šé’æ˜¥æ´¾/ å¤æ´›ç‰¹çƒ¦æ¼/æ ‘å…ˆç”Ÿ/ä¸­å›½åˆä¼™äºº/è¶…æ—¶ç©ºåŒå±…/æš´è£‚æ— å£°/è¿½å‡¶è€…ä¹Ÿ/é©´å¾—æ°´/é£é©°äººç”Ÿ/ç¼çº«æœºä¹é˜Ÿ/ä»ä½ çš„å…¨ä¸–ç•Œè·¯è¿‡/çˆ¶å­é›„å…µ/å¤§æŠ¤æ³•/é¾™è™¾åˆ‘è­¦/è¿½é¾™/æˆ‘ä¸æ˜¯è¯ç¥/ç«é”…è‹±é›„/å¿«æŠŠæˆ‘å“¥å¸¦èµ°/ä¸ƒåä¸ƒå¤©/æ–°å®¿äº‹ä»¶/æ— åä¹‹è¾ˆ/ä¸€åˆ‡éƒ½å¥½/äº²çˆ±çš„/åŠŸå¤«/ä¸€å‡ºå¥½æˆ/å¥½æˆä¸€å‡º/æ¿€æˆ˜/å¤§è¯è¥¿æ¸¸/è€å¸ˆå¥½/ç¾ç¾çš„é“æ‹³/è®°å¿†å¤§å¸ˆ/é£ä¸­æœ‰æœµé›¨åšçš„äº‘/åä¼šæ— æœŸ/åŒæ¡Œçš„ä½ /åŒ†åŒ†é‚£å¹´/å¤±æ‹ä¸‰åä¸‰å¤©/è¢«å·èµ°çš„é‚£äº”å¹´/æˆ‘æ˜¯è·¯äººç”²
BGMï¼šã€Šä¸å¯ - Whiteã€‹ã€Šè®¸å· - è“è²èŠ±ã€‹",https://www.bilibili.com/video/BV1jE411i7rJ,http://i2.hdslb.com/bfs/archive/1cfdab95cf8be17470d5f59a877605fe232f3b5e.jpg
3104770,7099,â€œä½ éè¦æˆ‘æ»¡çœ¼å¤±æœ›çš„çœ‹ç€ä½ â€,2019-11-01 18:00:38,"çŒ®ç»™æ‰€æœ‰å¤±è¿‡æ‹çš„ï¼Œè¿˜åœ¨æƒ³taçš„æœ‹å‹ã€‚
ç´ æï¼šã€Šä»ä½ çš„å…¨ä¸–ç•Œè·¯è¿‡ã€‹ã€ŠåŒ†åŒ†é‚£å¹´ã€‹ã€Šä¸ƒåä¸ƒå¤©ã€‹ã€Šåˆ†æ‰‹å¤§å¸ˆã€‹ã€Šå¤±æ‹ä¸‰åä¸‰å¤©ã€‹ã€ŠåŒæ¡Œçš„ä½ ã€‹ã€Šæˆ‘æƒ³å’Œä½ å¥½å¥½çš„ã€‹ã€Šè‡´æˆ‘ä»¬ç»ˆå°†é€å»çš„é’æ˜¥ã€‹ã€Šæ¸¯å›§ã€‹ã€Šå‡è£…æƒ…ä¾£ã€‹ã€Šä½•ä»¥ç¬™ç®«é»˜ã€‹ã€Šè¢«å·èµ°çš„é‚£äº”å¹´ã€‹ã€Šäº²çˆ±çš„ã€‹ã€Šæˆ‘çš„å°‘å¥³æ—¶ä»£ã€‹ã€Šåæ¥çš„æˆ‘ä»¬ã€‹ã€Šæˆ‘çš„æ—©æ›´å¥³å‹ã€‹ã€Šé‡ä¸Šè¥¿é›…å›¾ä¹‹ä¸äºŒæƒ…ä¹¦ã€‹ã€Šå‰åº¦ã€‹ã€Š101æ¬¡æ±‚å©šã€‹
BGMï¼šã€Šåš£å¼ -enã€‹ã€ŠDave Greening - Desolationã€‹",https://www.bilibili.com/video/BV1EE41187wo,http://i1.hdslb.com/bfs/archive/9d03e446c1ba8c7d7b4b89b601f1e84020b16a66.jpg
8050161,9584,â€œå‡å¦‚æˆ‘å¹´å°‘æœ‰ä¸ºï¼Œæ‡‚å¾—çæƒœå°±æ˜¯ä¸æ˜¯ä¸ä¼šé”™è¿‡ä½ â€,2019-10-25 17:04:06,"ä»¥åè§é¢ä¸è¦èº²äº†ï¼Œä¸ç„¶ä¸åƒæ™®é€šæœ‹å‹ã€‚

ç´ æï¼šã€Šåæ¥çš„æˆ‘ä»¬ã€‹ã€Š101æ¬¡æ±‚å©šã€‹ã€ŠåŒ—äº¬çˆ±æƒ…æ•…äº‹ã€‹ã€Š21å…‹æ‹‰ã€‹ã€Šè‡´æˆ‘ä»¬ç»ˆå°†é€å»çš„é’æ˜¥ã€‹ã€ŠåŠ¨ç‰©ä¸–ç•Œã€‹ã€Šæ— åä¹‹è¾ˆã€‹ã€Šç…é¥¼ä¾ ã€‹ã€Šæ¸¯å›§ã€‹ã€Šä¹˜é£ç ´æµªã€‹ã€Šåä¼šæ— æœŸã€‹ã€Šç¼çº«æœºä¹é˜Ÿã€‹ã€Šæ— é—®è¥¿ä¸œã€‹ã€Šçº¢æµ·è¡ŒåŠ¨ã€‹ã€Šé£ä¸­æœ‰æœµé›¨åšçš„äº‘ã€‹ã€Šäº²çˆ±çš„ã€‹ã€Šçƒˆæ—¥ç¼å¿ƒã€‹ã€Šé£é©°äººç”Ÿã€‹ã€Šå‡è£…æƒ…ä¾£ã€‹ã€Šå¿ƒèŠ±è·¯æ”¾ã€‹ã€Šæ¯”æ‚²ä¼¤æ›´æ‚²ä¼¤çš„æ•…äº‹ã€‹
BGMï¼šã€Šå¹´å°‘æœ‰ä¸º - æè£æµ©ã€‹",https://www.bilibili.com/video/BV1jE41117L6,http://i1.hdslb.com/bfs/archive/79436f318265247caa0e70c3753104cfa1bad5eb.jpg
23608,64,ã€é‡‘åˆšç‹¼/å‚¬æ³ª/é«˜ç‡ƒæ··å‰ªã€‘å†è§äº†ï¼æˆ‘çš„ç‹¼å”ï¼æ°¸è¿œçš„é‡‘åˆšç‹¼ï¼Œæ°¸è¿œçš„X-Menï¼,2019-10-22 17:25:35,"å°è±¡æœ€æ·±çš„è¿˜æ˜¯é‡‘åˆšç‹¼3 , å’Œå‰å¥³å‹åœ¨ç”µå½±é™¢æ³ªæµæ»¡é¢ ã€‚
å¢“ç¢‘ä¸Šä¸€ä¸ªæ ‘æç»‘æˆçš„Xï¼Œå¾®å¼±åœ°å®£å¸ƒä¸€ä¸ªæ—¶ä»£çš„ç»ˆç»“ã€‚
å¹¶éä¸€å£°å·¨å“ï¼Œè€Œæ˜¯ä¸€å£°å‘œå’½ï¼Œä¸–ç•Œä¸çŸ¥é“ä»–ä»¬ï¼Œä¸–ç•Œä¸çºªå¿µä»–ä»¬ã€‚

ç´ æï¼šã€Šé‡‘åˆšç‹¼ä¸‰éƒ¨æ›²ã€‹ã€Šæ—§Xæˆ˜è­¦ä¸‰éƒ¨æ›²ã€‹ã€Šæ–°Xæˆ˜è­¦ä¸‰éƒ¨æ›²ã€‹
BGMï¼šã€ŠIn The End- Tommee Profittã€‹ã€ŠDanny Wright - Do You Liveã€‹
æ•‘æ•‘å­©å­å§ï¼åˆ«ç™½å«–äº†è°¢è°¢çˆ¸çˆ¸ä»¬ï¼æ•‘æ•‘å­©å­å§ï¼åˆ«ç™½å«–äº†è°¢è°¢çˆ¸çˆ¸ä»¬ï¼æ•‘æ•‘å­©å­å§ï¼åˆ«ç™½å«–äº†è°¢è°¢çˆ¸çˆ¸ä»¬ï¼æ•‘æ•‘å­©å­å§ï¼åˆ«ç™½å«–äº†è°¢è°¢çˆ¸çˆ¸ä»¬ï¼æ•‘æ•‘å­©å­å§ï¼",https://www.bilibili.com/video/BV1aE41127Ua,http://i1.hdslb.com/bfs/archive/be2aa8d976c27d19406336ca423bfb13f410e220.jpg
281201,585,â€œæˆ‘æ€»æ˜¯ä¸€ä¸ªäººâ€,2019-10-15 15:24:29,"â€œå¦‚æœä¸å»éå†ä¸–ç•Œ ,æˆ‘ä»¬å°±ä¸çŸ¥é“ä»€ä¹ˆæ˜¯æˆ‘ä»¬ç²¾ç¥å’Œæƒ…æ„Ÿçš„å¯„æ‰˜,ä½†æˆ‘ä»¬ä¸€æ—¦éå†äº†ä¸–ç•Œ,å´å‘ç°æˆ‘ä»¬å†ä¹Ÿæ— æ³•å›åˆ°é‚£ç¾å¥½çš„åœ°æ–¹å»äº†ã€‚å½“æˆ‘ä»¬å¼€å§‹å¯»æ±‚,æˆ‘ä»¬å°±å·²ç»å¤±å»ï¼Œè€Œæˆ‘ä»¬ä¸å¼€å§‹å¯»æ±‚,æˆ‘ä»¬æ ¹æœ¬æ— æ³•çŸ¥é“è‡ªå·±èº«è¾¹çš„ä¸€åˆ‡æ˜¯å¦‚æ­¤å¯è´µã€‚â€

ç´ æï¼šã€Šå°ç‹å­ã€‹
BGMï¼šå­¤èº«â€”å¾ç§‰é¾™

è§†é¢‘ç´ æç”±æœ‹å‹æä¾›ï¼Œä¾µåˆ ã€‚",https://www.bilibili.com/video/BV1fE411k7Xa,http://i0.hdslb.com/bfs/archive/c697d62cd598973fdc55885119dd5c474ad2f37d.jpg
1074223,469,ã€å‰æ–¹é«˜èƒ½ ä¸‡æ¶ä¹‹æº é­”æ€§èˆè¹ˆ è¦ç´ è¿‡å¤š ç–¯ç‹‚è¸©ç‚¹ã€‘æ‘‡å°±å®Œäº‹äº†ï¼,2019-10-14 17:45:17,"å‰ªäº†ä¸¤å¤©ï¼Œæ‘‡äº†ä¸¤å¤©å¤´ï¼Œå¤´æ™•äº†...æ±‚ä¸‰è¿æ”¯æŒã€‚
ä¸‹é¢æ¬¢è¿ä¸»æ¼”ï¼šã€Šå‘¨æ˜Ÿé©°å›¢é˜Ÿã€‹ã€ŠçŒ›ç”·æ–°å®å²›ã€‹ã€Šæ—¥æœ¬å¤§å”ï¼šæºè®¡åˆ’ã€‹ã€Šèœ˜è››ä¾ å½¼å¾—ã€‹ã€Šé‡‘å‡¯ç‘ä¸‰äººç»„ã€‹ã€Šä¸ŠåŠå“¥ã€‹ã€Šé†‰é…’å“¥ã€‹ã€Šè‚¯å¾·åŸºè€çˆ·çˆ·ã€‹ã€Šé»‘äººå°èƒ–ã€‹ã€Šæ–§å¤´å¸®ã€‹ã€Šæ˜Ÿçˆµã€‹ã€Šèµµå››ã€‹ã€ŠæŠ–è‚©å“¥ã€‹...ï¼ˆæ’åä¸åˆ†å‰åï¼‰
ç‰¹åˆ«é¸£è°¢ã€Šå¼ å›½è£ã€‹ã€Šå†¯æè«ã€‹ã€Šæ›¾å°è´¤ã€‹ã€Šè´¹ç‰æ¸…ã€‹ç­‰ç¾¤æ¼”åŠ å…¥ã€‚
BGMï¼šè§å…¨-ç¤¾ä¼šæ‘‡",https://www.bilibili.com/video/BV1oE411d7jW,http://i0.hdslb.com/bfs/archive/b19d9fab043a04253859be9eb78db6f139dd9288.jpg
36470,86,ã€æ··å‰ªã€‘åº†ç¥ä¸­åäººæ°‘å…±å’Œå›½æˆç«‹70å‘¨å¹´é˜…å…µå¼,2019-10-04 10:30:57,"BGMï¼šImmediate Music-SerenataImmortale
æ¥è‡ªç²‰ä¸æŠ•ç¨¿ã€‚åŸç´ æéŸ³é¢‘æŸåæ•…æ²¡æœ‰åŸå£°ï¼Œè¯·è°…è§£ã€‚
å¯è‡ªè¡Œè„‘è¡¥æ•´é½æœ‰åŠ›çš„è„šæ­¥å£°ï¼",https://www.bilibili.com/video/BV1nE411Q781,http://i0.hdslb.com/bfs/archive/99e5648da0e37d48592e23c0a2a907e21251a94e.jpg
625399,891,"â€œå¦ˆå¦ˆ,é‚£ä¸ªäººç–¯äº†,æˆ‘æ€•â€â€œä¸è¦æ€•,é‚£äººæ²¡ç–¯,ä»–åªæ˜¯å¾ˆä¼¤å¿ƒâ€",2019-09-24 20:55:34,å°æ—¶å€™åˆ®å¥–åˆ®å‡ºâ€œè°¢â€å­—è¿˜ä¸æ‰”ï¼Œéè¦æŠŠâ€œè°¢è°¢æƒ é¡¾â€éƒ½åˆ®çš„å¹²å¹²å‡€å‡€æ‰èˆå¾—æ”¾æ‰‹ï¼Œå’Œåæ¥å¤ªå¤šçš„äº‹ä¸€æ¨¡ä¸€æ ·ã€‚,https://www.bilibili.com/video/BV1RJ411M7UR,http://i1.hdslb.com/bfs/archive/603af3181ad235a13d85a01545bdb1155ae96e64.jpg
9197355,15855,"""ä½ è¯´å››å¤§çš†ç©ºï¼Œå´ç´§é—­åŒçœ¼ã€‚è¦æ˜¯ä½ ççœ¼çœ‹çœ‹æˆ‘ï¼Œæˆ‘ä¸ä¿¡ä½ ä¸¤çœ¼ç©ºç©ºï¼Ÿ""",2019-09-17 14:41:33,ä¸–ä¸Šå®‰å¾—åŒå…¨æ³•ï¼Œä¸è´Ÿå¦‚æ¥ä¸è´Ÿå¿,https://www.bilibili.com/video/BV17J411w7zB,http://i1.hdslb.com/bfs/archive/fcf815930f151a62d01b7fa2b4c94f865fc8b0b6.jpg
221911,232,ã€Šåƒæˆ‘è¿™æ ·çš„äººã€‹MV/é»„æ¸¤ç”µå½±æ··å‰ªâ€”æ„¿æœˆå…‰ä¸è´Ÿèµ¶è·¯äºº,2019-08-31 12:32:53,åƒæˆ‘è¿™æ ·çš„äºº åœ¨æœˆå…‰ä¸‹æ‰¾å¯»æœªæ¥çš„æ–¹å‘ é­å—çš„æƒ©ç½š å°±æ˜¯æ¯”æ‰€æœ‰äººæå‰çœ‹åˆ°é»æ˜å§ã€‚,https://www.bilibili.com/video/BV1r441127ZT,http://i0.hdslb.com/bfs/archive/212eeb995d3ee88186ed9324f88727e6ecea3f0d.jpg
326957,4104,ã€æ…ç‚¹/ä¸§/è´Ÿèƒ½é‡ã€‘æƒ³æ­»æ€ä¹ˆåŠ?  æ°¸è¿œæƒ³ç€ï¼Œä½†åˆ«æ­»ã€‚,2019-08-28 20:10:47,"010-8295-1332 ä¸­å›½è‡ªæ€æ±‚åŠ©ç”µè¯ å¦‚æœä½ ä¸§å¤±äº†ç”Ÿæ´»ä¸‹å»çš„åŠ¨åŠ› è¯·ä½ é‚£æ€•åœ¨æœ€åï¼Œä¹Ÿè¦æ‰“è¿™é€šç”µè¯.
P1 Bgm:æ­»åœ¨æ—‹è½¬å…¬å¯“  P2 Bgm:337am",https://www.bilibili.com/video/BV1b4411z7du,http://i1.hdslb.com/bfs/archive/cafb62ab9e5a8bbb89ae52263e481baa5ccded2b.jpg
67424,231,"ã€ç‹å®å¼º/ä½ç‡ƒæ²»æ„ˆæ··å‰ª/1080Pã€‘åˆ«äººç¬‘æˆ‘å¤ªç–¯ç™«,æˆ‘ç¬‘ä»–äººçœ‹ä¸ç©¿",2019-08-09 17:42:04,"ç´ æï¼šã€ŠHello!æ ‘å…ˆç”Ÿã€‹ã€Šå¤§é—¹å¤©ç«ºã€‹ã€Šé“å£«ä¸‹å±±ã€‹ã€Šé›†ç»“å·ã€‹ã€Šç›²äº•ã€‹ã€Šäººåœ¨å›§é€”ã€‹ã€Šæ³°å›§ã€‹ã€Šå”äººè¡—æ¢æ¡ˆã€‹ã€Šå”äººè¡—æ¢æ¡ˆ2ã€‹ã€Šå¤©ä¸‹æ— è´¼ã€‹ã€Šå¤©æ³¨å®šã€‹ã€Šæ–°å–œå‰§ä¹‹ç‹ã€‹ã€Šä¸€å‡ºå¥½æˆã€‹ã€Šä¸€ä¸ªäººçš„æ­¦æ—ã€‹ã€Šå†°å°ï¼šé‡ç”Ÿä¹‹é—¨ã€‹ã€Šå£«å…µçªå‡»ã€‹ã€Šæˆ‘çš„å…„å¼Ÿå«é¡ºæºœã€‹
BGMï¼šã€ŠJosÃ© GonzÃ¡lez - Stay Aliveã€‹ã€ŠBill Douglas - Forest Hymnã€‹ã€ŠZayde WÃ¸lf - Strike a Matchã€‹ã€ŠWelcome to New Yorkã€‹
ç´ ææºäºç½‘ç»œï¼Œç‰ˆæƒå½’ä½œè€…æ‰€æœ‰ï¼Œæ— ä»»ä½•å•†ä¸šç”¨é€”",https://www.bilibili.com/video/BV1S4411Q7NK,http://i2.hdslb.com/bfs/archive/c533ed0d2b9eecca8a4db37668a064ccd8c9ee2c.jpg
82883,131,ã€é‡‘é™µåä¸‰é’—/è™å¿ƒæ··å‰ª/1080Pã€‘å•†å¥³ä¹ŸçŸ¥äº¡å›½æ¨ï¼Œæ•™å ‚ç»å”±ç§¦æ·®æ™¯,2019-08-06 15:47:18,"â€œæˆ‘ä»¬å·²ç»æ·±é™·æ³¥æ²¼ï¼Œè€Œä½ ä»¬è¿˜æ˜¯æœªæˆå¹´çš„èŠ±æœµï¼Œçšç™½æ˜åªšå¤©çœŸï¼Œæˆ‘ä»¬æ„¿æ„æ›´æ·±é™·ä¸€æ­¥ï¼Œæ¢å–ä½ ä»¬ä¸€å°˜ä¸æŸ“çš„äººç”Ÿâ€”â€”æˆ‘ä»¬æœªç»å†è¿‡çš„ï¼Œæ›¿æˆ‘ä»¬è¿‡ä¸€æŠŠè¿™æ ·çš„ç”Ÿæ´»ã€‚â€
ç”µå½±ï¼šã€Šé‡‘é™µåä¸‰é’—ã€‹ bgmï¼šç”µå½±åŸå£°å¸¦ ç‰ˆæƒå½’åŸä½œè€…æˆ–å…¬å¸æ‰€æœ‰,æœ¬è§†é¢‘ä¸åšå•†ä¸šç”¨é€”,ä¾µåˆ ã€‚",https://www.bilibili.com/video/BV1kt411K7wf,http://i1.hdslb.com/bfs/archive/16b5042b31be32c719da5774a30c86d43992f0e7.jpg
116741,109,"ã€è™å¿ƒ/å‚¬æ³ªæ··å‰ªÃ—1080Pã€‘åˆ†æ‰‹åçš„ä½ ,è¿˜å¥½å—",2019-07-26 19:28:23,â€œæˆ‘å‘Šè¯‰æˆ‘è‡ªå·±æ„Ÿæƒ…å°±æ˜¯è¿™æ ·ï¼Œæ€ä¹ˆä¸€ä¸å°å¿ƒå¤ªç–¯ç‹‚ï¼Ÿâ€,https://www.bilibili.com/video/BV1Bt411A7zx,http://i2.hdslb.com/bfs/archive/166543a38867d6b48f2e104f46b8f6ff4c06ab7a.jpg
5839214,786,"ç”·äººçš„ç›®å…‰æ€»æ˜¯æƒŠäººçš„ä¸€è‡´,å’½å£æ°´é‚£ä¸ªè¿‡åˆ†äº†å—·",2019-07-20 23:40:59,"ä¸€ä¸ªåšå½±è§†æ··å‰ªçš„up,çœŸçš„æ¨èçœ‹çœ‹æˆ‘çš„å…¶ä»–è§†é¢‘ï¼èµ°è¿‡è·¯è¿‡ä¸è¦é”™è¿‡äº†é˜¿ï¼ï¼ï¼",https://www.bilibili.com/video/BV1bt411E7xp,http://i0.hdslb.com/bfs/archive/0749e67ac56d64f57362cd7d183f834b8a71c746.jpg
138081,251,ã€åƒæˆ‘è¿™æ ·çš„äººã€‘é…ä¸Šç‹å®å¼ºç‚¸è£‚çš„æ¼”æŠ€å·…å³°ï¼Œå“­äº†ã€‚,2019-06-13 17:56:00,ä»–å°´å°¬çš„ç”Ÿæ´»å°±å¦‚åŒä»–é‚£æ€ä¹ˆæ‘†ä¹Ÿæ‘†ä¸å¯¹åœ°æ–¹çš„æ‰‹â€¦â€¦,https://www.bilibili.com/video/BV1J4411P7h1,http://i2.hdslb.com/bfs/archive/542875b5a6bfcd2c69e1935fadc227e22e3484e5.png
2615718,3703,ç²¾ç¥ç—…äººé‡‡è®¿å®å½•.çªç„¶è§‰å¾—ä»–ä»¬æ˜¯é‚£ä¹ˆçš„æ­£å¸¸â€¦,2019-05-10 15:42:21,å‰ªè‡ªã€Šäººé—´ä¸–ã€‹å¾ˆæ£’çš„çºªå½•ç‰‡ï¼Œæ²¡åšå¥½å‡†å¤‡åƒä¸‡åˆ«å»çœ‹ã€‚,https://www.bilibili.com/video/BV1q4411Y7zY,http://i1.hdslb.com/bfs/archive/4d628fdc730243c78ad393fe1ab7d6a43ab7d0c7.jpg
