68922,211,剑魔天神下凡以一敌五，塞恩混沌乱世一偷十七，拆家45分钟，连网络都崩溃了！,2022-12-04 11:40:00,我焯，看到这个标题我自己都笑了，哈哈哈哈哈.0...,https://www.bilibili.com/video/BV1zD4y1Y7st,http://i0.hdslb.com/bfs/archive/4fb9b0162f753381b00bca1379fde00b6303d232.jpg
492908,333,心之钢送死流36分钟10299滴血，一命推两塔，一尸刚五人，全程一打五，送了17个！,2022-12-03 18:44:36,,https://www.bilibili.com/video/BV1f44y1U7Hm,http://i2.hdslb.com/bfs/archive/42b3ed93418dc64018170e4c6a10a1d548a363b1.jpg
280166,131,“大G，你玩的太贱了！”弹幕都看不下去了，落后20人头，逆风翻盘！,2022-12-03 11:40:00,,https://www.bilibili.com/video/BV1jP4y1Q7EF,http://i0.hdslb.com/bfs/archive/06d66e5a19d7a787c029ce881f44bb7fd1954f0e.jpg
227303,276,“心之钢就是版本陷阱”大G偶遇心之钢纳尔守塔，一刚换一塔，看你防御塔够你刚几次！,2022-12-02 17:00:00,,https://www.bilibili.com/video/BV1SM411z7Xf,http://i0.hdslb.com/bfs/archive/837e9f0e51654c3ab1c8dc71fac3706e921acadf.jpg
489256,286,一把排到三个小贷，大G高兴坏了，一进游戏气坏了：还得靠我送人头！,2022-12-02 11:40:00,,https://www.bilibili.com/video/BV1CW4y1p7zu,http://i2.hdslb.com/bfs/archive/2196a575fd28c870af76faeeb47b7f4964103d6b.jpg
256009,335,对面掏出巨魔中单，大G高兴坏了，四级直接学e：终于碰到一个我打的过得英雄了！,2022-12-01 18:11:30,,https://www.bilibili.com/video/BV1Bv4y1d7hi,http://i1.hdslb.com/bfs/archive/99dda69e3ec33c58a7b5038556a272c42b93af20.jpg
231397,196,为什么要出排眼刀，大G化身经济学家给出答案，逆天开局力挽狂澜！,2022-12-01 13:19:12,,https://www.bilibili.com/video/BV1aG4y1976p,http://i1.hdslb.com/bfs/archive/32d05c10fc1ca311a538b4f4afa1d2379306c951.jpg
245372,175,“大G，迪丽热巴和马尔扎哈你选谁？”“那肯定选马尔扎哈呀！”,2022-11-30 18:00:00,,https://www.bilibili.com/video/BV1XG411M7kj,http://i2.hdslb.com/bfs/archive/861eca1796acfb46e7c036ac5545d1c07e2d952b.jpg
221044,255,送死流老司机偶遇0-5摆烂队友，用爱感化，完美克制摆烂选手！,2022-11-30 11:32:56,,https://www.bilibili.com/video/BV1W84y1k7ay,http://i1.hdslb.com/bfs/archive/b506381be91e7d6d9b9e36a87ed9edb230f0a203.jpg
205389,215,感受塞拉斯的绝望吧，这就是送死流老司机的压迫力，大招一响，对面集体颤抖！,2022-11-29 17:10:38,,https://www.bilibili.com/video/BV1XP4y1X71N,http://i0.hdslb.com/bfs/archive/e2684a85c31e8317eb34b48be3de26c7f87084f7.jpg
279728,192,“兄弟们，我贱不贱!”大G阔剑者塞恩疯狂拉扯，韩国人：牛批，我也要去玩塞恩！,2022-11-29 11:35:54,,https://www.bilibili.com/video/BV18v4y1d7F9,http://i2.hdslb.com/bfs/archive/60b4a121a4661b10b0d3cd63d40652bf6d6029a8.jpg
391262,235,大G抛弃破舰者再次试用排眼刀，1-12疯狂折磨韩国人，偷家偷到崩溃的一局！,2022-11-28 21:34:09,,https://www.bilibili.com/video/BV1BG4y157Rp,http://i0.hdslb.com/bfs/archive/737c8135f8a5c22f02f577a41dcbade6d1ccf49d.jpg
802331,680,送死流塞恩偶遇送死流小炮，3-25举报3-26的，弹幕都笑疯了！,2022-11-28 13:34:01,,https://www.bilibili.com/video/BV1WW4y1p7Ae,http://i1.hdslb.com/bfs/archive/515d8aace84da35170d9d534b0d8a240b5a4213d.jpg
245691,201,害虫塞恩一杠十如入无人之境，天肥剑魔四百赏金如履薄冰，光脚的不怕穿鞋的。,2022-11-27 17:13:16,,https://www.bilibili.com/video/BV1kP411u72B,http://i1.hdslb.com/bfs/archive/be96d8e7a999e599f7825a1b600a5cc8cd6e72ef.jpg
300689,150,“兰博，你来守塞恩，我游走！”兰博：我守你****，艾克你***！,2022-11-27 12:21:44,画质导出错了，焯！,https://www.bilibili.com/video/BV19G4y1d7hu,http://i2.hdslb.com/bfs/archive/c9ee6dcd364eb82f0c32956db0c156a1c6af115d.jpg
294687,223,防御塔怒秀僵尸，大G直接恼羞成怒，六分钟破舰者，10分钟上高地1v5！,2022-11-27 00:16:32,,https://www.bilibili.com/video/BV1We4y1g7mq,http://i1.hdslb.com/bfs/archive/5f474a73b655df4e6afe5e471c25dc7b8210ec73.jpg
354839,877,天秀阿卡丽18-1难掩颓势，害虫塞恩2-9尽显王者风范！落后25个人头翻盘，队友看呆了！,2022-11-26 18:08:40,,https://www.bilibili.com/video/BV1C44y1X7Q8,http://i2.hdslb.com/bfs/archive/3c9336ca4bb5afb9d15a37c6a5f11daeb6d6b7fc.jpg
283968,214,大G恶魔低语：要塔还是要刚，过来自己选！心之钢送死流让对面欲罢不能，剑魔都哭了！,2022-11-25 18:00:00,"花酿氨基酸洁面，用起来很清爽不紧绷，兄弟们可以试试。
专利号：ZL201610308625.3 
 专利号：ZL201610844974.7",https://www.bilibili.com/video/BV1iR4y1o7BY,http://i1.hdslb.com/bfs/archive/4032642f493ec9277d12dce254d8119e34ee50b1.jpg
525831,582,当送死流塞恩忘记祖训，眼里只有心之钢，30分钟八千血，35分钟1万血，大本都不拆了？,2022-11-25 12:39:48,,https://www.bilibili.com/video/BV15K411o7HE,http://i0.hdslb.com/bfs/archive/16fdbf848f2b29fde8fa14b04b9a34d5e63576db.jpg
291690,313,如何提高送死流塞恩信用分？很多兄弟说信用分不够了，这让我狠心痛！,2022-11-24 18:38:11,,https://www.bilibili.com/video/BV1K44y1X7hd,http://i1.hdslb.com/bfs/archive/1437b08032d952bf2215f4cb2def79e68dec4e2b.jpg
1070921,431,1-15送死流心之钢疯狂折磨，死一次100块，心之钢叠200，爆破直接秒杀门牙塔！,2022-11-24 12:48:31,,https://www.bilibili.com/video/BV1x44y1X7vi,http://i2.hdslb.com/bfs/archive/68841b3c18a851577c27eabd89f1723c68c7b234.jpg
445028,500,谢谢你，神牛教，偶遇神牛教教徒，助我砍翻了20分钟六神装剑圣！,2022-11-23 18:35:26,,https://www.bilibili.com/video/BV12G4y147am,http://i2.hdslb.com/bfs/archive/b986b58c429504b56fad3ef584e62a7a5b41aab3.jpg
1452330,889,大G竟悟出心之钢送死流打法，死一次叠200生命值，送10次叠2000？求你们快来抓我吧！,2022-11-23 12:14:41,,https://www.bilibili.com/video/BV1cK411o7eR,http://i0.hdslb.com/bfs/archive/dcbe2ede176acd736b4a930cc439afc8dc2dff90.jpg
499386,607,被心之钢毒害了，大G30分钟狂砍66个爆破，竟打出七万巨额伤害，4打5含泪败北！,2022-11-22 18:38:57,,https://www.bilibili.com/video/BV1a44y1X7bQ,http://i0.hdslb.com/bfs/archive/331762fb8643eabf6e7c0cc78404ef42189d5775.jpg
996739,942,心之钢送死流塞恩，10316滴血，7-16疯狂秒防御塔！,2022-11-22 12:00:00,,https://www.bilibili.com/video/BV1j24y117Fi,http://i0.hdslb.com/bfs/archive/7d7f0414caa115928818f50ae4a1778bdfbbfeb5.jpg
267289,301,卡牌守家全程刮痧，气得直接把装备卖掉，最后还被队友拉黑，好难过！,2022-11-21 18:28:58,,https://www.bilibili.com/video/BV1f8411j7Wj,http://i1.hdslb.com/bfs/archive/cd61ae6ec04e9776e0b1f0aea3810e4e04ac97db.jpg
485911,321,梦魇：要不是有塞恩，我早点了。大G直接泪目：好久没听到这么高的评价了！,2022-11-21 11:53:57,,https://www.bilibili.com/video/BV15M411r7DR,http://i2.hdslb.com/bfs/archive/7395f6f3bea2fb3ff3142f10cd8ca7e37399ea60.jpg
753591,624,这就是心之钢拆塔流塞恩吗？一个爆破打残防御塔，30分钟7000血，这赛恩也太粗壮了！,2022-11-20 18:00:00,,https://www.bilibili.com/video/BV1D44y1Q7XM,http://i1.hdslb.com/bfs/archive/5d036b01fafccd3f515ca0fec9589e35ffb423ab.jpg
240379,203,对面掏出俄洛伊克制送死流，大G爽吃触手，却惨遭护花使者疯狂针对！,2022-11-20 12:11:51,,https://www.bilibili.com/video/BV13P4y1R7ga,http://i1.hdslb.com/bfs/archive/2a6fe0130c9c33e65d890d126365034b4e8ec549.jpg
217140,280,《关于新赛季送死流塞恩的研究报告》,2022-11-19 17:46:35,,https://www.bilibili.com/video/BV1a14y1H7ab,http://i2.hdslb.com/bfs/archive/16f0623e3132852919a6887389253cabcd62be87.jpg
165846,222,20分钟三路就没了，只因塞恩玩的太丝滑，竟被队友认出，太尴尬了！,2022-11-19 12:00:00,,https://www.bilibili.com/video/BV11G4y1R7Kp,http://i2.hdslb.com/bfs/archive/f91c614f06404b328d74e3f3a789a02465347916.jpg
205324,118,火龙魂加大龙都能输？对面剑魔气坏了，这个塞恩怎么和鬼一样！,2022-11-19 12:00:00,,https://www.bilibili.com/video/BV1qe4y1p7Tx,http://i1.hdslb.com/bfs/archive/7298582dcd383dd78cab9ea54452ff860a0a95db.jpg
299147,167,阿卡丽：赛恩，我要杀了你！大G开局直接不当人，对线当面调按键设置！,2022-11-18 19:20:38,,https://www.bilibili.com/video/BV15e4y1p7wg,http://i2.hdslb.com/bfs/archive/851fcd1e66d2e4857ed8d0c7e4b32c66ced89430.jpg
304287,1094,韩国人这是开科技了吗？大G惨遭亚索暴打，后期看见亚索就跑，只好欺负防御塔！,2022-11-18 12:31:07,不知道是不是脚本，兄弟们可以判断一下！,https://www.bilibili.com/video/BV1dK411o7tY,http://i2.hdslb.com/bfs/archive/f766322762e3311170c0da8a07b507ab14e06670.jpg
431771,266,新版本逆天翻盘，蒙多疯狂爆破队友，一件装备加一千多血，大G疯狂爆破防御塔!,2022-11-17 19:01:43,,https://www.bilibili.com/video/BV1QM411k7jc,http://i2.hdslb.com/bfs/archive/139fd28cddd7c21368c664308651692908595014.jpg
368496,321,S13送死流初体验，这赛季我想上王者！,2022-11-17 11:31:23,,https://www.bilibili.com/video/BV18K411Z75v,http://i0.hdslb.com/bfs/archive/e68875cf238c7db93a14a5f6310ec9704aca4e3d.jpg
267906,227,“这辆炮车是我爹”，送死流塞恩竟靠炮车翻了盘！,2022-11-16 18:30:28,,https://www.bilibili.com/video/BV1x14y1H7tB,http://i0.hdslb.com/bfs/archive/46155912ed004ff3ff208d7f105ed900c9945de7.jpg
613413,344,韩国人掏出老鼠中单，大G乐坏了，直接进入暴走模式，0-17拿下！,2022-11-16 12:00:00,,https://www.bilibili.com/video/BV1714y1H7L4,http://i2.hdslb.com/bfs/archive/e642c231865d109b21bd5ef6030befabc9ae142d.jpg
526400,239,大G被韩国人当鱼钓，开局送出一血，五人全崩后直接拼命，完美运营逆天翻盘！,2022-11-15 18:05:56,,https://www.bilibili.com/video/BV1xt4y1N7KB,http://i2.hdslb.com/bfs/archive/0f6b08357bcd17f6b78e230545d88ceaaa38ffd0.jpg
393938,598,韩国人竟掏出送死流塞恩？狂送15个人头，大G也掏出送死流炼金，你不活我也不活了！,2022-11-15 12:13:20,,https://www.bilibili.com/video/BV17R4y1f78G,http://i2.hdslb.com/bfs/archive/fc750e89c6145fe1b848608ea4c5387e6e9b9b00.jpg
285608,211,大G化身冲锋勇士，开车千里拆家，三次冲锋，偷得对面五人丢盔卸甲！,2022-11-14 18:03:52,,https://www.bilibili.com/video/BV1884y1y7NJ,http://i0.hdslb.com/bfs/archive/675fdcd6f321a7a4410ebf7e1be58aebb2db6ed5.jpg
386579,315,五杀小炮气晕在厕所：杀25个都赢不了？麻烦举报一下中单这个逼！,2022-11-14 12:00:00,,https://www.bilibili.com/video/BV1DG411w7Td,http://i2.hdslb.com/bfs/archive/85c6b58e57c3ab21e5b482c3fd57c36fef923f12.jpg
700944,536,老鼠：别吵了，塞恩都偷完了！队友逆风疯狂吵架，大G在一旁却笑喷了！,2022-11-13 18:43:43,,https://www.bilibili.com/video/BV1qR4y1Z7ey,http://i0.hdslb.com/bfs/archive/070c654cb974be8708df0c0873fd6784a2a7ef0d.jpg
647484,754,玩送死流塞恩，开什么脚本比较好？,2022-11-13 12:39:15,,https://www.bilibili.com/video/BV1aP411c7R7,http://i1.hdslb.com/bfs/archive/cc039a788b4c09c3c2b60bfabb50bdc91067edcb.jpg
331731,230,队友全崩也能赢？对面五人都急坏了：求求你让我回去守家吧！,2022-11-12 18:00:00,,https://www.bilibili.com/video/BV1pv4y1m7FV,http://i1.hdslb.com/bfs/archive/210b06b8c8da72972337044c0f956a1b77ff62bb.jpg
468440,293,韩国人被拉扯麻了，0失误的送死流塞恩太猛了，人头落后一倍强行带赢，上分我真不靠elo机制！,2022-11-12 12:00:00,,https://www.bilibili.com/video/BV1yG411F7SD,http://i0.hdslb.com/bfs/archive/f02d4536805341e5f5cd6acfe1a484065189b438.jpg
300888,184,一人我推三路，团战我0输出，队友却疯狂夸赞：赛恩，你就是匪徒，真牛啊！,2022-11-11 20:24:45,,https://www.bilibili.com/video/BV1vv4y1S7mD,http://i0.hdslb.com/bfs/archive/1283a704f747fd087c0e7c9797140f9e2730120d.jpg
260135,244,男枪被气出狐臭，大骂塞恩王八蛋，开局10:1，只吃一层塔皮也能翻！,2022-11-11 12:04:32,,https://www.bilibili.com/video/BV1fK411m7zq,http://i0.hdslb.com/bfs/archive/ae4dcc26ffcbf460e4bf5614e96283fd1f360b67.jpg
248767,154,怕死流塞恩折磨老艾克，只送两个人头就把对面送崩，17分钟单推大本！,2022-11-10 18:18:16,,https://www.bilibili.com/video/BV1YG411w7bM,http://i0.hdslb.com/bfs/archive/1988f57775afb3ef6fb51bce223fb0e90ab4fd9d.jpg
369252,263,塞恩吃完儿子吃老婆，掘墓肠子都悔青了，直接被打到开摆，13分钟大本就没了！,2022-11-10 11:49:00,,https://www.bilibili.com/video/BV1Nm4y1F7RU,http://i0.hdslb.com/bfs/archive/6a44bdc837fcb4819ff98326a5297c4a66de2ddd.jpg
477731,333,奥拉夫：塞恩你就是我大哥！大G竟吃到15层塔皮，20分钟领先对面一倍经济！,2022-11-09 17:00:00,,https://www.bilibili.com/video/BV1hd4y1r7zz,http://i0.hdslb.com/bfs/archive/e5b50b934ba5316ea694d61a72685658e91de9f0.jpg
552146,254,“赛恩怎么这么肉，这谁顶得住啊？”马尔扎哈：我没给他送人头，我不背锅！,2022-11-09 11:57:34,,https://www.bilibili.com/video/BV1Be4y117W4,http://i0.hdslb.com/bfs/archive/b9c9a785df8add12839abeb42c65c12381098d8a.jpg
356581,367,韩国人掏出大虫子克制塞恩，赛后却被打野狂喷：从头到尾，屁用没有！,2022-11-08 18:00:00,,https://www.bilibili.com/video/BV1Hd4y1F7UT,http://i2.hdslb.com/bfs/archive/1e89a912b9e1daa5330c2c77e75b51fe422222d7.jpg
338710,152,塞恩：死歌，咱俩真厉害，我推塔，你杀人。狂送15个头均势局轻松碾压！,2022-11-08 12:00:00,,https://www.bilibili.com/video/BV1Rv4y1U7PL,http://i0.hdslb.com/bfs/archive/9fa506b591d7cdd9993256bc01bbeddcad10e727.jpg
449387,195,塞恩：雪人你出肉也要去偷？雪人：没事，我有小粪球！,2022-11-07 17:52:35,,https://www.bilibili.com/video/BV1gK411m7gi,http://i0.hdslb.com/bfs/archive/52ffc0854ebb0848dee81439fa53248da6038d24.jpg
922145,570,队友：塞恩你真他么能送！对手：这个塞恩是个高手！,2022-11-07 12:16:50,,https://www.bilibili.com/video/BV1wP4y1278c,http://i2.hdslb.com/bfs/archive/e51369a089fec171665def3333c77fd6669bdd8b.jpg
295001,185,刀妹：只因单杀了他一次，我塔直接没了，没错，我又亏了！,2022-11-06 19:23:31,,https://www.bilibili.com/video/BV1E84y1q7Ex,http://i1.hdslb.com/bfs/archive/4cc7e48a6ac0d047da968abd1d7e9a04574609f6.jpg
186513,122,对线阿卡丽11分钟上高地，13分钟拆门牙，拿到峡谷先锋之后，对面15分钟直接投降！,2022-11-06 15:00:05,,https://www.bilibili.com/video/BV1Me4y1x7Hz,http://i2.hdslb.com/bfs/archive/77246b7500ea13786e812003a6bf781b80c0c5c0.jpg
284190,166,拆塔流塞恩折磨守塔皇帝，20分钟一打五？仅靠一人就拆掉大本！,2022-11-05 18:00:00,,https://www.bilibili.com/video/BV1Hg411B7HD,http://i1.hdslb.com/bfs/archive/aa4795ebdbbec53e9b635d3b3f6600720848eaf1.jpg
294432,160,猪妹气出脑淤血，狂追塞恩一条街，队友却夸道：塞恩你是电竞爱因斯坦吗？,2022-11-05 12:05:00,,https://www.bilibili.com/video/BV18e411F7yN,http://i0.hdslb.com/bfs/archive/beda99debc767235e5b1e44a0c8ee22a1c727688.jpg
167680,86,以为折磨的是妖姬，最后伤的是自己！,2022-11-04 18:00:00,,https://www.bilibili.com/video/BV12v4y1D7L7,http://i0.hdslb.com/bfs/archive/e798ce70785abc7ea734ace903b610a32737010f.jpg
304861,212,一人我推三路，韩国人却不乐意了：我们吃不到兵啊，塞恩自私鬼！,2022-11-04 13:20:18,,https://www.bilibili.com/video/BV1JK411m7h7,http://i0.hdslb.com/bfs/archive/a22dc4b60fe8acd95a8761dc15249e5bc9916acc.jpg
330646,126,炸弹人疯了：来来来，爆破鬼才你来当！,2022-11-03 18:19:13,,https://www.bilibili.com/video/BV1nv4y1D7tJ,http://i1.hdslb.com/bfs/archive/19cf2252a109a56c0cb4f45a62bdfab8be018bca.jpg
268784,188,日女：举报老司机送人头。大G直接怒了，反手举报对面不守塔！,2022-11-03 11:51:47,,https://www.bilibili.com/video/BV1qm4y1c7PY,http://i1.hdslb.com/bfs/archive/8cbbb79a67225c96327c80e0ee60fc87755b73af.jpg
307450,162,《偷家36计之人仗狗势！》,2022-11-02 18:03:01,,https://www.bilibili.com/video/BV1F8411h73M,http://i1.hdslb.com/bfs/archive/189fdaaec7630fc5427fb8970c172e771a34bc44.jpg
644640,334,3000人正在围观：25层杀人书阿卡丽，大战三路超级兵！,2022-11-02 11:52:13,,https://www.bilibili.com/video/BV1qG411A7Ho,http://i0.hdslb.com/bfs/archive/3e7c268a32d4d7e4b4e96db7d293805209db0278.jpg
326549,139,超级兵：塞恩你团，我偷家！人头落后一倍，五人被团灭，超级兵极限偷家！,2022-11-01 18:00:00,,https://www.bilibili.com/video/BV1hd4y1C74Q,http://i2.hdslb.com/bfs/archive/d41b9e3fe759d9ace7b2736d23e8028c77b6063e.jpg
1014465,926,落后50人头史诗级翻盘，韩国人直言精神崩溃，15-0盖伦10分钟不出门！,2022-11-01 12:15:56,,https://www.bilibili.com/video/BV1UG411A7tR,http://i0.hdslb.com/bfs/archive/8713029bd52cb0cad17b4edb7ae46ddc804c3302.jpg
261692,106,0-12-0折磨韩国人，对面疯狂守家，围追堵截，还是被偷掉门牙！,2022-10-31 17:30:00,,https://www.bilibili.com/video/BV1Mg41167Jt,http://i1.hdslb.com/bfs/archive/a3d6e1f428715cf48175f8852ab903b2b27e0017.jpg
330547,182,韩国人掏出流浪中单，大G直接怒了，这把游戏要是输了，我直播把G剁了！,2022-10-31 11:48:58,,https://www.bilibili.com/video/BV1HG4y1b7dW,http://i2.hdslb.com/bfs/archive/eaf4e2cf186b93339ad745bc780fa479900b162f.jpg
511933,223,“大G你赶紧去死”一上线就被催着去死，大G直接12分钟上高地，20分钟破三路！,2022-10-30 19:01:36,,https://www.bilibili.com/video/BV1BP4y1m7Yz,http://i0.hdslb.com/bfs/archive/51446a38c00506ead0ef80863580cde2d156c3c1.jpg
271516,295,369破舰者塞恩偷家skt成功，faker痛哭流涕，醒来才发现是梦一场....,2022-10-30 12:23:35,,https://www.bilibili.com/video/BV1y84y1i78e,http://i2.hdslb.com/bfs/archive/5662d736fadfdfdb5947c2d2dc3076fd77a36d40.jpg
228231,151,五个菜鸟排到一起，怎么才能赢游戏？韩国人：阿西吧，这都能输？,2022-10-29 16:59:55,,https://www.bilibili.com/video/BV148411Y78C,http://i1.hdslb.com/bfs/archive/33492133ca4ea663e0f96ab8f1d90dce858e80e4.jpg
358221,150,男刀人麻了，这辈子都没碰过防御塔，这就是1-12的塞恩吗？,2022-10-29 12:08:51,,https://www.bilibili.com/video/BV1ym4y1F7G7,http://i2.hdslb.com/bfs/archive/bcb3ba06e6f378dc2c5ff9dc52e9c9546c9e8bfe.jpg
691977,362,韩国人崩溃了，全员偷家局，你一个大树也来偷就太过分了吧！,2022-10-28 17:54:35,,https://www.bilibili.com/video/BV1vW4y1j7Qt,http://i2.hdslb.com/bfs/archive/ca483474d47bb8dd952337a7fc06c9bf74238ea2.jpg
343527,258,狗头：塞恩你是真该死啊，我刚出山，家就没了！,2022-10-28 12:01:01,,https://www.bilibili.com/video/BV1c14y1L7F5,http://i1.hdslb.com/bfs/archive/a7bfcdfa77750c24247e303e290dbaf19a805c23.jpg
292368,201,20杀卢锡安哭晕在厕所：猪妹你快回来啊，我打不过这么多小兵啊！,2022-10-27 20:07:36,僵尸发错了，不好意思！,https://www.bilibili.com/video/BV1ye4y1776r,http://i0.hdslb.com/bfs/archive/a34495008dac61867083b98fdb0f16a7f181360a.jpg
438019,186,韩国人掏出万豪中单，大G被恶心坏了，14分钟塔都没摸到一下，难受的一批！,2022-10-27 11:54:19,,https://www.bilibili.com/video/BV1Se41137Zh,http://i1.hdslb.com/bfs/archive/2f8a0bc4745a14f08d06e558cff0031f3c663dd8.jpg
331929,116,敌方怒骂队友：打架打傻了是吗？家都被偷了还要打？,2022-10-26 19:08:28,,https://www.bilibili.com/video/BV1b84y1B7Xt,http://i0.hdslb.com/bfs/archive/06888d64ea49eca20e220c3356e76a824a15ff61.jpg
370082,239,1-14收到四个点赞？韩国人一致认可，再也不是折磨9个人的送死流了！,2022-10-26 12:01:57,,https://www.bilibili.com/video/BV14W4y1E7c8,http://i2.hdslb.com/bfs/archive/5b733f8ab89ba60cb0e36cf4f1ed107f3521a628.jpg
294575,202,韩国人惊了，阿木木秒变舔狗：僵尸大哥，我给你插眼，ok？,2022-10-25 18:58:03,,https://www.bilibili.com/video/BV1BV4y1G7Rd,http://i2.hdslb.com/bfs/archive/e22b136606fa8a1e1af29f5cbc105062898b03af.jpg
344278,194,韩服收到四个赞的对局有多精彩？被打成19：1也能翻？队友直呼塞恩牛逼!,2022-10-25 11:53:48,,https://www.bilibili.com/video/BV1zg411z7kh,http://i2.hdslb.com/bfs/archive/e7bf1829c8d1eabe3cea15f4e01426b7fa56b5b2.jpg
327083,207,最惨主播，开局就被催逝员催着去死，大G直接不活，14分钟破高地，偷得对面发条直接开摆!,2022-10-24 18:10:00,,https://www.bilibili.com/video/BV1ed4y1y7Sf,http://i1.hdslb.com/bfs/archive/d9399fb0306c707879a03018eaafdc751df8ddc6.jpg
158144,125,大G气坏了，就因为上了个厕所，家就被韩国人偷了！,2022-10-24 13:09:20,,https://www.bilibili.com/video/BV1XK411D72i,http://i1.hdslb.com/bfs/archive/e649c886518a212051ae90c9f64212463e5df86f.jpg
274783,116,大G：打野不要来，我有自己独特的打法！,2022-10-23 19:43:32,,https://www.bilibili.com/video/BV19D4y1r7nw,http://i1.hdslb.com/bfs/archive/5ba62e8e9b429902ec6af20cc5706377e0653d76.jpg
275807,130,敌方中野：我这辈子就没见过防御塔，0-17疯狂折磨韩国人，lpl加油!,2022-10-23 14:27:13,,https://www.bilibili.com/video/BV168411e7rV,http://i0.hdslb.com/bfs/archive/578ad1c2fdb178af0a245444d6e62fb494d2ab8c.jpg
230396,128,送死流塞恩对线小法师，三个ad，两个法师，疯狂守家！,2022-10-22 18:01:26,,https://www.bilibili.com/video/BV1Qd4y1C7i5,http://i0.hdslb.com/bfs/archive/fce7632204484620c3fda57520722a641b371878.jpg
228288,205,这就是偷塔大师吗？7-1天肥剑魔守到崩溃，最后心态爆炸，选择毁灭！,2022-10-22 11:55:35,,https://www.bilibili.com/video/BV1ge4y1e7Bs,http://i2.hdslb.com/bfs/archive/5f9184356a1c4a253d49bd9d0e76f13997d90925.jpg
177232,174,今天就让你们知道滔搏怎么输的！,2022-10-21 18:00:00,,https://www.bilibili.com/video/BV1we4y177rr,http://i2.hdslb.com/bfs/archive/c669605f7e771ad4052efc3db5a995383d109e80.jpg
269238,177,大顺风被偷家后，对面8-4的男刀惨遭怒喷，我他么战绩血C!,2022-10-21 12:33:06,,https://www.bilibili.com/video/BV1kG411L7WG,http://i2.hdslb.com/bfs/archive/bdc247c964fe705836b256e894727f3a8171cd55.jpg
301604,118,“塞恩你是真的狗”，大G一波机智决策偷家成功，对面心态爆炸！,2022-10-20 18:00:00,,https://www.bilibili.com/video/BV1xe4y1i78X,http://i2.hdslb.com/bfs/archive/3ced15cbf2436aeaeb0ee03e35021ec43a8bfb99.jpg
348522,238,队友挂机，大G12分钟召唤出超级兵对线诺手，落后20人头却打得像顺风局！,2022-10-20 12:29:04,,https://www.bilibili.com/video/BV1Vg41187br,http://i2.hdslb.com/bfs/archive/8718900fffe73ce9e026fbdac3b7345f7ec0a4c7.jpg
560092,1245,狂送14个头遭队友痛骂，大G非常委屈却不敢犟嘴，最后竟被猫咪安慰了！,2022-10-19 18:00:00,,https://www.bilibili.com/video/BV1eP411N7AQ,http://i2.hdslb.com/bfs/archive/40363c2c16564e950ee028391b27e8a0ab2f94d8.jpg
313599,193,自己都觉得翻不了的局，一波三折太刺激了，钻一局超大逆风偷家翻盘，送死流斩获mvp！,2022-10-19 12:03:24,,https://www.bilibili.com/video/BV1h8411s72q,http://i1.hdslb.com/bfs/archive/9bdb8fdbcd4eb08b5ca7eb15d02aac19e39f8190.jpg
389199,207,10-0诺手气晕了，是真男人就来打团，别偷我了家了！,2022-10-18 17:00:00,,https://www.bilibili.com/video/BV13P411N7Ku,http://i2.hdslb.com/bfs/archive/fecd0a2813669ffdc59ff180a398cbc5eb201d2c.jpg
1083530,598,当赛恩无限火力遇到马尔扎哈，大G直接吐了，这虫子太多了，管饱？,2022-10-18 11:40:15,,https://www.bilibili.com/video/BV1Lm4y1P7GP,http://i1.hdslb.com/bfs/archive/4b78a025de89671c398f73d09fd0acd227666bcb.jpg
417515,100,队友都惊了！1-8全场经济最高？才20分钟三路就被偷光了，对面直接崩溃投降！,2022-10-17 19:19:38,,https://www.bilibili.com/video/BV1K84y167Cw,http://i1.hdslb.com/bfs/archive/700499a61fb835ddcc3296ad6c8435469fdbedc0.jpg
849974,556,看了0-12塞恩的装备，25层杀人书的妖姬陷入了沉思！,2022-10-17 11:58:38,,https://www.bilibili.com/video/BV1kK411S7Sj,http://i0.hdslb.com/bfs/archive/5b6349903e443418da289ac29f5fe2833ee1de99.jpg
332138,139,送死流塞恩遭巨魔偷家，大G怒不可遏，直接掏出海妖，偷到一个塔算我输！,2022-10-16 18:00:00,,https://www.bilibili.com/video/BV19R4y1X7qy,http://i2.hdslb.com/bfs/archive/c79a97d9627e57d18f8faed730e803c70b0d2602.jpg
266241,107,大G开局直播剁G，直接给对面强度拉满，永恩游走让大G窒息，大G偷塔让永恩窒息!,2022-10-16 12:02:45,,https://www.bilibili.com/video/BV1cG41177rN,http://i1.hdslb.com/bfs/archive/f3fb95644c7877d869dba01e317e5511feadf0d3.jpg
212094,200,轻敌送死，0-18养出天肥流浪，惨遭队友狂喷，大G悔恨交加：这把我的锅，不犟嘴！,2022-10-15 18:01:37,,https://www.bilibili.com/video/BV1vG4y1p7R3,http://i1.hdslb.com/bfs/archive/521c35a8b8dcb98c8de476a31ebf1c5e24d75116.jpg
430547,287,敌方掏出卡尔玛中单妄想折磨送死流，大G直接不活，虽然0-15，却获得队友一致好评！,2022-10-15 12:04:00,,https://www.bilibili.com/video/BV1nV4y1V7Tu,http://i2.hdslb.com/bfs/archive/ba5b9f5048bba20d14caa43aaf00e4c9d8769aa0.jpg
349621,162,打完这把游戏，腕豪在妈妈怀里哭了一晚上！,2022-10-14 17:47:03,,https://www.bilibili.com/video/BV1MG41177W4,http://i1.hdslb.com/bfs/archive/2fb9d6df5e7f272cc57af3c5e0a040dea18b4c36.jpg
315891,235,24杀卡特哭晕在厕所，一直被偷家，没想到最后，自己却成了那个最想偷家的人！,2022-10-14 11:57:27,,https://www.bilibili.com/video/BV1rG4y1p75f,http://i2.hdslb.com/bfs/archive/29b99a2d52a166c57903777c2059d23aa191c478.jpg
217459,152,送死流塞恩如何对线飞机？门牙被偷掉之后，对面直接放弃反抗，眼里失去了光！,2022-10-13 18:15:02,,https://www.bilibili.com/video/BV1Gd4y1171h,http://i2.hdslb.com/bfs/archive/8e4f7cb5586f2df0a521c41e0db899247351725a.jpg
450702,384,最惊险的一局，只差0.35秒就输了，看完回放，大G冒了一身冷汗！,2022-10-13 11:13:05,看了回放，冒了一身冷汗！,https://www.bilibili.com/video/BV1ie411L7L6,http://i1.hdslb.com/bfs/archive/424e28bd5f0fd685faa7ed38a7351431de7bae02.jpg
308665,97,鳄鱼你踏马守一下塔啊，老子3-0，你叫我去守塔？,2022-10-12 19:59:49,,https://www.bilibili.com/video/BV1T84y1z7ne,http://i0.hdslb.com/bfs/archive/81d67443ff7b20fec0c24fb7769b7cfc5a703fac.jpg
476860,183,太无耻了！竟然掏出剑魔中单，大G全程坐牢，为了报复，只能偷光他所有防御塔！,2022-10-12 11:37:38,,https://www.bilibili.com/video/BV16e4y1U7x3,http://i2.hdslb.com/bfs/archive/cb745479f67248d920c0e28f456e03c67a0bd9e8.jpg
479102,294,听说无限火力机器人拆塔很快，今天让你拆掉一个塔算我输！,2022-10-11 18:18:48,,https://www.bilibili.com/video/BV118411W7wN,http://i2.hdslb.com/bfs/archive/b5e0038b5a9d26e6fa8314ae2873539886689d28.jpg
287313,144,大树，你他马的真恶心，我就只想偷个塔，有必要这样对我吗？,2022-10-11 11:40:00,,https://www.bilibili.com/video/BV1bD4y1k73N,http://i2.hdslb.com/bfs/archive/f88439e8c6a5277b3cb101f8e78dbc6419f97d66.jpg
421551,243,韩国人惊呆了，31:11也能输？0-9-0塞恩力挽狂澜，差一秒就输了！,2022-10-10 17:57:35,,https://www.bilibili.com/video/BV1VV4y1L7Pn,http://i0.hdslb.com/bfs/archive/2f8031d7412a9ef9dfdcb8a6357f6efca840f842.jpg
505809,222,让韩国人知道什么叫科技与狠活，无限火力送死流，10分钟破门牙！,2022-10-10 11:40:00,,https://www.bilibili.com/video/BV1ae4y1n7pC,http://i2.hdslb.com/bfs/archive/3724ed496fae48dd1c836bbc8694dad116d44a30.jpg
196504,119,一局游戏两人摆烂，送死流塞恩疯狂拉扯，偷到一个峡谷后，大G直接宣布游戏结束。,2022-10-09 19:56:19,,https://www.bilibili.com/video/BV17T411N7eF,http://i0.hdslb.com/bfs/archive/700fc6375aa3f2188b135220b2c47438f274579b.jpg
2176289,672,小鱼人哭晕在厕所，怎么玩个无限火力，还能遇到送死流塞恩呀！,2022-10-09 11:21:17,无限火力也能玩塞恩？,https://www.bilibili.com/video/BV1N14y177FS,http://i0.hdslb.com/bfs/archive/f468fff17c5c68b10f8359269619fce9a095205b.jpg
519611,249,“老司机，这把靠你了”送死流开局就被寄予厚望，大G决定不负众望，赶紧开送！,2022-10-08 21:29:48,,https://www.bilibili.com/video/BV1MB4y177du,http://i1.hdslb.com/bfs/archive/8782ced927afd7f5e3605640eab51163c8bedadb.jpg
464439,194,玩送死流遭卡莎嘲讽，大G直接回怼：你懂个der，然后一打五推掉大本，队友直呼666！,2022-10-08 11:04:04,,https://www.bilibili.com/video/BV1Gt4y1c7Kj,http://i0.hdslb.com/bfs/archive/2450b1c9eaf86c2d0ed62531e26597c22feea635.jpg
408169,153,20分钟就六神的送死流，大G发育最好的一把，直接砍翻所有人和防御塔!,2022-10-07 17:34:02,打野机器人太贴心了，人头直接喂嘴里！,https://www.bilibili.com/video/BV1Ud4y1v7Au,http://i0.hdslb.com/bfs/archive/d782a1f0f3490bb6ea66c6fd0594ee8d0cd07f07.jpg
366385,206,EZ开局就要15？双送死流不乐意了，不赢下这把游戏谁都别想走，两票否决权！,2022-10-07 12:00:00,和韩国人送死流炼金双排第三把,https://www.bilibili.com/video/BV1nt4y1c7ox,http://i2.hdslb.com/bfs/archive/9f1d4ac790290d92a6708ec766631bc975cd3eeb.jpg
824420,222,韩国人：三个老六，就他么知道偷塔！和送死流炼金双排，却偶遇送死流掘墓！,2022-10-06 21:46:44,不好意思，发错视频了，再来一次,https://www.bilibili.com/video/BV1GB4y1j7qW,http://i2.hdslb.com/bfs/archive/1ff6288287c802920c4e62d39baadac14f98e8d3.jpg
574258,285,韩服送死流炼金开局抢兵线，大G气得直接不活，最后一查战绩惊了，直接邀请双排!,2022-10-06 11:40:00,,https://www.bilibili.com/video/BV1pe4y167qQ,http://i0.hdslb.com/bfs/archive/bc420ca19d2a2ebba6e72279500723bff747e241.jpg
371992,171,五分钟的破舰者有多恐怖？打野疯狂针对，12分钟就上高地，对面直接崩溃投降！,2022-10-05 10:18:22,,https://www.bilibili.com/video/BV1ce4y1z7js,http://i2.hdslb.com/bfs/archive/db91d7b95bccdad7f4893082bc77f6540a24f24f.jpg
704559,324,11分钟的超级兵到底有多猛？轮子妈竟敢站撸破舰者超级兵，笑死了！,2022-10-04 11:40:00,,https://www.bilibili.com/video/BV1Ce411L7Mh,http://i0.hdslb.com/bfs/archive/2b5a80c2c51fbf93f1aab4580965cdd4c64fef65.jpg
220654,143,送死流塞恩不能打逆风？铂金局超大逆风，看大G如何运营死对面！,2022-10-03 22:14:50,,https://www.bilibili.com/video/BV1o24y1X77r,http://i1.hdslb.com/bfs/archive/b92ae8e29ac75412e475a484402b684269dbbb84.jpg
516551,217,0-12送死流盖伦也能赢？落后一万经济翻盘，对面：简直比殺了我还难受！,2022-10-03 11:40:00,,https://www.bilibili.com/video/BV1Zt4y1w7r4,http://i0.hdslb.com/bfs/archive/811b00a8d25f9234ad0e029775bd797415b1db3e.jpg
308443,116,队友：你收着点送，给我整害怕了！惊险刺激偷家翻盘后，直接送上两个赞！,2022-10-02 20:29:55,这钵啊，这钵是电子安眠药，假期也要早睡哦！,https://www.bilibili.com/video/BV1aR4y1d7rj,http://i1.hdslb.com/bfs/archive/5ec3cc76ff0bae6c416126cd216c60330d29acf0.jpg
393128,194,暴躁的塞恩有多猛？只前进不后退，6分钟上高地？不死不回家！,2022-10-02 11:36:30,不死不回家！,https://www.bilibili.com/video/BV1PN4y1N7rN,http://i1.hdslb.com/bfs/archive/f5bb2b9bb34e60167c8bb1fb658ba2d056ffdb70.jpg
606697,307,韩国人震精了，38：8也能输？对方直呼中路差距，我他么1-11呀！,2022-10-01 18:14:25,开饭,https://www.bilibili.com/video/BV1XG411J77D,http://i2.hdslb.com/bfs/archive/91a7d57f4cb44aed572e057c82c8cfaae8b026ec.jpg
249648,111,中下野三人伤害加起来还没辅助高，这种局是怎么赢的？对面：明明他们才是逆风啊！,2022-10-01 11:05:27,,https://www.bilibili.com/video/BV1rV4y1T7j9,http://i1.hdslb.com/bfs/archive/4eb9493a6435da492747212b628d8aa50e497c83.jpg
283672,138,日本人掏出ad妖姬克制塞恩，大G笑坏了，只送一个人头，19分钟就推掉大本！,2022-09-30 17:40:00,,https://www.bilibili.com/video/BV1SR4y1R7eD,http://i2.hdslb.com/bfs/archive/ea9bbb828b76013490fd2ce69030f74cab3e5903.jpg
328699,196,这个光辉太难打了，送了6个人头才把他送崩！,2022-09-30 11:40:00,开饭,https://www.bilibili.com/video/BV1We4y1r7xg,http://i2.hdslb.com/bfs/archive/032e2cbf6f5044708052563cad75d313e4466049.jpg
250238,112,正战绩的送死流塞恩有多猛？三波完美开车逆天改命，瞬间扭转颓势，韩国人都懵逼了！,2022-09-29 17:40:00,逗鱼开送！,https://www.bilibili.com/video/BV1L8411t7Pk,http://i2.hdslb.com/bfs/archive/88ee576a1a41b254bf51fb873aa58787bce75d7c.jpg
424922,157,游戏才五分钟，大G却直接宣布对面游戏结束了，韩国人：到底发生了什么？,2022-09-29 11:40:00,5分钟60刀，游戏不结束？,https://www.bilibili.com/video/BV15G4y1x7sr,http://i2.hdslb.com/bfs/archive/b7e5b9ad4aee041aa67ba2cda64db1d2066b7888.jpg
570604,322,塞恩你他么太能偷了吧！领先1万经济，领先44个人头，五打四都能输？,2022-09-28 18:11:45,打野摆烂，四打五也能赢？,https://www.bilibili.com/video/BV1Ld4y1u7LF,http://i1.hdslb.com/bfs/archive/acb7548ef80ed931d52461b9920e18ced19a22c6.jpg
248693,137,一个人头都不送，铂金局13分钟上高地！这才是送死流的正确上分方式，最后一波偷家太机智了！,2022-09-28 11:40:00,送死流如何上分！,https://www.bilibili.com/video/BV1EB4y177dz,http://i2.hdslb.com/bfs/archive/dbd1e8d439cb8854f456ffc9dfd2c269df05861f.jpg
490195,318,小鱼人又有什么错呢？他只不过是单杀了一次塞恩，然后...就崩了！,2022-09-27 18:40:26,六点，逗鱼开送,https://www.bilibili.com/video/BV1me411K7xg,http://i0.hdslb.com/bfs/archive/da2193ee0aab825bd77013f59fa3c99132aad349.jpg
651462,369,妖姬竟直接裸杀人书，大G怒了，扬言输了直播剁G，25层杀人书用来清超级兵？,2022-09-27 11:40:00,哼，杀人书！,https://www.bilibili.com/video/BV13e4y1H7GZ,http://i1.hdslb.com/bfs/archive/5645c06f113dfd2f41d6981a7fecbbafb8384753.jpg
409820,249,“老司机，真刺激！”国服落后40人头，1万经济都能翻盘，差一秒就输了，确实刺激！,2022-09-26 17:48:31,,https://www.bilibili.com/video/BV1Cd4y1M7sK,http://i0.hdslb.com/bfs/archive/a6381edb033f23abd9f6759759d787299395a8a3.jpg
206077,159,被韩国人举报了？大G偷家后被系统强制下线，我才送13个人头呀，家是艾克偷的哇！,2022-09-26 11:40:00,惨遭针对，大G强推门牙,https://www.bilibili.com/video/BV1CG411g736,http://i2.hdslb.com/bfs/archive/e650b8caae01d13ea8905f1c898dcad874e419c4.jpg
252215,124,练习时长4年的怕死流上分秘籍，1级对线+后期偷家详细讲解，手残党学会也能上大分！,2022-09-25 18:18:05,娱乐上分两不误！,https://www.bilibili.com/video/BV1uY4y1K7Lh,http://i1.hdslb.com/bfs/archive/4ab5b0e8f58c0e19d0065cf64d39cebe6f336c18.jpg
731681,213,狗头吧看了直呼内行，大G峡谷之巅发明搅屎棍打法，线都不对了，剑魔都急了！,2022-09-25 11:40:00,混分打法，对线实在打不过,https://www.bilibili.com/video/BV1oN4y1K7r8,http://i0.hdslb.com/bfs/archive/71a02d87ecc7262e83b6d5fdf1f2ba3064473673.jpg
276864,119,超大逆风落后30人头，韩国人却说赢得太轻松，大G直接怒了：压力全被我扛着了！,2022-09-24 18:18:58,前期不送人头更适合兄弟们上分哦！,https://www.bilibili.com/video/BV1LY4y1N7Pd,http://i0.hdslb.com/bfs/archive/bef33360dfa8998053f573330be6b17e40662e26.jpg
231848,110,40分钟偷家局到底有多折磨？水晶都破了三轮，对面守家守到崩溃！,2022-09-24 11:30:00,40分钟偷家局到底有多折磨？水晶都破了三轮，对面守家守到崩溃！,https://www.bilibili.com/video/BV1MT411T78P,http://i1.hdslb.com/bfs/archive/8444d139808be3aadd3f257ea1a0a91a35171453.jpg
345746,125,韩国人守疯了，领先26个人头疯狂守家，3条大龙加远古龙都赢不了，这把太刺激了！,2022-09-23 17:55:56,这把刺激,https://www.bilibili.com/video/BV1EW4y1v7Hu,http://i1.hdslb.com/bfs/archive/9badb9541780052253f17241cba83da7af612d80.jpg
281804,136,0-12折磨9个韩国人，队友四打五被团灭，却疯狂给我扣666，太离谱了！,2022-09-23 11:40:00,0-12折磨9个韩国人，队友被团灭，却疯狂给我扣666，太离谱了！,https://www.bilibili.com/video/BV1kD4y1i7op,http://i2.hdslb.com/bfs/archive/e97998694bb32fdf7ed2dc3e05efcac748f39470.jpg
382303,176,送死流如何从1级就开始折磨小法师，11分钟上高地，被偷家后韩国人疯狂互喷！,2022-09-22 18:25:04,,https://www.bilibili.com/video/BV1zG4y1s7nK,http://i2.hdslb.com/bfs/archive/dbb1260127b4802b5f140a26fcefcaebfcf4f067.jpg
277971,124,队友直呼：老司机你就是个流氓！送死流上单教学，国服落后20人头轻松翻盘！,2022-09-22 11:40:00,,https://www.bilibili.com/video/BV1t8411b7rs,http://i2.hdslb.com/bfs/archive/aa9d4d7326364f3ad0979b3f25f458aa45cf6608.jpg
451610,146,韩国人掏出剑魔中单，大G吓得直接怕死流，剑魔气坏了，最后还被队友狂喷！,2022-09-21 18:20:13,,https://www.bilibili.com/video/BV1Te4y1b7bM,http://i0.hdslb.com/bfs/archive/b45eea275469d356c8c1c89b6aa18288643b02f7.jpg
404571,159,超神妖姬惨遭队友狂喷，0-11塞恩暴打10-0妖姬，超神也要背锅？,2022-09-21 11:35:00,,https://www.bilibili.com/video/BV1Et4y1P7M7,http://i1.hdslb.com/bfs/archive/d50afbe67c61972856cf134386eb4c656d4abb92.jpg
453050,214,韩服疯狂偷家40分钟，狂送16个人头，落后1万经济，对面却被吓得不敢出门！,2022-09-20 17:52:52,疯狂偷家折磨韩国人,https://www.bilibili.com/video/BV1gB4y1H7oZ,http://i2.hdslb.com/bfs/archive/fef019d411b407b19d7af99d305d96b3f8d0896f.jpg
657798,196,韩国人掏出老鼠中单，大G笑抽了，你偷人我偷家，史上最恶心的一局！,2022-09-20 11:40:00,呜呜呜，流浪他太爱偷家了！,https://www.bilibili.com/video/BV1B8411t7ij,http://i2.hdslb.com/bfs/archive/8a12ca8a9d4117cb3afa3f244a0b6b01ac2685f3.jpg
377060,163,送死流塞恩对线亚索，五分钟后直接开送，队友全崩逆风局， 被偷家后韩国人疯狂互动！,2022-09-19 18:07:56,开饭,https://www.bilibili.com/video/BV1PB4y1H77U,http://i2.hdslb.com/bfs/archive/82f86ab1e08973f578f4f9d86ee6a0bd9147fe23.jpg
629559,239,韩国人选出卡莎中单克制塞恩，大G直接怒了，开局送出0-7，输了直播剁G！,2022-09-19 12:06:18,卡萨中单,https://www.bilibili.com/video/BV1cD4y1i7G1,http://i1.hdslb.com/bfs/archive/c52db1f3fd71b50abd76dfd5dce8f10156b4081f.jpg
415825,131,韩国人直呼恶心：自杀塞恩让我瑟瑟发抖！0-11疯狂折磨，抓也不是，不抓也不是！,2022-09-18 18:39:14,,https://www.bilibili.com/video/BV1YB4y1E7CJ,http://i0.hdslb.com/bfs/archive/0c88b9f9e4f5c2aeb066cfe0712c6fc891def1f7.jpg
558593,380,大G最“凶”的一把游戏，小鱼人被送到挂机，14分钟就推完了，观众直呼恶心！,2022-09-18 11:40:00,,https://www.bilibili.com/video/BV18e4y1k7ba,http://i1.hdslb.com/bfs/archive/1026b24fc7e6f8493faef11edfdbb4b5793c6305.jpg
350245,245,偶遇最难打阵容，大G直言最好秒了，开局被打成10：1，于是放弃幻想直接不活！,2022-09-17 17:22:45,开饭,https://www.bilibili.com/video/BV1YB4y1E7oo,http://i2.hdslb.com/bfs/archive/92712c4174710e3c6165a9a748cbfde1a37f9fb9.jpg
377630,145,韩国人狂扣？？？？这就赢了？我他么对面的防御塔都没见过呀！,2022-09-17 10:48:05,,https://www.bilibili.com/video/BV1Ne411M7LA,http://i1.hdslb.com/bfs/archive/1e84f5089813272071ae1783eaece3de5490c2be.jpg
331987,159,你别看我0-3，冰女2-0，但是我这个大招一开，对面冰女就崩了！,2022-09-16 18:18:26,开饭,https://www.bilibili.com/video/BV1U14y1a76X,http://i0.hdslb.com/bfs/archive/ff33c720ec8613a7ae6b102491d1f51a49bf1d31.jpg
482265,240,双送死流竟“恐怖如斯”，大G和韩服炼金进行离谱沟通，超大优势，韩国人直接放弃抵抗！,2022-09-16 11:40:00,,https://www.bilibili.com/video/BV1yY4y1K7Ez,http://i0.hdslb.com/bfs/archive/db4acd6a1753d451fb268ae939c173860dbdfe8a.jpg
447862,190,当日本人掏出铁男的那一刻，大G就知道，偷塔路上又多了一个兄弟！,2022-09-15 18:25:00,当日本人掏出铁男的那一刻，大G就知道，偷塔路上又多了一个兄弟！,https://www.bilibili.com/video/BV1Ne4y187rv,http://i1.hdslb.com/bfs/archive/24c9fc0fe7e3583f1ff50ede69116337bdd5fb95.jpg
713500,491,日本人掏出盖伦中单，大G全程被恶心，一看ID，竟是中国苏东坡，难怪这么难打！,2022-09-15 11:35:00,,https://www.bilibili.com/video/BV1ed4y1u7Bu,http://i2.hdslb.com/bfs/archive/e9c4d3979c129ee2c86c75de30ecbf2f43da94e1.jpg
506655,180,韩国人直呼塞恩哥哥，超大逆风轻松翻盘，2-16折磨吸血鬼！,2022-09-14 17:00:00,,https://www.bilibili.com/video/BV13d4y167Gg,http://i0.hdslb.com/bfs/archive/3747add859a48ab0f3794c412a5597aa0ae8a30a.jpg
346887,182,被偷家后，日本人全体打出GG？一看id，竟然还有LNG Boinb!,2022-09-14 11:30:00,开饭,https://www.bilibili.com/video/BV1Td4y167zV,http://i2.hdslb.com/bfs/archive/1c01ab0b518a8c8aaebeb63b6d59dfc3e52b259d.jpg
576795,234,偷家术折磨日本忍者，对面手忙脚乱，直接传送逃命，观众都笑喷了！,2022-09-13 17:37:22,开饭,https://www.bilibili.com/video/BV1dG4y1z76U,http://i2.hdslb.com/bfs/archive/1843faccaeb21bf26911349a0f9ab2be8ed630e1.jpg
367642,255,韩国人掏出啤酒人中单，结果20分钟不到游戏结束，相信我一定要看到最后！,2022-09-13 11:30:00,,https://www.bilibili.com/video/BV1RB4y1J7Xn,http://i0.hdslb.com/bfs/archive/14d4edd8ddf4878ce8abf6e93c98593290394397.jpg
478731,192,偷到韩国人放弃治疗！,2022-09-12 18:00:00,开饭,https://www.bilibili.com/video/BV19e411u7P1,http://i1.hdslb.com/bfs/archive/bbb930b05dfd1cd14e6e2ae1fb588fabd78c970a.jpg
304075,283,岩雀要疯了，赛恩也疯啦！,2022-09-12 11:30:00,岩雀要疯了，赛恩也疯啦！,https://www.bilibili.com/video/BV16W4y1B7QN,http://i1.hdslb.com/bfs/archive/0a67c5ad0a17a0946ee7285c58502ac902abfc8b.jpg
346801,178,送死流塞恩天崩开局，15分钟还没做出破舰者，大G直接说G了，谁知....,2022-09-11 18:20:00,开饭,https://www.bilibili.com/video/BV1vP4y1Z7Rv,http://i2.hdslb.com/bfs/archive/f98a4d8c5de03ec51913fd5fc3eb61ce3ed5c781.jpg
471392,316,竟被这个马尔扎哈打吐了，再也不想吃虫子了！,2022-09-11 12:32:34,被这个马尔扎哈打吐了！,https://www.bilibili.com/video/BV1ED4y1q75B,http://i1.hdslb.com/bfs/archive/1cff31e7f95c4eaf66d56548d6be3ee5efd48e03.jpg
405729,164,韩服收到四个赞的游戏有多精彩？塞恩一人搅动全局，韩国人被牵着鼻子走！,2022-09-10 17:24:21,开饭,https://www.bilibili.com/video/BV1hY4y1K7Gc,http://i1.hdslb.com/bfs/archive/a528dd66fd09da7982f5b3523b97e0751f37fef8.jpg
368346,124,韩国人掏出妖姬打野，大G直接用脚玩，却发现妖姬有点东西，落后1w经济翻盘！,2022-09-10 12:08:19,兄弟们中秋快乐,https://www.bilibili.com/video/BV1xT411M7hG,http://i0.hdslb.com/bfs/archive/22d9baf395d082d7580d7ffd95e2c9a2a51b9d67.jpg
360591,170,一把游戏折磨十个人，赛恩一人拆三路，对面五人狂守家，最后十人破防！,2022-09-09 17:44:26,开饭,https://www.bilibili.com/video/BV1mK411f7Rr,http://i2.hdslb.com/bfs/archive/5b62ea8d9cbf1fd2d1468b03679dc3bd64038cd7.jpg
328689,225,韩国人狂扣666，落后30人头也能赢，大G送死流塞恩疯狂拉扯！,2022-09-09 11:32:23,开饭,https://www.bilibili.com/video/BV1XP411371c,http://i2.hdslb.com/bfs/archive/e81b63652e3959988c7427bcae0742b92f1301a5.jpg
515796,221,13-0超神盖伦疯狂守塔，领先1万经济被翻盘后，韩国人狂喷打野！,2022-09-08 17:38:53,13-0超神盖伦疯狂守塔，领先1万经济被翻盘后，韩国人狂喷打野！,https://www.bilibili.com/video/BV1ae4y1h7Rn,http://i2.hdslb.com/bfs/archive/a5c80a0d1dfa0c6ef195c3f15cbf9d43e5cd8892.jpg
414837,205,送死流塞恩对线超模，打得对面怀疑人生，直接给赛恩送人头！,2022-09-08 11:54:15,开饭,https://www.bilibili.com/video/BV15K411f7cc,http://i2.hdslb.com/bfs/archive/3ccf6f0e5dc0208a2ae1fb7bdb89eff4f0c1bf60.jpg
128714,161,大G罕见投降的一把游戏，大家帮忙看一下，是因为这波兵线的原因吗？,2022-09-07 18:35:00,开饭,https://www.bilibili.com/video/BV1fa41137bd,http://i1.hdslb.com/bfs/archive/f8ca145c3e7186698ef3b5372a3fec7d702d54e9.jpg
924295,310,日本人掏出小虫子中单，大G高兴坏了，吃完虫子吃熊猫，太爽了！,2022-09-07 12:02:10,开饭,https://www.bilibili.com/video/BV1yP4y1o7Y8,http://i1.hdslb.com/bfs/archive/3259909da3f66cf0e4215c39cbd5cc27a582362a.jpg
725539,356,日本人：虽然你的打法很有趣，但是下把别让我碰到了！,2022-09-06 17:55:00,开饭,https://www.bilibili.com/video/BV1Ba41137Sk,http://i0.hdslb.com/bfs/archive/1e1205ff6a5795954adad05c5d4170e06e53656f.jpg
377948,235,送死流塞恩疯狂折磨日本人，队友：对面高地都没去过就赢了！,2022-09-06 11:19:49,开饭,https://www.bilibili.com/video/BV1bY4y1M7Zr,http://i1.hdslb.com/bfs/archive/898d08c9deebe59d1dcee8d3940a4b274c64b440.jpg
299430,146,韩国人越来越会了，大G反被妖姬折磨，被秀麻了！,2022-09-05 17:50:00,逗鱼，等你哦！,https://www.bilibili.com/video/BV1jg411S74P,http://i2.hdslb.com/bfs/archive/e86502a9279b9155e31126ac05d744e77a70d9d1.jpg
1099427,579,韩国人崩溃了，领先50个人头也被翻，34杀vn都无力回天，家都出不去！,2022-09-05 11:30:00,开饭,https://www.bilibili.com/video/BV1Qd4y1G7wq,http://i2.hdslb.com/bfs/archive/ee0d225fb6db8809b3f14a5794132decc311807d.jpg
730029,207,韩国人掏出雪人中单，塞恩六分钟破舰者，雪人直接傻眼!,2022-09-04 18:34:48,开饭,https://www.bilibili.com/video/BV1oP411V7UG,http://i1.hdslb.com/bfs/archive/1c13ac0a3604b053a2a6d80434025efa3083d256.jpg
305949,195,当双方都没有门牙塔的时候，游戏会发生什么样的变化？,2022-09-04 10:54:50,开饭,https://www.bilibili.com/video/BV1we41137QU,http://i0.hdslb.com/bfs/archive/7a97a1be13f90dcedb5b3d6558410f965ed2b494.jpg
513023,257,送死流最高的境界：我送一个人头就能把这个狐狸送崩！,2022-09-03 18:00:00,开饭,https://www.bilibili.com/video/BV13d4y1V7Vk,http://i0.hdslb.com/bfs/archive/e1a39b4aef0e024ed8c4884d8481a1908162d52e.jpg
754574,327,韩国人掏出石头人中单，大G一看怒了，开局直接子孙局！,2022-09-03 10:58:07,韩国人掏出石头人中单，大G一看怒了，开局直接子孙局！,https://www.bilibili.com/video/BV1pg411S787,http://i2.hdslb.com/bfs/archive/71fc9ca0611e0dad71c2e4d0712de6f02fb874ad.jpg
352268,235,领先31个人头也能翻？门牙都没了，还有赏金，设计师你会不会设计游戏？,2022-09-02 18:00:00,开饭,https://www.bilibili.com/video/BV1dU4y1B71P,http://i2.hdslb.com/bfs/archive/2fed4fb03274645a6d0a670bb6e8cd6d79b73621.jpg
578781,293,落后1w5经济，被队友当成了最后的底牌，那我可得好好表现了！,2022-09-02 10:36:13,落后1w5经济，被队友当成了最后的底牌，那我可得好好表现了！,https://www.bilibili.com/video/BV12G4y167rj,http://i0.hdslb.com/bfs/archive/85327b3803fce5bac87b014b2552392ddc97ccf5.jpg
395803,200,13分钟单推门牙，对面疯狂守家，韩国人：你知道我这17分钟咋过的吗！,2022-09-01 18:00:00,蓝宝“让生活有趣愉快”,https://www.bilibili.com/video/BV1Gd4y1G7Lq,http://i2.hdslb.com/bfs/archive/b0a87222931ab334ef5192b6c1fb0fc9c1ee5e4f.jpg
264960,246,中单塞恩对线打不过该怎么玩？,2022-09-01 11:30:00,"1：苟到对面耐不住寂寞，去游走时我们吃塔皮
2：利用对面回城的间隙吃塔皮
3：对着发育，后面再偷！",https://www.bilibili.com/video/BV1nU4y1r7FY,http://i1.hdslb.com/bfs/archive/40252097167b6b86cca1bcde37f0fd23cd7b9aeb.jpg
335426,214,赛恩1-14砍翻全场，国服落后30个头也能赢，惨遭青钢影追杀，差点翻车！,2022-08-31 18:00:00,这钵啊，这钵是上个月的剩菜，别有一番风味！,https://www.bilibili.com/video/BV1xG4y167JU,http://i0.hdslb.com/bfs/archive/ce52401715dd57bab7a44549b54f3d1c914bdb28.jpg
457443,268,妖姬：拿了个人头我就崩了？赛恩打妖姬太快乐了吧！,2022-08-31 11:30:00,开饭,https://www.bilibili.com/video/BV1AP411V7dU,http://i0.hdslb.com/bfs/archive/71e0e7a72db4fd2d0ca82c85fcf3bdd85a321239.jpg
451314,206,韩服遇到暴躁石头人，被大G耍的团团转，看来脑子还是不够用啊！,2022-08-30 17:37:28,开饭,https://www.bilibili.com/video/BV1se411g7y1,http://i1.hdslb.com/bfs/archive/f4eb13f820a8f7532e20b6be9a84fb226b255f38.jpg
912020,420,韩国人竟然掏出金克斯中单，大G直接不活，下路待着不舒服吗？,2022-08-30 11:30:00,开饭，兄弟们,https://www.bilibili.com/video/BV15G41157Cu,http://i1.hdslb.com/bfs/archive/a9c400933e161d7a5037bf299c4eb0a9664860ff.jpg
561952,260,队友开局就要15，大G赶紧不活，不然就来不及了，又是一把门牙赏金局！,2022-08-29 17:43:24,开饭了兄弟们,https://www.bilibili.com/video/BV1Ht4y1J7pq,http://i2.hdslb.com/bfs/archive/051b5c9ccb9581bf301ca6a56f0e0207e9af3ca2.jpg
350107,330,落后30个头该怎么翻？这种局也只有塞恩能翻了吧！,2022-08-29 10:36:01,开饭！,https://www.bilibili.com/video/BV1Fd4y1R7em,http://i0.hdslb.com/bfs/archive/ce9cb13cefd148e740f5b8e9a3ecb0500765123c.jpg
499817,328,送死流日服初体验，对面打野狂喷中单，并且说：赛恩very good！,2022-08-28 18:05:00,开饭,https://www.bilibili.com/video/BV1jd4y1A7s3,http://i1.hdslb.com/bfs/archive/7f9887ce9d428a3769e2bc86c5e5788f90009b7e.jpg
438121,198,韩国人狂喷队友，这是5-14的塞恩吗？一人拆掉所有防御塔，对面领先22个人头无可奈何！,2022-08-27 18:00:00,"这次和兄弟们一起恰饭，这款花酿海茴香洁面泡，大G用了两个月，很对劲，有需要的兄弟可以体验一下！
专利号：ZL 200480041078.2 海茴香愈伤组织培养物滤液",https://www.bilibili.com/video/BV1Y14y1x7qF,http://i1.hdslb.com/bfs/archive/67d589bb1ad06664490fdb45b62de4cd90ebd180.jpg
320392,365,无情的拆塔机器，一个人20分钟破三路，黑铁学会轻松上铂金！,2022-08-27 10:41:44,咱这个套路真的很适合低分段的兄弟上分，咱直播间有个房管8年白银，资深手残党，前几天玩艾欧尼亚冲上钻石了！塞恩最强的是发育能力，低分段20分钟轻松三件套，这时别人只有一件套，还怕拆不了塔吗？,https://www.bilibili.com/video/BV1SG411V7tW,http://i2.hdslb.com/bfs/archive/2db7aec1ac8ae2408a7a052c67464e8e52395590.jpg
974634,706,国服玩送死流赛恩被狂喷，十分钟后，队友满屏666，直接化身小迷弟！,2022-08-26 23:23:30,国服玩送死流赛恩被狂喷，十分钟后，队友满屏666，直接化身小迷弟！,https://www.bilibili.com/video/BV1114y1x7dq,http://i2.hdslb.com/bfs/archive/b86e1b5a68c0be9ecd3192d7e2c2324aea205f51.jpg
437670,241,韩国人被打服了：塞恩哥你这玩法真有趣，求你教我一下，思密达！,2022-08-26 11:30:00,开饭时间到,https://www.bilibili.com/video/BV1XG411V7f3,http://i1.hdslb.com/bfs/archive/55f1598503291789f7c353c1392015e298c0f5f6.jpg
595633,330,五路全崩该怎么玩？老有兄弟说赛恩打不了逆风，这把给大家来一把教学局！,2022-08-25 20:41:45,晚饭时间到！,https://www.bilibili.com/video/BV1ra411G72u,http://i2.hdslb.com/bfs/archive/d54d152c1048d2ab887449959ccdb7494241bc8b.jpg
621891,315,超大逆风一个人拆掉所有防御塔，过五关斩六将，这才是真正的亡灵战神！,2022-08-25 12:00:00,超大逆风一个人拆掉所有防御塔，过五关斩六将，这才是真正的亡灵战神！,https://www.bilibili.com/video/BV1wd4y1d7ux,http://i1.hdslb.com/bfs/archive/c87e17a2d68d082f0e787c2980d75c1438bade24.jpg
680186,443,火男已经疯了，这赛恩是什么东西啊！,2022-08-24 17:58:41,,https://www.bilibili.com/video/BV1nv4y1F7Qi,http://i1.hdslb.com/bfs/archive/529daf14b3355b6632400fa536872e4a7fb6bb97.jpg
300428,150,杰斯你别偷了，小小杰斯，竟敢班门弄斧，差点就让他得手了！,2022-08-24 11:50:42,,https://www.bilibili.com/video/BV1gW4y1874e,http://i2.hdslb.com/bfs/archive/256ddf709cb9a5c2cd61d5b2a2770896c3d50e71.jpg
636098,351,1-17疯狂折磨韩国人，全员守家，还是防不住，太崩溃了！,2022-08-23 18:28:27,开饭,https://www.bilibili.com/video/BV1GB4y1578M,http://i0.hdslb.com/bfs/archive/cc89052ed37c7f56d1b3f9f3f746b02acd909c02.jpg
326740,244,阿卡丽别刮了！,2022-08-23 11:55:00,这个视频不知道取啥标题,https://www.bilibili.com/video/BV1Ed4y1d7s5,http://i0.hdslb.com/bfs/archive/e1cd38df18736b7fe3c306b462ff80bbc8e53024.jpg
1557943,1990,大师局被当成演员了，落后一万经济偷家翻盘后，对面破口大骂！,2022-08-22 18:32:31,大师局被当成演员了，落后一万经济偷家翻盘后，对面破口大骂！,https://www.bilibili.com/video/BV1EP41157g4,http://i0.hdslb.com/bfs/archive/9f05dba458151bee49a9c0536b8bbba5dae5bbf5.jpg
457002,204,诡术妖G折磨诡术妖姬！,2022-08-22 11:46:21,诡术妖G折磨诡术妖姬！,https://www.bilibili.com/video/BV1JY4y1F7L1,http://i1.hdslb.com/bfs/archive/28392a5153ce2ce7a6f12e79b5b361c509ec5e7b.jpg
367832,303,送死流最糟糕的局面出现了，一塔被抢，五路全崩，蒙多最后杀人诛心！,2022-08-21 18:29:42,送死流最糟糕的局面出现了，一塔被抢，五路全崩，蒙多最后杀人诛心！,https://www.bilibili.com/video/BV1ES4y1W7HD,http://i1.hdslb.com/bfs/archive/63202f6d6368bab8047b56086156bc595b656929.jpg
372867,218,送死流赛恩12分钟两件套，疯狂拉扯破三路，韩国人毫无还手之力！,2022-08-21 11:52:59,午饭时间到，上菜,https://www.bilibili.com/video/BV1FG4y1Y7Lq,http://i0.hdslb.com/bfs/archive/d85876bebbe4ff4980fff4cdb8e576e0522e4f20.jpg
536174,273,送死流赛恩对线蛇女，1-14如入无人之境，最后铁男大招给木木整破防了！,2022-08-20 17:46:22,菜已上好，开饭了兄弟们！,https://www.bilibili.com/video/BV1Qg41167z6,http://i0.hdslb.com/bfs/archive/d6d290636c9debcee90555fefb4a4fa52294cd14.jpg
1252168,681,奥恩：咱俩偷塔真强，大G：奥恩你是我兄弟，韩服最搞笑的一集！,2022-08-20 11:30:00,,https://www.bilibili.com/video/BV1dW4y1h7tQ,http://i0.hdslb.com/bfs/archive/f119b47a997ea216600cdc50d80800d40ac9ad43.jpg
515514,375,韩国人又喷起来了：五打四，领先20人头都能输，卡萨你会不会玩？,2022-08-19 23:29:08,夜宵时间到,https://www.bilibili.com/video/BV1YB4y1V7oT,http://i0.hdslb.com/bfs/archive/aca08cbcd1c21b46f54343c82f188440e4e28263.jpg
409333,213,此时凯隐还没有意识到问题的严重性！,2022-08-19 11:22:11,此时凯隐还没有意识到问题的严重性！,https://www.bilibili.com/video/BV1Ka41157wD,http://i0.hdslb.com/bfs/archive/81db129af95463f8ef57e2533f58aa25f53d4722.jpg
826265,316,才送4个，韩国人就疯狂点信号，大G怒了，直接12分钟推门牙！,2022-08-18 17:54:12,晚饭时间到！,https://www.bilibili.com/video/BV1Ud4y1R7Pi,http://i2.hdslb.com/bfs/archive/9d4bd7b79a3967a6d4af3d87b26d4f7f58f94156.jpg
659207,274,峡谷最恐怖的三分钟，韩国受害者第一视角曝光，领先24个人头不敢出高地！,2022-08-18 12:00:00,中饭时间到,https://www.bilibili.com/video/BV1kY4y1c7LS,http://i2.hdslb.com/bfs/archive/2ad15c3664aa90593ed907be47aaee5b2f04f17f.jpg
430037,260,观众都懵了：我就低头看了一下手机，游戏突然就结束了！,2022-08-17 18:00:58,晚饭时间到,https://www.bilibili.com/video/BV1Xg411k7C3,http://i0.hdslb.com/bfs/archive/f2fc6c47446d36176e86809221409b8d0862211e.jpg
214687,140,这么精彩的翻盘局，竟然只收到一个赞，大家帮忙看看是哪里出了问题！,2022-08-17 12:00:00,中饭时间到,https://www.bilibili.com/video/BV1HB4y1L7fB,http://i1.hdslb.com/bfs/archive/e1edffed6c06c74b64fa6e4f4dcbfca19a2f1999.jpg
531371,360,韩国人掏出奥恩对抗塞恩，大G送了9个头还没推一塔，“奥恩中单果然有用”！,2022-08-16 17:43:21,晚饭时间到,https://www.bilibili.com/video/BV1jP411j7TL,http://i1.hdslb.com/bfs/archive/0e6cc2857f45c53e0ca2c43c2418ba5d5beea204.jpg
880160,400,五个韩国人睡不着觉了，超级兵逆天四杀，估计对面都要崩溃了！,2022-08-16 12:00:00,开饭，这个视频吃两碗没问题吧,https://www.bilibili.com/video/BV1SS4y1p7Cb,http://i1.hdslb.com/bfs/archive/ac629e4ad8235e2b79ae6c6027bc4f9bea4ddff0.jpg
806068,519,再碰我一下，我就不活了，今天你就是飞科，也得给我道歉！,2022-08-15 18:00:00,再碰我一下，我就不活了，今天你就是飞科，也得给我道歉！,https://www.bilibili.com/video/BV1ge4y1f7V5,http://i0.hdslb.com/bfs/archive/02f85791f8cce4b722af927d23ef9a5290cc21ed.jpg
565723,292,雪人：这个人不怕死的吗！赛恩：不用你抓，我自己死！,2022-08-15 12:00:00,雪人：这个人不怕死的吗！赛恩：不用你抓，我自己死！,https://www.bilibili.com/video/BV1vV4y1s7Bo,http://i2.hdslb.com/bfs/archive/e43b7d18af245d46a714f5e65437bdafa0f51b7b.jpg
364857,211,1-11折磨韩国人，上野辅轮流gank，仍然12分钟上高地，对面崩溃投降！,2022-08-14 18:00:00,1-11折磨韩国人，上野辅轮流gank，仍然12分钟上高地，对面崩溃投降！,https://www.bilibili.com/video/BV1KU4y1C7EY,http://i0.hdslb.com/bfs/archive/291f9955e62d5627f50d3b07b757aa66ca202526.jpg
339321,252,中元节大G遭僵尸表白，亡灵战神打出520战绩，今天这么顺？原来僵尸过节！,2022-08-14 12:00:00,中元节大G遭僵尸表白，亡灵战神打出520战绩，今天这么顺？原来僵尸过节！,https://www.bilibili.com/video/BV1Kd4y1o7F6,http://i1.hdslb.com/bfs/archive/48f84738c3a6615f849b191c2696da9cf2a68f4d.jpg
522184,211,偷家偷到韩国人崩溃投降，43分钟超长偷家局，超大优势却不敢出高地！,2022-08-13 18:00:00,偷家偷到韩国人崩溃投降，43分钟偷家局，超大优势却不敢出高地！,https://www.bilibili.com/video/BV1LU4y1C7bh,http://i1.hdslb.com/bfs/archive/b8cc3b1fb607adbf503c2bf0560eb29c5b3dc681.jpg
441945,331,大G韩服被狂喷，力挽狂澜后韩国人沉默不语，还偷偷点了个赞！,2022-08-13 12:00:00,大G韩服被狂喷，力挽狂澜后韩国人沉默不语，还偷偷点了个赞！,https://www.bilibili.com/video/BV1WN4y1G7wB,http://i0.hdslb.com/bfs/archive/0496315974a1b7d5b514266a6af346a2be145c9a.jpg
480363,326,韩国人被打服了，直呼塞恩牛逼，送了14个，经济却碾压全场！,2022-08-12 18:00:00,韩国人被打服了，直呼塞恩牛逼，送了14个，经济却碾压全场！,https://www.bilibili.com/video/BV1VB4y16736,http://i2.hdslb.com/bfs/archive/bd16be0bf43dba0b38b7095f8b6c36bca501359d.jpg
467210,424,打完这把游戏，小鱼人三天吃不下饭，超神小鱼人被0-12残血赛恩单杀！,2022-08-12 12:00:00,打完这把游戏，小鱼人三天吃不下饭，超神小鱼人被0-12残血赛恩单杀！,https://www.bilibili.com/video/BV16B4y167Bu,http://i0.hdslb.com/bfs/archive/5d802b7bacaa44ece7c43b0bb968d348b4f0d380.jpg
367174,282,大G对线送死流赛恩直呼“恶心”，感觉自己在打自己，最后直言自己智商被碾压！,2022-08-11 17:55:00,大G对线送死流赛恩直呼“恶心”，感觉自己在打自己，最后直言自己智商被碾压！,https://www.bilibili.com/video/BV1Ga411o7BQ,http://i1.hdslb.com/bfs/archive/c4ce033d376f05bf3273fb4bf8acab656ce9bac3.jpg
317068,234,送死流韩服惨遭翻车，连大G都被按在防御塔下摩擦，最后一波完美开车赎罪！,2022-08-11 12:00:00,送死流韩服惨遭翻车，连大G都被按在防御塔下摩擦，最后一波完美开车赎罪！,https://www.bilibili.com/video/BV1114y1t7AZ,http://i1.hdslb.com/bfs/archive/d032791d20d35b73e9170812ef9dc33ac63b47d4.jpg
459931,239,4个送死流大战50层杀人书，铂金超大逆风局，落后28个人头也能翻！,2022-08-10 17:55:00,4个送死流大战50层杀人书，铂金超大逆风局，落后28个人头也能翻！,https://www.bilibili.com/video/BV1Mt4y1g7oH,http://i2.hdslb.com/bfs/archive/30a1755525815f39f24a0a5d3a19949c645361f9.jpg
342626,360,韩服碰到奇葩队友，大G吓得不敢出破舰者，直接隔空呼叫大飞老师！,2022-08-10 12:00:00,韩服碰到摆烂队友，大G吓得不敢出破舰者，直接隔空呼叫大飞老师！,https://www.bilibili.com/video/BV1tt4y1G7Lf,http://i2.hdslb.com/bfs/archive/729653ea0518b23270c0b73ec3069bc545b07896.jpg
1026888,457,罕见逆风局，大G用神秘语言指挥韩国人偷塔，一局游戏五个老六，太搞笑了！,2022-08-09 18:06:13,超大逆风局，大G用神秘语言指挥韩国人偷塔，一局游戏五个老六，太搞笑了！,https://www.bilibili.com/video/BV1TS4y1s7av,http://i2.hdslb.com/bfs/archive/1df94ec77170a804d4b6dde384af8d5c7fb02dfa.jpg
394113,261,先来点真实的，如何防止加里奥支援队友，游走一波回来发现高地没了！,2022-08-09 12:00:00,先来点真实的，如何防止加里奥中野联动，游走一波回来发现高地没了！,https://www.bilibili.com/video/BV1jB4y1t7WV,http://i0.hdslb.com/bfs/archive/8d38835e0e73666c4f02124d95c1f381f635516a.jpg
1245940,608,五个韩国人，疯狂防守一个2-17的赛恩，超大优势却不敢出高地！,2022-08-08 17:52:40,五个韩国人，疯狂防守一个2-17的赛恩，超大优势却不敢出高地！,https://www.bilibili.com/video/BV1nB4y1t7Zj,http://i2.hdslb.com/bfs/archive/6aeb195ece36008cb1800058ddafa461314ba5c0.jpg
679566,319,蛇女：杀了两次赛恩，我直接亏到裂开，才11分钟，我高地就没了！,2022-08-08 12:05:00,蛇女：杀了两次赛恩，我直接亏到裂开，11分钟高地就没了！,https://www.bilibili.com/video/BV16V4y1x7cq,http://i0.hdslb.com/bfs/archive/7fa305e521f3c2e8de15c410780491a10721d271.jpg
721686,351,赛恩狂送20个人头折磨韩国人，对面疯狂守塔，最后不堪受辱无奈投降！,2022-08-07 17:44:55,赛恩狂送20个人头折磨韩国人，对面疯狂守塔，最后不堪受辱无奈投降！,https://www.bilibili.com/video/BV1nN4y1j7sp,http://i2.hdslb.com/bfs/archive/318529502051fc57ea7e24ea7e2638593dd71511.jpg
1303112,824,韩国人疯狂点问号，送死流赛恩12分钟直接推到门牙：我塔皮还没吃完呢，你就推门牙了！,2022-08-07 12:00:00,韩国人疯狂点问号，送死流赛恩12分钟直接推到门牙：我塔皮还没吃完呢，你就推门牙了！,https://www.bilibili.com/video/BV1wB4y1k7E8,http://i2.hdslb.com/bfs/archive/7bc027cc44a59fd849f982ebe193ceb2fda147aa.jpg
1144091,600,韩国人懵逼了，领先30人头也被翻，0-15-0赛恩竟是mvp！,2022-08-06 18:14:00,韩国人懵逼了，领先30人头也被翻，0-15-0赛恩竟是mvp！,https://www.bilibili.com/video/BV1fF411A7Uo,http://i0.hdslb.com/bfs/archive/52dd0010bb1a681db7e0d77743952d625da77a90.jpg
458006,239,0-7-0赛恩折磨上单剑魔，领先27个人头被翻盘后，韩国人疯狂互喷！,2022-08-06 12:05:00,0-7-0赛恩折磨上单剑魔，领先27个人头被翻盘后，韩国人疯狂互喷！,https://www.bilibili.com/video/BV1pV4y1x7Gy,http://i2.hdslb.com/bfs/archive/fe3c2e9c9e75670fa0fe1cf870cbf65050b12957.jpg
935928,306,韩国人再次破防，超大优势选择投降，赛恩直接越兵线推门牙，太猛了！,2022-08-05 18:05:00,韩国人再次破防，超大优势选择投降，赛恩直接越兵线推门牙，太猛了！,https://www.bilibili.com/video/BV1Xe4y1D7hb,http://i2.hdslb.com/bfs/archive/bee734c135a4a4340f9149e0a87490d9aaa0cb4a.jpg
1052650,662,送死流再次折磨韩国人，塞拉斯一条命打8条命，赛恩求你让我回次家吧！,2022-08-05 12:00:00,送死流再次折磨韩国人，塞拉斯一条命打8条命，赛恩求你让我回次家吧！,https://www.bilibili.com/video/BV1hd4y1N7TY,http://i2.hdslb.com/bfs/archive/6472b2804e187dc1c3b8af414a593a988684c526.jpg
569969,207,我们那么大优势，一分钟就被你推完了？,2022-08-04 17:54:53,晚饭,https://www.bilibili.com/video/BV1yd4y127oU,http://i2.hdslb.com/bfs/archive/f3089193c4089ecf4b3c26f8ff8067a2423355f2.jpg
385486,167,落后20人头也能赢？最后五人冲泉水硬推大本，急哭超神皎月和四杀剑姬！,2022-08-04 12:00:00,今天开始两更，中饭晚饭的菜大G包了，感谢兄弟们捧场！,https://www.bilibili.com/video/BV1Fd4y1m7r6,http://i0.hdslb.com/bfs/archive/672a8b87aad57b99e423af758c6f049949d942a1.jpg
1085983,527,当送死流赛恩偶遇文森特，这个赛恩偷家有点烦，成功阻止特哥虐泉!,2022-08-03 12:00:00,当送死流赛恩偶遇文森特，这个赛恩偷家有点烦，成功阻止特哥虐泉,https://www.bilibili.com/video/BV1fB4y1b7fQ,http://i0.hdslb.com/bfs/archive/147a8ad8f2c343255db214a06e5730e3a8a819e8.jpg
303501,152,差一秒就输的局，铂金分段落后39个人头也能翻？最后一波决策太帅了！,2022-08-02 18:00:00,铂金局落后39个人头也能翻？这波决策太帅了，差一秒就输！,https://www.bilibili.com/video/BV1CY4y1P7En,http://i2.hdslb.com/bfs/archive/1b508a3d50c0d4d2497bc1fba2f9c3d5dc99cf69.jpg
582145,411,这是一个结扎的蚂蚱！怎么不生虫子？,2022-08-01 18:00:00,这是一个结扎的蚂蚱！怎么不生虫子？,https://www.bilibili.com/video/BV1Ba411N7Cs,http://i0.hdslb.com/bfs/archive/fcf2b51b95d9fd27a84c5af5f539e1eb1d59a105.jpg
387641,130,兄弟们，我找到感觉了，这波不活了！,2022-07-30 17:55:00,兄弟们，我找到感觉了，这波不活了！,https://www.bilibili.com/video/BV1hd4y1D7GG,http://i1.hdslb.com/bfs/archive/c97a5020c52c999be0f3fff67e29c733cd5c8a43.jpg
628864,495,爆破鬼才折磨爆破鬼才，对面中野直接祭出两本杀人书，那我不送了你怎么办？,2022-07-29 12:00:00,爆破鬼才折磨爆破鬼才，对面中野直接祭出两本杀人书，那我不送了你怎么办？,https://www.bilibili.com/video/BV12G4y1i7PV,http://i0.hdslb.com/bfs/archive/68482f1bf08ef37a921487c132657585605285ee.jpg
257137,231,峡谷之巅0-11也能赢？当峡谷之巅混进一个老六，对局会是啥样？,2022-07-28 11:47:01,峡谷之巅0-11也能赢？当峡谷之巅混进一个老六，对局会是啥样？,https://www.bilibili.com/video/BV16B4y1C7kn,http://i0.hdslb.com/bfs/archive/3e4e00c9020dc2a8af7b99ff99fdec5d73a57e66.jpg
505047,275,当一群大师王者疯狂守家，狼狈的像个白银，峡谷之巅0-7送死流赛恩折磨吸血鬼。,2022-07-27 12:05:00,当一群大师王者疯狂守家，狼狈的像个白银，峡谷之巅0-7送死流赛恩折磨吸血鬼。,https://www.bilibili.com/video/BV19U4y1e75f,http://i1.hdslb.com/bfs/archive/4237bee91e4bd5b196e624c30f1dac3b5bdd3c46.jpg
502912,304,4-15送死流塞恩，折磨16级超神卡萨丁，你打得过三路超级兵？,2022-07-26 12:00:00,4-15送死流塞恩，折磨16级超神卡萨丁，你打得过三路超级兵？,https://www.bilibili.com/video/BV12S4y147tg,http://i0.hdslb.com/bfs/archive/c58c8166b8bb3f8abf7df47db1b09840312d68c1.jpg
265527,346,0-13-0也能c？不仅克烈傻了，连他的马也傻了！,2022-07-25 19:02:42,兄弟们，今天的视频出了点问题，还没吃饭的兄弟，老素材先将就下个饭！抱歉,https://www.bilibili.com/video/BV18d4y1D7ve,http://i2.hdslb.com/bfs/archive/0650c9fbb10a01cfc69a5a10b91511ee7e2da337.jpg
548036,466,送死流赛恩~正在重新连接...,2022-07-24 12:00:00,送死流赛恩~正在重新连接...,https://www.bilibili.com/video/BV1gG411H7tz,http://i2.hdslb.com/bfs/archive/74113b5942e25a39fae24568031d1ff06ed6f156.jpg
303420,132,梦魇：赛恩你干嘛~哎哟，结束后：我直呼，牛皮！,2022-07-23 12:00:00,梦魇：赛恩你干嘛~哎哟，结束后：我直呼，牛皮！,https://www.bilibili.com/video/BV19g411Z7Gn,http://i0.hdslb.com/bfs/archive/78b978e2c86e212a5df1cac8a0142c45d5ded078.jpg
403106,430,大G峡谷之巅偷野被逮，2分钟死两次后，直接开启逛街模式，对面诺手急坏了！,2022-07-22 12:00:00,大G峡谷之巅偷野被逮，2分钟死两次后，直接开启逛街模式，对面诺手急坏了！,https://www.bilibili.com/video/BV1LY4y1j7CF,http://i0.hdslb.com/bfs/archive/cc8fb955d4e49ef75b568c9c188ebb79a1d2dcfc.jpg
501431,208,男刀：剑圣来帮我守一下赛恩，谢谢！剑圣：守个锤子。,2022-07-21 12:00:00,男刀：剑圣来帮我守一下赛恩，谢谢！剑圣：守个锤子。,https://www.bilibili.com/video/BV1JS4y1E7mn,http://i1.hdslb.com/bfs/archive/9204dc37fe47967d17a4c9d2b1fa3df48934e4c0.jpg
402706,306,五个人推不过一个人系列，超大逆风局大G直接和对面拼命，只差一秒就输了，刺激！,2022-07-20 12:00:00,五个人推不过一个人系列，超大逆风局大G直接和对面拼命，只差一秒就输了，刺激！,https://www.bilibili.com/video/BV1CB4y1a7UV,http://i2.hdslb.com/bfs/archive/c1bf2d15cfb269e11e3d7d1c633c9a9765a7d5f4.jpg
270064,256,这就是赛恩的拉扯吗？直接拉扯了半个地图，这种局都能翻就离谱！,2022-07-19 12:00:00,这就是赛恩的拉扯吗？比其他英雄拉扯幅度大了不少啊，这盘翻的就离谱！,https://www.bilibili.com/video/BV1Gr4y177xi,http://i2.hdslb.com/bfs/archive/00625ed985449acef64008dce0f4c559de0965e3.jpg
347001,192,玩赛恩就是要有狗头的稳健和自律，也要有诺手的激进，该怎么称呼这种打法？,2022-07-18 16:33:25,玩赛恩就是要有狗头的稳健和自律，也要有诺手的激进，该怎么称呼这种打法？,https://www.bilibili.com/video/BV1ra411M7HS,http://i1.hdslb.com/bfs/archive/b4313dd3f896b3e46060b91bd0286b345c8e9ec9.jpg
962379,726,劫：老子不守赛恩了，谁爱守谁守，这英雄真恶心！,2022-07-17 12:05:00,劫：老子不守赛恩了，谁爱守谁守，这英雄真恶心！,https://www.bilibili.com/video/BV1KN4y1M7b8,http://i1.hdslb.com/bfs/archive/529eca649d13f582f3dfba650323cb7096e68541.jpg
105059,156,劣势局辛苦运营30分钟，最后竟只差一刀却被翻盘，大G气到吐血的一局游戏！,2022-07-16 17:00:00,劣势局辛苦运营30分钟，最后竟只差一刀却被翻盘，大G气到吐血的一局游戏！,https://www.bilibili.com/video/BV1ca411H7nR,http://i1.hdslb.com/bfs/archive/abc9ae87fc2bfd58ec7529b2567abfdb10825ecf.jpg
503797,255,中单赛恩如何折磨小法师，只开两波车，小法人直接没了！,2022-07-15 12:00:00,中单赛恩如何折磨小法师，只开两波车，小法人直接没了！,https://www.bilibili.com/video/BV1Wa411H7JL,http://i2.hdslb.com/bfs/archive/887aa32fd9bfbe91d74dff905fced0382efdbc94.jpg
404198,378,巨魔真能防住赛恩吗？只因拆塔害虫的称号被抢走，从此巨魔看见赛恩就啃！,2022-07-14 12:54:00,巨魔真能防住赛恩吗？只因抢走巨魔拆塔害虫的称号，从此巨魔看见赛恩就啃！,https://www.bilibili.com/video/BV1LN4y1T7SD,http://i2.hdslb.com/bfs/archive/3039508b7c090bfb2fc66e20f0063c8bbb3149ec.jpg
454325,144,赛恩把大师局打成白银局，10-2塞拉斯疯狂刮痧0-9赛恩，铁男才是真正的好兄弟！,2022-07-13 12:00:00,赛恩把大师局打成白银局，10-2塞拉斯疯狂刮痧0-9赛恩，铁男才是真正的好兄弟！,https://www.bilibili.com/video/BV1Ja411n7B4,http://i2.hdslb.com/bfs/archive/907815aca201ae356f4e0cdc5d486a0c02bdcaa4.jpg
299437,759,赛恩被削弱后从零单排，再次偷塔70胜率上大师，感谢所有兄弟们的支持，和大家说说心里话！,2022-07-12 13:20:27,"一共打了274把！赢了184把输了90把！送了2676个人头！推了2893个塔！ID：大G的僵尸！  
说点心里话~这次冲大师真的很难！很多很多的场外因素！有人排到我这个ID，直接复制我的名字：真晦气，又排到这个B了，有人能秒一下么？我V给你转20，很多次我选了中单塞恩，就会有队友质问我，削弱了还要玩僵尸拆塔！你这不就是纯纯来恶心人的~哎!
希望这次从零单排冲到大师能让兄弟们认可我！我也没办法！从2o18年-现在一直在玩送死流塞恩！别的真不会玩了~",https://www.bilibili.com/video/BV1qV4y1n7Te,http://i2.hdslb.com/bfs/archive/e663b8dd4cb51cbd93880eccd83d772fd68a3a9f.jpg
325530,244,大G开局偷野被剑魔当场逮住，对线直接爆炸，以后再也不偷了，代价太大了！,2022-07-11 12:00:00,大G开局偷野被剑魔当场逮住，对线直接爆炸，以后再也不偷了，代价太大了！,https://www.bilibili.com/video/BV1Be4y1R71p,http://i2.hdslb.com/bfs/archive/02fc8596a5ab81bed165a1aa736313f25c3a46b5.jpg
524535,244,冰女：只因击杀两次赛恩，我直接亏麻了，钻石局12分钟上高低！,2022-07-10 12:00:00,冰女：只因击杀两次赛恩，我直接亏麻了，钻石局12分钟上高低！,https://www.bilibili.com/video/BV12r4y1E73z,http://i0.hdslb.com/bfs/archive/cb617d0708e282bd51fdcdb0a3a0d704a784b1e7.jpg
101703,279,为啥我玩赛恩上分这么快？今天给大家看看我用的外设！,2022-07-09 18:00:00,,https://www.bilibili.com/video/BV13U4y1D7J9,http://i0.hdslb.com/bfs/archive/d636cb105a1d5cfdb3d874f4e82a96635d93de75.jpg
242221,205,配合男枪两枪做掉西方恶龙后，大G直接开启折磨模式，最后宗师男枪拿下mvp！,2022-07-09 08:23:54,配合男枪两枪做掉西方恶龙后，大G直接开启折磨模式，最后宗师男枪拿下mvp！,https://www.bilibili.com/video/BV1st4y1b7HW,http://i0.hdslb.com/bfs/archive/ba30971d98a556999d1c155db6e8af6059d80034.jpg
303611,223,狗头吧进修归来，对线大师猴，这么稳健的打法，狗头吧的老哥怎么说！,2022-07-08 19:39:15,狗头吧进修归来，对线大师猴，这么稳健的打法，狗头吧的老哥怎么说！,https://www.bilibili.com/video/BV1VY4y1J7BT,http://i0.hdslb.com/bfs/archive/17f9f61704798f4c9933fad268b690327c50a7af.jpg
206191,193,光辉：你到底还活不活啊？说好的这个人头给了呢？,2022-07-07 18:50:36,光辉：你到底还活不活啊？说好的这个人头给了呢？,https://www.bilibili.com/video/BV1oV4y1J7gL,http://i1.hdslb.com/bfs/archive/9f682f9d3229e3f7cb8beae1ab81761d3d570c49.jpg
521447,440,偶遇以前挂机的队友，大G3级就学e开干，直接开启复仇模式，他太记仇了！,2022-07-06 16:00:00,偶遇以前挂机的队友，大G3级就学e开干，直接开启复仇模式，他太记仇了！,https://www.bilibili.com/video/BV1cU4y1D7Dq,http://i2.hdslb.com/bfs/archive/1b6f98f826b26050fb3a786184dd2134ab871d8c.jpg
358510,216,小鱼人：老子3-1，这个赛恩说我崩了，真是莫名其妙！,2022-07-05 16:00:00,小鱼人：老子3-1，这个赛恩莫名其妙说我崩了！,https://www.bilibili.com/video/BV1Da411H7Ju,http://i2.hdslb.com/bfs/archive/50fdf1516fe4743f5d1770e92bc11e6a557e6b84.jpg
362633,257,剑魔？剑姬？赛恩的玩具罢了！超大逆风铂金局，强势翻盘！,2022-07-04 18:08:48,剑魔？剑姬？赛恩的玩具罢了！,https://www.bilibili.com/video/BV1e3411F7bQ,http://i0.hdslb.com/bfs/archive/7708e6d642764c56596df6e5d50cc9e44fadf8ee.jpg
343048,438,大G：我真的在拉扯了！,2022-07-03 16:49:54,大G：我真的在拉扯了！,https://www.bilibili.com/video/BV1jv4y1T7zp,http://i1.hdslb.com/bfs/archive/37a7440b6f292190ae0c2ebba72b9088ea0934eb.jpg
243250,550,大G最惨的一把游戏，20分钟只吃到一层塔皮，赛恩抗压拉扯，最后一波极限翻盘！,2022-07-02 16:07:43,大G最惨的一把游戏，20分钟只吃到一层塔皮，看我如何拉扯敌人，极限翻盘！,https://www.bilibili.com/video/BV12N4y1g755,http://i2.hdslb.com/bfs/archive/e10a76813888c7b993fd5348303fd28e0727eec3.jpg
350310,377,偷塔赛恩对线提莫，到底谁折磨谁？铂金晋级赛力挽狂澜！,2022-07-01 17:13:12,偷塔赛恩对线提莫，到底谁折磨谁？铂金晋级赛力挽狂澜！,https://www.bilibili.com/video/BV14L4y1w7kP,http://i0.hdslb.com/bfs/archive/cc90424971a20e3136a1257d37d7fa5643416c38.jpg
542725,223,赛恩如何拉扯敌人，一偷一个准，天肥剑姬也守不住！,2022-06-30 19:10:31,赛恩如何拉扯敌人，一偷一个准，天肥剑姬也守不住！,https://www.bilibili.com/video/BV1zB4y1v7k9,http://i2.hdslb.com/bfs/archive/e0d748449aecc67f9161dc0178424fb720229cce.jpg
229968,272,剪完这个视频，我再次失眠了一晚上，让大G失眠两晚的一把游戏！,2022-06-29 16:46:34,剪完这个视频，我再次失眠了一晚上，让大G失眠两晚的一把游戏！,https://www.bilibili.com/video/BV1sv4y1u739,http://i0.hdslb.com/bfs/archive/058bf2b474bd0631fd2fd64bf6e83afe1e62f95c.jpg
149866,104,队友：这就是赛恩吗？,2022-06-28 18:20:30,队友：这就是赛恩吗？,https://www.bilibili.com/video/BV1ia411H7bD,http://i1.hdslb.com/bfs/archive/afbd84f2dd5fe63a1125971afa16ecd947aca29e.jpg
472312,212,只因守不住赛恩，对面女枪直接化身恶魔惩罚队友，真是太坏了！,2022-06-27 14:40:05,只因守不住赛恩，对面女枪直接化身恶魔惩罚队友，真是太坏了！,https://www.bilibili.com/video/BV1QB4y1p7iT,http://i2.hdslb.com/bfs/archive/d7fc2aed89bc9076c7561f923119702a3b3fc9ff.jpg
267837,304,爆破鬼才对线爆破鬼才，大G全程难受，话都不敢说，最后无奈躺赢！,2022-06-26 16:59:05,爆破鬼才对线爆破鬼才，大G全程难受，话都不敢说，最后无奈躺赢！,https://www.bilibili.com/video/BV1wt4y187h1,http://i1.hdslb.com/bfs/archive/1b7f78c05229c02809997e5a20e0d22a0cb297cf.jpg
610339,1211,大G对超准吹风亚索，被打得兵线都不敢看，无奈只能后期开偷，我还打不过你的防御塔？,2022-06-25 16:08:25,大G对超准吹风亚索，被打得兵线都不敢看，无奈只能后期开偷，我还打不过你的防御塔？,https://www.bilibili.com/video/BV11B4y1p7TF,http://i0.hdslb.com/bfs/archive/b7241c45d98e1ccfb8c43d0e2d6c3d357fa2eb9a.jpg
239736,209,不靠操作如何打崩冰女？20分钟对位经济差4千，青铜学会也能上铂金！,2022-06-24 16:39:06,视频结尾有对线技术总结！《干货》,https://www.bilibili.com/video/BV133411w77h,http://i0.hdslb.com/bfs/archive/b4d0e1fb2eb82417dc8eebf9a74ead4ff759b8d9.jpg
309771,223,送死流赛恩还能玩？新版赛恩如何12分钟破高地？,2022-06-23 17:17:24,送死流赛恩还能玩？新版赛恩如何12分钟破高地？,https://www.bilibili.com/video/BV1KB4y1D75A,http://i2.hdslb.com/bfs/archive/5b952ae827d030a11bcbc169199dc6cc22f7f1cd.jpg
292619,330,领先25个人头都能输！设计师你削赛恩，削了个寂寞？,2022-06-22 17:06:02,领先25个人头都能输！设计师你削赛恩，削了个寂寞？,https://www.bilibili.com/video/BV1Tt4y1a7tA,http://i2.hdslb.com/bfs/archive/e1ddcee9bde6c02e6bb10b289bc0b3964cdb3318.jpg
469126,272,又疯了一个小鱼人：赛恩，你真踏马是个老六！,2022-06-21 18:03:20,又疯了一个小鱼人：赛恩，你真踏马是个老六！,https://www.bilibili.com/video/BV1xY411N7bB,http://i1.hdslb.com/bfs/archive/6624e250be6c7cb272165b6a7fec2ab2059afca1.jpg
270266,524,大G被折磨得要吐血的一局游戏,2022-06-20 15:44:51,《大G惨遭黑铁玩家折磨40分钟》,https://www.bilibili.com/video/BV1rv4y1g7Mw,http://i0.hdslb.com/bfs/archive/fa806f53dcdbc8a4047157f6878cd1f7f363b48a.jpg
481095,384,赛恩削弱后，冲0单排上大师，看到最后加的分，我绷不住了，这就是超级号吗？,2022-06-19 18:47:17,赛恩削弱后，冲0单排上大师，看到最后加的分，我绷不住了，这就是超级号吗？,https://www.bilibili.com/video/BV1yY4y1g7cF,http://i2.hdslb.com/bfs/archive/0a5bd4aac86b639dceff8bcf5488cebf5b40febb.jpg
868411,284,韩国人：阿西吧，赛恩你真踏马是一个分奴！,2022-06-18 17:44:59,韩国人：阿西吧，赛恩你真踏马是一个分奴！,https://www.bilibili.com/video/BV1rZ4y1q77X,http://i1.hdslb.com/bfs/archive/62658e7dfc27f80885ba37f5f51c335bd9cc74d7.jpg
1085258,712,含妈量最高的一局游戏，看到最后韩国人的话，大G都不敢翻译了！,2022-06-17 16:59:59,"本期感谢花酿品牌赞助，专利类型：中国发明专利 /专利号：ZL 200480041078.2 /专利成分：海茴香愈伤组织培养物滤液

专利类型：中国发明专利 /专利号：ZL 201710183506.4/专利成分：龙胆提取物

专利类型：中国发明专利/专利号：ZL 201811509078.0/专利成分：四氢甲基嘧啶羧酸",https://www.bilibili.com/video/BV1ZZ4y1q7vK,http://i0.hdslb.com/bfs/archive/a148bf3fef58231376032173f8fd89c14a117e60.jpg
332608,201,猴子：我被赛恩玩坏了，你个老六，真恶心！,2022-06-16 15:48:34,猴子：我被赛恩玩坏了，你个老六，真恶心！,https://www.bilibili.com/video/BV1N341137T6,http://i0.hdslb.com/bfs/archive/cd84b54c028c5465186f844c34fa6a97f38647fa.jpg
172531,198,《经典再现》，3-17送死流赛恩，暴打19护甲25人头杀人书卡萨丁！,2022-06-15 17:00:00,《经典再现》，3-17送死流赛恩，暴打19护甲25人头杀人书卡萨丁！,https://www.bilibili.com/video/BV1C94y1276f,http://i2.hdslb.com/bfs/archive/f5b0be6affa4960afb4549b90f9ced8cd8d5b8ac.jpg
428740,260,皎月要疯了，破舰者一出，皎月眼睛渐渐失去了光！,2022-06-14 15:28:04,被削后破舰者赛恩3.0版本,https://www.bilibili.com/video/BV11T41157sE,http://i2.hdslb.com/bfs/archive/34ca305644f2f2ecfe5544d7f04f4d2655ba65b7.jpg
1107475,1015,当日本人第一次对线送死流赛恩！,2022-06-13 18:10:26,当日本人第一次对线送死流赛恩！,https://www.bilibili.com/video/BV1cL4y1N7YJ,http://i1.hdslb.com/bfs/archive/e26df9537662f97acc220326b8640e3010f7ce37.jpg
593422,959,大G被翻盘后失去神志硬刚男枪，最后化身亡灵战神，身体指挥权直接交给石头人！,2022-06-12 15:40:01,大G被翻盘后失去神志硬刚男枪，最后化身亡灵战神，身体控制权直接交给石头人！,https://www.bilibili.com/video/BV15Z4y1q7s3,http://i2.hdslb.com/bfs/archive/34a38283d91422b04270be419dcae8e1e3e2821c.jpg
392632,737,设计师你进来看看吧！看大G被你逼啥样了？,2022-06-11 15:51:36,设计师你进来看看吧！看大G被你逼啥样了？,https://www.bilibili.com/video/BV16B4y1Q71y,http://i2.hdslb.com/bfs/archive/0b4c38bfa1ea6da0828eb1021eaad3e22915c1e3.jpg
471656,237,赛恩是捅了巨魔窝了？英雄联盟设计师，你看看这个巨魔，12级追着我14级咬！,2022-06-10 17:00:35,赛恩是捅了巨魔窝了，英雄联盟设计师你看看这个巨魔，12级追着我14级咬！,https://www.bilibili.com/video/BV1EL4y1N7EW,http://i0.hdslb.com/bfs/archive/f8b13c938891d73ba4b080a417e5d21c377480bf.jpg
579068,263,塞拉斯高兴坏了：被削了还敢送人头，视频看多了吧。10分钟后他开始慌了,2022-06-09 17:23:28,塞拉斯高兴坏了：被削了还敢送人头，视频看多了吧。10分钟后他开始慌了,https://www.bilibili.com/video/BV1fL4y1K7yC,http://i2.hdslb.com/bfs/archive/40762fb9b480cfe48068f5e7df32a0d030a676b7.jpg
423380,356,幸好这把有两个诺手，大G超大优势险被翻盘，1300法强小法恐怖如斯！,2022-06-08 18:18:10,幸好这把有两个诺手，大G超大优势险被翻盘，1300法强小法恐怖如斯！,https://www.bilibili.com/video/BV16S4y1i7Vz,http://i0.hdslb.com/bfs/archive/2e1e8c3e13828ea2ffd094b0ce6824c4604291c1.jpg
594853,375,偶遇中单凯南，大G高兴坏了，又可以玩送死流了，直接1-11拿下比赛！,2022-06-07 16:21:10,偶遇中单凯南，大G高兴坏了，又可以玩送死流了，直接1-11拿下比赛！,https://www.bilibili.com/video/BV1sr4y1V76E,http://i1.hdslb.com/bfs/archive/2589d34abf60f0d348fad440dd5549f9d8269f3b.jpg
976655,664,对面掏出波比中单只为制裁赛恩，几波骚操作，大G直接崩溃破防！,2022-06-06 16:32:39,对面掏出波比中单只为制裁赛恩，几波骚操作，大G直接崩溃破防！,https://www.bilibili.com/video/BV1Wr4y1V7jP,http://i2.hdslb.com/bfs/archive/b5dc352728dc65e8e03608d7b64fda07098ca478.jpg
742285,526,一个塞恩+两个峡谷=？大G罕见拿到两个峡谷，队友满屏问号，对面卡萨丁直接破防！,2022-06-05 18:06:12,一个塞恩+两个峡谷=？大G罕见拿到两个峡谷，队友满屏问号，对面卡萨丁直接破防！,https://www.bilibili.com/video/BV11v4y1w7ts,http://i0.hdslb.com/bfs/archive/454f76ae3100f0ae08ff6152e452d69052e74f56.jpg
1431405,722,加里奥要疯了，落后20个人头的顺风局，对面家都出不来！,2022-06-04 19:13:06,加里奥要疯了，落后20个人头的顺风局，对面家都出不来！,https://www.bilibili.com/video/BV1CL4y1K78g,http://i0.hdslb.com/bfs/archive/7143c8c8505fd398d2da9c7bf7416726326f65ac.jpg
211442,137,运营兵线到底有多好玩？僵尸军团vs破败军团，落后一万经济依旧势不可挡！,2022-06-04 17:49:07,运营兵线到底有多好玩？僵尸军团vs破败军团，落后一万经济依旧势不可挡！,https://www.bilibili.com/video/BV12A4y1d7fW,http://i2.hdslb.com/bfs/archive/d4e376913644bdf2e6bf14ad12831c904ccdbe79.jpg
781823,842,大家别玩赛恩了，唯一普攻伤害只有个位数的英雄，大G选择光速去世！,2022-06-03 16:50:02,大家别玩赛恩了，唯一普攻伤害只有个位数的英雄，大G选择光速去世！,https://www.bilibili.com/video/BV1Av4y1A72F,http://i2.hdslb.com/bfs/archive/6a35ca68c789c102ac13357d812f3dc263e674e3.jpg
381265,327,中单塞恩：《益虫打法》,2022-06-02 19:22:20,中单塞恩：《益虫打法》,https://www.bilibili.com/video/BV1HY411g7uF,http://i0.hdslb.com/bfs/archive/7372415fa1fad4e8fb74b62b88f6263af4bc0653.jpg
329409,327,震精，看大G直播四年，第一次看他拿四杀，20杀赛恩一脚一个！,2022-06-02 16:57:10,震精，看大G直播四年，第一次看他拿四杀，20杀赛恩一脚一个！,https://www.bilibili.com/video/BV1Yr4y1G7Ya,http://i0.hdslb.com/bfs/archive/900a69db3d16fe7815f9a80c28dec3d16470e57e.jpg
589725,791,【生化末日】一个女生的房间里真的会发出这种动静吗？,2022-06-01 19:10:00,欢迎来看up主们的生化末日第二期。制作不易，求观众姥爷们给个三连关注。点赞过5万，大G穿黑丝～～～,https://www.bilibili.com/video/BV1o5411D7NC,http://i2.hdslb.com/bfs/archive/74e1bb48c7af9c1cbd1772ae49613c961db4d26f.jpg
679012,457,赛恩惨遭削弱后，水友妄图狙击大G，20杀刀妹反被折磨，领先1万经济高地都上不去！,2022-06-01 18:22:13,大G惨遭狙击，中野直接住中路，20杀刀妹反被折磨，领先1万经济高地都上不去！,https://www.bilibili.com/video/BV1va411j751,http://i1.hdslb.com/bfs/archive/9e5ecc5b7cf18ca81aa749ff90e2d411097ba506.jpg
607224,380,大G狂“喜”：幸好赛恩被削了，不然这把还真不好赢！,2022-05-31 17:12:03,大G狂“喜”：幸好赛恩被削了，不然这把还真不好赢！,https://www.bilibili.com/video/BV1mA4y1Z7ER,http://i0.hdslb.com/bfs/archive/897fa908a74630675980308950a2f9296e32eb71.jpg
627794,428,害虫不再，0-3-0拿下比赛，韩国人怒喷大G:三打一都打不过，玩毛呢！,2022-05-30 18:16:52,害虫不再，0-3-0拿下比赛，韩国人怒喷大G:三打一都打不过，玩毛呢！,https://www.bilibili.com/video/BV1E341137Rv,http://i1.hdslb.com/bfs/archive/366bc73fb419d8b63a5adcb285de625acc0cfb0e.jpg
359769,418,韩国人被打服了：中单差距，我认可你了！现在还有人说塞恩是害虫吗？,2022-05-29 16:41:38,韩国人被打服了：中单差距，我认可你了！现在还有人说塞恩是害虫吗？,https://www.bilibili.com/video/BV1H34y177WA,http://i1.hdslb.com/bfs/archive/26cce96b8721eb81d7a8a0f0356d19b683a24406.jpg
324899,382,怕死流塞恩究极抗压教学，超稳健打法，打完一看竟被对面压了100多个刀，离谱！,2022-05-28 14:09:45,怕死流塞恩究极抗压教学，超稳健打法，打完一看竟被对面压了100多个刀，离谱！,https://www.bilibili.com/video/BV1pU4y1y76c,http://i1.hdslb.com/bfs/archive/c589de7971585b92cb23e5e0e3e99c67bcf6c1ab.jpg
351489,438,12.10版本塞恩有多强？对线超稳健，能抗能打能拆塔，但僵尸是永远的痛！,2022-05-27 15:42:39,12.10版本塞恩有多强？对线超稳健，能抗能打能拆塔，但僵尸是永远的痛！,https://www.bilibili.com/video/BV1Dv4y1c7ap,http://i1.hdslb.com/bfs/archive/ed0d36a137b36df188f4b5100fa9371eca1bbb36.jpg
478527,412,怕死流塞恩如何对线亚索？12.10版本塞恩增强，就算飞科来也能五五开！,2022-05-26 17:50:33,五五开指的是，我杀不了他，他也休想单杀我！,https://www.bilibili.com/video/BV13F41157PA,http://i2.hdslb.com/bfs/archive/0051cc12f2679310ac56c318f20acd934e11c1ee.jpg
275644,579,再说一遍，送死流塞恩真的没有折磨队友，我真的只想赢！,2022-05-25 17:53:59,再说一遍，送死流塞恩真的没有折磨队友，我真的只想赢！,https://www.bilibili.com/video/BV1i5411X7VN,http://i0.hdslb.com/bfs/archive/13a3685a37b37a41bb25fcd1df67c14c27fa59b2.jpg
453657,409,新版本塞恩如何14分钟做出三件套，照样偷得对面头皮发麻！,2022-05-24 16:41:25,新版本塞恩如何14分钟做出三件套，照样偷得对面头皮发麻！,https://www.bilibili.com/video/BV17Y4y157YM,http://i0.hdslb.com/bfs/archive/d52830353db494fb849a764e2e878aca3c510f6e.jpg
333849,397,新版送死流塞恩再战韩服，队友一句中单差距（真），差点把我送走！,2022-05-23 16:16:02,新版送死流塞恩再战韩服，队友一句中单差距（真），差点把我送走！,https://www.bilibili.com/video/BV1GZ4y1h7vb,http://i0.hdslb.com/bfs/archive/4b458d58bffe765292e6fe72660a73d63e9f566c.jpg
327740,406,铂金局落后41个人头也能翻？这就是塞恩要削弱的原因吗！,2022-05-22 17:00:00,,https://www.bilibili.com/video/BV18Y4y157Y7,http://i0.hdslb.com/bfs/archive/5b0dd6bcea3d37bef44535cbf4a4621429175c88.jpg
1373970,3203,震精！！！送死流塞恩即将重现江湖！新版玩法已初具模型！,2022-05-21 16:36:36,震精！！！送死流塞恩即将重现江湖！新版玩法已初具模型！,https://www.bilibili.com/video/BV1fv4y1A7qG,http://i0.hdslb.com/bfs/archive/fe9fd8669d2d390fe0b66317a29b8442e208cc95.jpg
938170,698,这就是肉装塞恩的浪漫吗？三刀一个塔？,2022-05-20 19:57:38,这就是肉装塞恩的浪漫吗？三刀一个塔？,https://www.bilibili.com/video/BV1BZ4y187vH,http://i2.hdslb.com/bfs/archive/3277ec4097f7ba1f39f2d05eb2a0325434f87a93.jpg
322219,663,我破防了，人头落后三倍翻盘后，却被对面诛心，太无耻了！,2022-05-19 16:13:19,我破防了，人头落后三倍翻盘后，却被对面诛心，太无耻了！,https://www.bilibili.com/video/BV1NB4y1972F,http://i2.hdslb.com/bfs/archive/22822c28a6688f37b46a53f69936d5ca5f83795c.jpg
228621,479,AD都能在塞恩头上拉s了？14分钟一塔还没推掉，英雄联盟设计师你好狠啊！,2022-05-18 16:38:09,最近心态不是很稳，非常抱歉给大家带来不是很好的观看体验，我会加油的，感谢兄弟们支持！,https://www.bilibili.com/video/BV1AY4y167iJ,http://i2.hdslb.com/bfs/archive/3a1098fa55f55da9d0adf045bd58a7e79c145056.jpg
333397,309,1-14的塞恩到底多有牌面？最后的翻译环节绷不住了，含妈量极高！,2022-05-17 15:58:45,,https://www.bilibili.com/video/BV1Mt4y147Tt,http://i2.hdslb.com/bfs/archive/3d9071afcdc0250d49954b795608891457dd57f5.jpg
485958,925,新版本塞恩直接放弃破舰者？直接三项偷塔，新出装正在测试胜率！,2022-05-16 16:16:01,新版本塞恩直接放弃破舰者？直接三项偷塔，新出装正在测试胜率！,https://www.bilibili.com/video/BV1PR4y1P7Vf,http://i1.hdslb.com/bfs/archive/5aa2f875fe70265d98a06015becdf100adae7213.jpg
515420,1106,中单送死流塞恩现状，bug已修复，这次是真削了，破舰者也削了！,2022-05-16 12:49:59,送死流塞恩现状，bug已修复，这次是真削了，破舰者也削了！,https://www.bilibili.com/video/BV1YT4y1B7wk,http://i1.hdslb.com/bfs/archive/2460e0167f7fb77de085697048b0c0abd780885d.jpg
1004505,464,队友全崩，塞恩帮助队友吃掉所有塔皮，25分钟集齐六神装，直接砍翻所有人！,2022-05-15 15:35:00,队友全崩，塞恩无奈帮助队友吃掉所有塔皮，25分钟六神装，直接砍翻所有人！,https://www.bilibili.com/video/BV18R4y1c7No,http://i2.hdslb.com/bfs/archive/716c5e09448efb6417ea4264e50ddf9ee3c09177.jpg
675181,694,提莫真的克制塞恩吗？兄弟们，一个没有位移没有控制的小蘑菇！,2022-05-14 15:39:33,新版本研究中，再吃会老本，难受！,https://www.bilibili.com/video/BV1aY4y1474T,http://i2.hdslb.com/bfs/archive/a0567e1ed5e8292b582d434c8fecd7ebfaabfe9d.jpg
546218,926,感谢英雄联盟程序员偷偷加强僵尸，塞恩依旧坚挺，2-13离谱翻盘！,2022-05-13 15:04:40,感谢英雄联盟程序员偷偷加强僵尸，塞恩依旧坚挺，2-13离谱翻盘！,https://www.bilibili.com/video/BV1it4y1x7qq,http://i0.hdslb.com/bfs/archive/5c7c1bc1804f44cdc6369d792f3913e2dd168cc1.jpg
1744246,3587,僵尸普攻只有12点伤害，大家不要再玩送死流塞恩了，英雄联盟设计师，你太坏了！！！,2022-05-12 14:22:46,僵尸普攻只有12点伤害，大家不要再玩送死流塞恩了，英雄联盟设计师，你太坏了！！！,https://www.bilibili.com/video/BV1fv4y1K7tL,http://i1.hdslb.com/bfs/archive/2664f838a12faefceff2e2a65ddc88c3f4c80901.jpg
1043104,643,韩国人掏出中单赵信克制送死流塞恩，谁知对面是怕死流塞恩，全场挨打不还手，互相折磨到白头！,2022-05-11 16:14:38,韩国人掏出中单赵信克制送死流塞恩，谁知对面是怕死流塞恩，全场挨打不还手，互相折磨到白头！,https://www.bilibili.com/video/BV1UF411j7NU,http://i1.hdslb.com/bfs/archive/716c246fbb0ec5f29380edf4d5f6e16502ae4c8d.jpg
441076,356,超大逆风队友疯狂吵架摆烂，塞恩默默偷家，3v5极限翻盘！,2022-05-10 17:52:20,超大逆风队友疯狂吵架摆烂，塞恩默默偷家，3v5极限翻盘！,https://www.bilibili.com/video/BV1wF41177RY,http://i0.hdslb.com/bfs/archive/82df094acf00bff3580209482f835a1360f1cacf.jpg
569455,432,从未见过如此嚣张的打野，越塔的样子很帅，但你守家的时候真的很狼狈！,2022-05-10 14:24:07,从未见过如此嚣张的打野，越塔的样子很帅，但你守家的时候真的很狼狈！,https://www.bilibili.com/video/BV1x5411d7qS,http://i0.hdslb.com/bfs/archive/8e478295cea7cdf921a045c0ac53627deaeeee58.jpg
329893,477,破三路也能被翻盘？太离谱了，学会这个思路，没有操作也能上分！,2022-05-09 16:30:00,破三路也能被翻盘？太离谱了，学会这个思路，没有操作也能上分！,https://www.bilibili.com/video/BV19Z4y1h79C,http://i1.hdslb.com/bfs/archive/a75a5f8453024675b5066244e93dcdf0dcf26c72.jpg
410792,417,怕死流塞恩要多猥琐才合格？为应对版本削弱，大G竟然玩起怕死流塞恩，他太稳健了！,2022-05-09 12:07:10,怕死流塞恩要多猥琐才合格？为应对版本削弱，大G竟然玩起怕死流塞恩，他太稳健了！,https://www.bilibili.com/video/BV1LY411c7Yh,http://i0.hdslb.com/bfs/archive/b46a99bd547b34192d10c60305222c90875ffe7d.jpg
896653,820,落后30人头1万经济，塞恩力挽狂澜，向死而生，推到对面门牙，竟然还有赏金！,2022-05-08 15:32:55,坚持才是胜利，不摆烂的人胜率比摆烂的人高出10%以上！,https://www.bilibili.com/video/BV1H34y1h7tM,http://i0.hdslb.com/bfs/archive/69637308a3a5235ce6fc14bab4187435b66119a1.jpg
635928,448,国服收到四个点赞的对局有多精彩？经典10分钟上高地，对面全员保卫萝卜！,2022-05-08 12:17:22,国服收到四个点赞的对局有多精彩？经典10分钟上高地，对面全员保卫萝卜！,https://www.bilibili.com/video/BV1RF411j7s1,http://i0.hdslb.com/bfs/archive/5209e910b4aef8ee0444bc4b61e022f9ed07f429.jpg
405868,381,上单塞恩2-10，敌方上单12-3，被偷家后韩国人：上单差距！,2022-05-07 15:50:09,上单塞恩2-10，敌方上单12-3，被偷家后韩国人：上单差距！,https://www.bilibili.com/video/BV1vY411A7FC,http://i1.hdslb.com/bfs/archive/3b5218696203db9058491a93f3be1b9d88428ca1.jpg
577788,475,韩国人终于服了，直呼塞恩牛批，打野摆烂，队友全崩，3-10塞恩力挽狂澜！,2022-05-06 23:10:29,韩国人终于服了，直呼塞恩牛批，打野摆烂，队友全崩，3-10塞恩力挽狂澜！,https://www.bilibili.com/video/BV1pR4y1N7xi,http://i2.hdslb.com/bfs/archive/9faba32e060b125ed40296264d0c13b912cd62df.jpg
1626697,1894,史上最有牌面的峡谷先锋，这才是真正的害虫！,2022-05-06 13:26:25,史上最有牌面的峡谷先锋，这才是真正的害虫！,https://www.bilibili.com/video/BV1k3411P71d,http://i2.hdslb.com/bfs/archive/e96d526973e634afd8277c2cd5dc79f5f5dc3582.jpg
1231007,984,送死流塞恩和冰鸟互相折磨，你恶心塞恩一个人，我恶心你们全队！,2022-05-05 23:11:38,送死流塞恩和冰鸟互相折磨，你恶心塞恩一个人，我恶心你们全队！,https://www.bilibili.com/video/BV1v54y1f7Rg,http://i2.hdslb.com/bfs/archive/a5277cd2e23924331bc6297bbfe2ddc886057249.jpg
426066,1233,【up主们的生化末日】生化危机，如何求生？ 01,2022-05-05 16:00:00,欢迎来看up主们的生化末日。制作不易，求观众姥爷们给个三连关注。点赞过5万，火速更新下一期~,https://www.bilibili.com/video/BV17v4y1K797,http://i0.hdslb.com/bfs/archive/eca70a9d029d2c76c1f4adc52d801eafa9e458a8.jpg
542271,471,送死流塞恩对线加里奥，你怎么不游走了，还带着个余震！,2022-05-05 12:10:39,送死流塞恩对线加里奥，你怎么不游走了，还带着个余震！,https://www.bilibili.com/video/BV1ca411Y7Ne,http://i0.hdslb.com/bfs/archive/392f3a326356e1fc4fbffae9e9c17eab1e69fd58.jpg
393312,396,颠覆韩服玩家对塞恩的认知，梦开始的地方，那时候的韩服玩家还很懵懂！,2022-05-04 18:05:00,颠覆韩服玩家对塞恩的认知，梦开始的地方，那时候的韩服玩家还很懵懂！,https://www.bilibili.com/video/BV1c3411N75t,http://i2.hdslb.com/bfs/archive/60d9253eeb1f20ae35fc93c391cd9325964553a7.jpg
443138,820,最后的疯狂？送死流塞恩狂送17个人头，23-3的小鱼人直呼牛批！,2022-05-03 15:36:54,最后的疯狂？送死流塞恩狂送17个人头，23-3的小鱼人直呼牛批！,https://www.bilibili.com/video/BV1oY4y18712,http://i1.hdslb.com/bfs/archive/81b3c0acfcef93f4bc0b9ca978ea8b84bf1901cd.jpg
739937,942,韩国人怒喷设计师：设计的什么bug英雄！只因被0-12-0塞恩折磨！,2022-05-02 19:47:37,韩国人怒喷设计师：设计的什么bug英雄！只因被0-12-0塞恩折磨！,https://www.bilibili.com/video/BV1Nv4y1K7t8,http://i0.hdslb.com/bfs/archive/e189ca64e90f9cb3df98259e68588b1bd6178143.jpg
510034,567,送死流塞恩偶遇外国人，竟然还是个小代，被偷家后留下胡言乱语，有没有兄弟知道是哪个国家的！,2022-05-02 13:08:17,送死流塞恩偶遇外国人，竟然还是个小代，被偷家后留下胡言乱语，不知道是哪个国家的！,https://www.bilibili.com/video/BV1JA4y1Q7T5,http://i2.hdslb.com/bfs/archive/10511456badac3ec2ed0bd0d58fbb6f8f0d8fb29.jpg
382382,531,不是只有打架的召唤师才算英雄，塞恩带着峡谷1打5，亡灵战神不是害虫！,2022-05-02 00:08:05,陈奕迅版孤勇者，肾虚版已删除！,https://www.bilibili.com/video/BV1NZ4y1y79n,http://i0.hdslb.com/bfs/archive/ccd20506f74a6bec8da31bc29e09dd200f7530c9.jpg
578538,545,大G为了提前适应新版本，竟然忍住不送人头，只用两个人头就推到门牙！,2022-05-01 15:37:14,大G为了提前适应新版本，竟然忍住不送人头，只用两个人头就推到门牙！,https://www.bilibili.com/video/BV17541127UM,http://i2.hdslb.com/bfs/archive/3a36495bbf4ec31c8871ea006fe8b19827eb7505.jpg
513344,759,钻一局惨遭惩戒流卡牌克制，差点塔都摸不到，超大逆风翻盘，1-6竟斩获MVP,2022-04-30 17:02:25,钻一局惨遭惩戒流卡牌克制，差点塔都摸不到，超大逆风翻盘，1-6竟斩获MVP,https://www.bilibili.com/video/BV1734y1a7J4,http://i2.hdslb.com/bfs/archive/b9ce26fd48797f09c7ad48bc332ab9c89e915776.jpg
431253,476,国服怕死流塞恩如何对线小法？14分钟还没推掉一塔，超大逆风偷家局！,2022-04-29 21:30:10,怕死流塞恩如何对线小法？14分钟还没推掉一塔，超大逆风偷家局！,https://www.bilibili.com/video/BV1eT4y1r7Zv,http://i1.hdslb.com/bfs/archive/50904fd7e726393d998677f5360519abbbfd42ae.jpg
579013,1119,塞恩主角光环被蛮子抢走，僵尸惨遭削弱后，蛮子恐成偷家顶流？,2022-04-29 14:03:02,塞恩主角光环被蛮子抢走，僵尸惨遭削弱后，蛮子恐成偷家顶流？,https://www.bilibili.com/video/BV1qF411u73J,http://i0.hdslb.com/bfs/archive/9ae0886a6fb80473a44b1c622f927df3fd9cabae.jpg
536843,652,怕死流塞恩极限换家，对面五人抱团，塞恩1拆5，差一秒就输了！,2022-04-28 14:35:47,怕死流塞恩极限换家，对面五人抱团，塞恩1拆5，差一秒就输了！,https://www.bilibili.com/video/BV1Ni4y1U7kH,http://i0.hdslb.com/bfs/archive/bad5d244dda53ab3130e760a91be4f29c9b12d5f.jpg
1251119,1829,英雄联盟设计师竟掏出石头人和大G对线，被折磨后说要给僵尸一刀，本以为是一次恐吓....,2022-04-27 14:58:05,英雄联盟设计师竟掏出石头人和大G对线，被折磨后说要给僵尸一刀，本以为只是一句玩笑....,https://www.bilibili.com/video/BV1WR4y1P7eR,http://i2.hdslb.com/bfs/archive/77e33d48135d5c218afc01e0e06149b03271ea9b.jpg
1005661,1156,刷新记录，偷家40分钟，送了25个人头，一把游戏，10个人全崩溃了,2022-04-26 15:56:48,刷新记录，偷家40分钟，送了25个人头，一把游戏，10个人全崩溃了,https://www.bilibili.com/video/BV1vB4y1m7F3,http://i2.hdslb.com/bfs/archive/2a6f5b0e377da2cb26ff36cb4204ccfccc93ee0c.jpg
288494,421,被蛇女打成0-7，直接变身亡灵战神，塞恩如入无人之境，直捣黄龙，赢下比赛！,2022-04-26 12:31:54,被蛇女打成0-7，直接变身亡灵战神，塞恩如入无人之境，直捣黄龙，赢下比赛！,https://www.bilibili.com/video/BV1mZ4y1C7eB,http://i2.hdslb.com/bfs/archive/e3c7372e0d05c3b98e57dee53126ecf21c50cb32.jpg
270172,265,送死流塞恩如何运营蛇女，对线难度五星，最难打的法师之一！,2022-04-26 11:55:33,送死流塞恩如何运营蛇女，对线难度五星，最难打的法师之一！,https://www.bilibili.com/video/BV1AL4y157ch,http://i0.hdslb.com/bfs/archive/4dc49dc0dbe3a75ceada42c0afd2c63d8b09fbd6.jpg
650428,528,4-1的永恩看着送死流塞恩的装备，陷入了沉思！,2022-04-25 19:29:43,4-1的永恩看着送死流塞恩的装备，陷入了沉思！,https://www.bilibili.com/video/BV1nT4y1r7v7,http://i2.hdslb.com/bfs/archive/2263a9786091f5fe4ce6db4a5bbe887fee37cdb5.jpg
433050,439,韩国人疯狂点信号，1-9的塞恩这么猛？5个人都守不住，太离谱了！,2022-04-25 12:04:13,韩国人疯狂点信号，1-9的塞恩这么猛？5个人都守不住，太离谱了！,https://www.bilibili.com/video/BV1534y1e7vw,http://i2.hdslb.com/bfs/archive/a32e06c7b556675f5b963682d03ed8e59f9e2c7c.jpg
999859,829,韩国人：塞恩就是神！塞恩带四个送死流赢下游戏后，韩国人尊称中国玩家为神！,2022-04-24 19:10:00,韩国人：塞恩就是神！塞恩带四个送死流赢下游戏后，韩国人尊称中国玩家为神！,https://www.bilibili.com/video/BV143411M73s,http://i2.hdslb.com/bfs/archive/14cae003dcff45ed1cc8cc33ea268a500f44cc26.jpg
696533,489,塞恩如何反制中单狐臭？看完再也不用担心被臭到了！,2022-04-24 12:18:41,塞恩如何反制中单狐臭？看完再也不用担心被臭到了！,https://www.bilibili.com/video/BV1oY411A7dU,http://i1.hdslb.com/bfs/archive/a686e4b3c86b1ca5a6d641ccfd5ea9c3aae7c702.jpg
1872956,946,韩国人震禁了，9:43也能翻盘，最后狂喷塞恩是害虫，韩国人也知道害虫？,2022-04-23 15:53:43,韩国人震禁了，9:43也能翻盘，最后狂喷塞恩是害虫，韩国人也知道害虫？,https://www.bilibili.com/video/BV1vT4y1a7M7,http://i1.hdslb.com/bfs/archive/45d7893a1566b4f465239741010a28e65bfdad3a.jpg
373772,322,开局0-3的塞恩有多猛？别再说送死流塞恩靠队友了！,2022-04-22 19:43:16,送死流塞恩折磨挠头怪，对面下路竟是玩套路的小代，那一起折磨了,https://www.bilibili.com/video/BV1hL4y1V7wG,http://i2.hdslb.com/bfs/archive/df6615c806f5d1aebf36621330325e49e8f1a0d1.jpg
661746,393,送死流塞恩折磨挠头怪，对面下路竟是玩套路的小代，那就一起折磨了,2022-04-22 15:48:02,送死流塞恩折磨挠头怪，对面下路竟是玩套路的小代，那一起折磨了,https://www.bilibili.com/video/BV1uB4y1m7TK,http://i0.hdslb.com/bfs/archive/1063e16772e086fa535a376de3bf75467b488daf.jpg
691072,461,四分钟送五个头，光辉吓得和诺手换线，奎因：换线？他能开火车，我能开飞机！,2022-04-21 18:00:29,四分钟送五个头，光辉吓得和诺手换线，奎因：换线？他能开火车，我能开飞机！,https://www.bilibili.com/video/BV18S4y1c7K1,http://i1.hdslb.com/bfs/archive/1a190c326a5340268d170e9154d55a23e2ccd0fe.jpg
865757,2100,大G遇到送死流塞恩高兴坏了，开局豪言壮语，谁知全程被折磨，谁发明的套路太恶心了！,2022-04-21 12:03:50,大G遇到送死流塞恩，开局豪言壮语，谁知全程被折磨，谁发明的套路太恶心了！,https://www.bilibili.com/video/BV15S4y1c7Fh,http://i0.hdslb.com/bfs/archive/97642b7907a1ad8f2683ec0e19a8c57e593eafca.jpg
734441,513,塞恩被单杀后自暴自弃，狂送14个人头，韩国人不堪受辱，超大优势选择投降！,2022-04-20 17:00:00,塞恩被单杀后自暴自弃，狂送14个人头，韩国人不堪受辱，超大优势选择投降！,https://www.bilibili.com/video/BV1i3411T7yo,http://i0.hdslb.com/bfs/archive/b4be24a1f450b44570e1782d51b3d5a16bb71b19.jpg
602937,781,铂金超大逆风局，0-12-0带队翻盘，人头落后一倍，对方破口大骂！,2022-04-20 00:02:02,铂金超大逆风局，0-12-0带队翻盘，人头落后一倍，对方破口大骂！,https://www.bilibili.com/video/BV1d34y1v72a,http://i2.hdslb.com/bfs/archive/95e494bbfca8301cbafc725626aba45bb0f55d24.jpg
659000,1016,卡萨丁崩溃了，8-0竟然打不过0-8，英雄联盟设计师！！！,2022-04-19 14:45:38,卡萨丁崩溃了，8-0竟然打不过0-8，英雄联盟设计师！！！,https://www.bilibili.com/video/BV1eA4y1Q7oi,http://i0.hdslb.com/bfs/archive/6c235293eeb1deb121f2ae9c735a257f879c3b15.jpg
592741,812,不是送死流塞恩吗？塞恩竟然斩获19个人头，从未有过的豪华战绩，两脚一个小朋友！,2022-04-18 18:42:45,韩国人懵逼了，不是送死流塞恩吗？怎么两脚一个小朋友，塞恩竟然斩获19个人头！,https://www.bilibili.com/video/BV1L94y1o7ik,http://i1.hdslb.com/bfs/archive/06dc03cff5ede52470eaeaed0a88e8d012580a2b.jpg
1090507,779,韩国人崩溃了，8-0妖姬25层书，却只能和超级兵对线，塞恩离谱！,2022-04-18 15:20:00,韩国人崩溃了，8-0妖姬25层书，却只能和超级兵对线，塞恩太离谱！,https://www.bilibili.com/video/BV1tS4y1e7br,http://i2.hdslb.com/bfs/archive/4242fcc7c76428795b200d21224999ee517bd46a.jpg
492241,444,如何提高塞恩韩服登场率？1-10塞恩疯狂偷家，韩国人表示我也要玩！,2022-04-17 20:30:51,如何提高塞恩韩服登场率？1-10塞恩疯狂偷家，韩国人表示我也要玩！,https://www.bilibili.com/video/BV1544y1G7NB,http://i2.hdslb.com/bfs/archive/4aa64bd95db66c8fb31557b862ec5f2ae3852c6b.jpg
528237,385,15分钟推掉门牙之后，队友全体化身偷家贼，太刺激了！,2022-04-17 13:59:37,,https://www.bilibili.com/video/BV1oR4y1N7Bo,http://i2.hdslb.com/bfs/archive/d3ee509467844e4b599713d4c9337fc4b846d53a.jpg
1718333,1649,只因单杀了一次塞恩，我倒亏了1千经济，11分钟门牙就被破了！,2022-04-16 21:00:00,只因单杀了一次塞恩，我倒亏了1千经济，11分钟门牙就被破了！,https://www.bilibili.com/video/BV1UA4y197en,http://i0.hdslb.com/bfs/archive/2f7807fcb4e872a7f66b1a79e1821eac6bf5f4b7.jpg
672102,421,什么才是真正的送死流，11-1的飞机流下了悔恨的泪水，学不会的同学一定不要学！,2022-04-16 15:39:03,什么才是真正的送死流塞恩，学不会的同学千万不学！,https://www.bilibili.com/video/BV15L4y1L7aE,http://i2.hdslb.com/bfs/archive/663062866f6f5174ee585a5ccf04884d93fa3739.jpg
378965,600,【干货】怕死流塞恩对线教学，不用送死也能上分，新老诺手之间的对决！,2022-04-15 16:52:21,【干货】怕死流塞恩对线教学，不用送死也能上分，新老诺手之间的对决！,https://www.bilibili.com/video/BV1KT4y1e7CT,http://i2.hdslb.com/bfs/archive/ea30a742aab3e8723bb08525c028c3cebc0b5070.jpg
774203,2972,偷家36分钟，斧头都钝了，牺牲22次，却被队友狂喷，塞恩太委屈了！,2022-04-15 15:18:55,偷家36分钟，斧头都钝了，牺牲22次，却被队友狂喷，塞恩太委屈了！,https://www.bilibili.com/video/BV15B4y1U7bZ,http://i0.hdslb.com/bfs/archive/ddab294a27662c6bb5dbcd403dfc2fb9945af551.jpg
1066238,1060,韩国人气到扭曲，狂喷队友，五打四，领先49个人头还被塞恩翻盘！,2022-04-14 15:08:51,对面ad疑似韩服千分小代！,https://www.bilibili.com/video/BV1Vi4y1U7mL,http://i0.hdslb.com/bfs/archive/c06e9706301ea4c5bd97e87f3154157f25da56d9.jpg
614144,441,开局人头5:15，诺手直接摆烂，塞恩喊出一句：向阳而生，诺手重燃斗志，逆风翻盘！,2022-04-13 17:48:04,拒绝摆烂，逆风翻盘，向阳而生！,https://www.bilibili.com/video/BV1H3411n74A,http://i0.hdslb.com/bfs/archive/3e16584d7d98b09190a84ab279f01b4e476559c8.jpg
927460,553,终于再次遇到19护甲卡萨丁，直接掏出送死流塞恩，赶紧爽一把！,2022-04-13 15:53:24,终于再次遇到19护甲卡萨丁了，赶紧爽一把！,https://www.bilibili.com/video/BV15L4y1L7Rx,http://i2.hdslb.com/bfs/archive/e1f69e9a62d107e9500bab324bad2992482badd5.jpg
888351,578,送死流塞恩如何套路中单卢仙，你别看他3-0，其实他已经崩了！,2022-04-12 17:19:55,送死流塞恩如何套路中单卢仙，你别看他3-0，其实他已经崩了！,https://www.bilibili.com/video/BV1DY4y1e7MW,http://i2.hdslb.com/bfs/archive/4a7b2fdaf0570a75192b84fc6ad2ea6b7e3bd3c4.jpg
921743,636,标题党：韩国人竟然选出扎克中单，塞恩笑尿了，直接开始折磨！,2022-04-12 15:28:47,标题党：韩国人竟然选出扎克中单，塞恩笑尿了，直接开始折磨！,https://www.bilibili.com/video/BV1v5411U7WY,http://i0.hdslb.com/bfs/archive/4e69eb6f27ddde69b21b83860c7105a60b0a25d5.jpg
3007009,2535,送死流塞恩征战大师局，对面五人集体破防，被偷家后尽吐粗鄙之语，素质真是太差了！,2022-04-11 16:19:36,送死流塞恩征战大师局，对面五人集体破防，被偷家后尽吐粗鄙之语，素质真是太差了！,https://www.bilibili.com/video/BV1yi4y1D7wF,http://i0.hdslb.com/bfs/archive/10f07b7344053c4474515e0feb3ef6c4245637ef.jpg
824563,1018,在韩服玩赛恩最难受的一局，当对面出动一个军团来抓你时，你该怎么办？,2022-04-10 18:05:11,在韩服玩赛恩最难受的一局，当对面出动一个军团来抓你时，你该怎么办？,https://www.bilibili.com/video/BV1Tu411v7q1,http://i2.hdslb.com/bfs/archive/c371ffbcc529ce36d1ce2147e6d51c3d9c7ffe45.jpg
698631,560,送死流钻石分段天崩开局，看塞恩如何运营拉扯力挽狂澜，被偷家后对面破口大骂！,2022-04-10 15:05:00,午饭时间到..,https://www.bilibili.com/video/BV1MA4y197v3,http://i0.hdslb.com/bfs/archive/76188c9fd1557242b1852353f62fe32669713833.jpg
1683507,1037,韩国人掏出雪人中单克制送死流，塞恩牙都笑掉了，到底谁克制谁？,2022-04-09 16:08:43,韩国人掏出雪人中单克制送死流，塞恩牙都笑掉了，到底谁克制谁？,https://www.bilibili.com/video/BV1tT4y1Y7oY,http://i0.hdslb.com/bfs/archive/b266333271dc489020d4ebee3d405aa8cac5967a.jpg
605055,491,送死流塞恩折磨联盟第一刮痧法师（老版阿狸），阿狸赛后狂吐槽：我要疯了！,2022-04-08 18:00:00,送死流塞恩折磨联盟第一刮痧法师（老版阿狸），阿狸赛后狂吐槽：我要疯了！,https://www.bilibili.com/video/BV1FA4y19775,http://i1.hdslb.com/bfs/archive/56d347e945105945a36a2c6fbcbf98351b13e1d1.jpg
2106897,1225,韩国人掏出梦魇中单，塞恩嘴都笑歪了，最后梦魇看着自己15-0战绩含泪点下投降！,2022-04-08 16:00:00,韩国人掏出梦魇中单，塞恩嘴都笑歪了，最后梦魇看着15-0的战绩含泪点下投降！,https://www.bilibili.com/video/BV1ri4y1S7S3,http://i1.hdslb.com/bfs/archive/52e427d87b2e41af86e15a25d61c71412be2fc44.jpg
2090657,1274,离谱！韩国人选出翠神中单，五分钟后直接懵逼，只能叫四个队友过来一起防守！,2022-04-07 16:14:31,离谱！韩国人选出翠神中单，五分钟后直接懵逼，只能叫四个队友过来一起防守！,https://www.bilibili.com/video/BV1nZ4y1U7ad,http://i1.hdslb.com/bfs/archive/c851e3d1d224978b83e2c60be593701a0e5842e9.jpg
857093,814,塞恩如何折磨蓝条法师？僵尸加上大招疾跑传送，直接6条命打一条命，最后对面崩溃投降。,2022-04-06 17:23:25,塞恩如何折磨蓝条法师？僵尸加上大招疾跑传送，直接6条命打一条命，最后对面崩溃投降。,https://www.bilibili.com/video/BV1394y1Z7CL,http://i0.hdslb.com/bfs/archive/0efe0e7d8a13c065383c3be751a32279e26153b7.jpg
639824,478,【国服】怕死流塞恩如何对线男枪，全队四个送死流竟然也能赢游戏！,2022-04-06 15:36:53,【国服】怕死流塞恩如何对线男枪，全队四个送死流竟然也能赢游戏！,https://www.bilibili.com/video/BV1nL4y1j7s7,http://i1.hdslb.com/bfs/archive/30cf891bf10fdcdf7300139c5c3c737f9d464aaf.jpg
948078,407,听说你喜欢游走？24-4卡特 vs 2-16塞恩，对方连二塔都没摸到！,2022-04-05 17:55:19,关注up主：大G的僵尸，可以收看精彩完整对局！,https://www.bilibili.com/video/BV1JS4y1P7ZC,http://i1.hdslb.com/bfs/archive/7869b532cec698e33a33f4b48c2c95fe1615eac0.jpg
762933,451,【丧尸大战】看你的丧气重，还是我的尸气重，塞恩疯狂折磨熬夜波比，15-0梦魇气到挂机！,2022-04-05 17:19:03,关注up主：大G的僵尸，可以收看精彩完整对局！,https://www.bilibili.com/video/BV1MZ4y1U7aR,http://i0.hdslb.com/bfs/archive/4cedb13fed662f5a6dab402db9b0f4b166762ba1.jpg
842415,690,【国服】送死流塞恩如何运营永恩，家都给你偷烂了，步兵再强，也跑不过骑兵！,2022-04-04 16:11:08,【国服】送死流塞恩如何运营永恩，家都给你偷烂了，步兵再强，也跑不过骑兵！,https://www.bilibili.com/video/BV1R34y1s7H3,http://i1.hdslb.com/bfs/archive/ea6246e5ae0abd865fd6c3d3e4e8a56607a40278.jpg
1126774,851,你们见过领先一万经济，却连高地都上不了的局吗？送死流塞恩对线流浪法师！,2022-04-03 17:09:05,你们见过领先一万经济，却连高地都上不了的局吗？送死流塞恩对线流浪法师！,https://www.bilibili.com/video/BV1J44y1P74x,http://i2.hdslb.com/bfs/archive/4d738cf68c1fd91cb600c843ead9d7f387f61675.jpg
1037092,435,我哭死，塞恩他太温柔了，这样的塞恩谁不爱呢？韩国人都想把他偷回国了！,2022-04-03 15:54:34,我哭死，这塞恩太温柔了，这样的塞恩谁不爱呢？韩国人都想把他偷回国了！,https://www.bilibili.com/video/BV1D34y1s7TQ,http://i1.hdslb.com/bfs/archive/2e72cf113fa044f8b5fa6615e402adb396a510e8.jpg
746376,754,送死流塞恩对线讲解，2-14经济遥遥领先，学会这个套路，白银强者也能上铂金！,2022-04-02 17:30:08,送死流塞恩对线讲解，2-14经济遥遥领先，学会这个套路，白银强者也能上钻石！,https://www.bilibili.com/video/BV1NT4y1v7T3,http://i2.hdslb.com/bfs/archive/bf32f73d7d0152886ceeada2ade49ce42bcaed40.jpg
1037790,1407,峡谷开始闹害虫了，五个老司机疯狂拆家，对面五黄鸡都守不住！,2022-04-02 15:03:45,克隆五黑老司机，有兄弟们想上车的，来我直播间！,https://www.bilibili.com/video/BV1PY4y1B72u,http://i1.hdslb.com/bfs/archive/31af140ed31db2c994c1a273c38fa5e8cc02a917.jpg
688435,589,伐木僵尸大战食人花，英雄联盟版植物大战僵尸（塞恩对线婕拉）!,2022-04-01 15:07:23,伐木僵尸vs食人花，英雄联盟版植物大战僵尸（塞恩对线婕拉）,https://www.bilibili.com/video/BV1SZ4y1m7Ne,http://i0.hdslb.com/bfs/archive/7ea9f5de04f7af01265b67c79cc352f92a465a02.jpg
1330739,1036,这个剑圣怎么一股塞恩味，难道这就是亡灵剑圣吗？,2022-03-31 16:16:12,很多老粉说想看我玩剑圣，今天他来了，熟练度不是很高，希望大家喜欢！,https://www.bilibili.com/video/BV1aL4y1L7fi,http://i1.hdslb.com/bfs/archive/75d545116d82d308213dab337d1f88b89e3b281e.jpg
2345292,2331,最搞笑的一集：塞恩送人头被队友狂喷，10分钟拆到高地后，队友瞬间化身分奴嘴脸。,2022-03-31 14:29:58,最搞笑的一集：塞恩送人头被队友狂喷，10分钟拆到高地后，队友瞬间化身分奴嘴脸。,https://www.bilibili.com/video/BV1cZ4y1z7bK,http://i1.hdslb.com/bfs/archive/ed70f913e274057b416f1f8f09316b290086e6f4.jpg
566960,450,可曾听闻诺克萨斯剑圣：塞恩？没有破舰者的塞恩有多猛？,2022-03-30 16:51:42,可曾听闻无极剑圣：塞恩，没有破舰者的塞恩是真的猛。,https://www.bilibili.com/video/BV175411S7b8,http://i0.hdslb.com/bfs/archive/2e75dfb91b3a4b04181482bab8370b118c37496f.jpg
862691,730,当塞恩遇到别吃别吃，直接化身僵尸不想活辣，经济第一也无力回天！,2022-03-30 14:26:29,当塞恩遇到别吃别吃，直接化身僵尸不想活辣，经济第一也无力回天！,https://www.bilibili.com/video/BV1RS4y127EL,http://i1.hdslb.com/bfs/archive/68d3b0d27e3a19be21292d1165424cd23a8bd20a.jpg
1039494,977,送死流塞恩推塔有多快？这节奏，压迫感太强了，一人我拆三路！,2022-03-29 18:05:15,送死流塞恩推塔有多快？这节奏，压迫感太强了！,https://www.bilibili.com/video/BV1Ka41147S4,http://i0.hdslb.com/bfs/archive/93d65603ac7fdf3fa270ddfe62036d72dad35764.jpg
797511,502,开局人头18:3要怎么翻盘？送死流塞恩强吃三路塔皮，极限拉扯偷家翻盘，太刺激了！,2022-03-29 14:37:17,开局人头18:3要怎么翻盘？送死流塞恩强吃三路塔皮，极限拉扯偷家翻盘，太刺激了！,https://www.bilibili.com/video/BV1Au411i7Tj,http://i2.hdslb.com/bfs/archive/e2daed52acdd7cbb046dbb9721e96ef68df43735.jpg
1555095,918,怕死流塞恩被潘森打成0-15-0，觉得偷家不够解气，于是决定把他BGM也偷了！,2022-03-28 16:14:09,怕死流塞恩被潘森打成0-15-0，觉得偷家不够解气，于是决定把他BGM也偷了！,https://www.bilibili.com/video/BV1BT4y1e7jj,http://i2.hdslb.com/bfs/archive/d2663b864c706fc915a655abc8bdd779dd4b7038.jpg
1352117,668,谁才是真正的害虫？塞恩对线马尔扎哈8分钟2000血，打野上单轮流来抓都抓不死！,2022-03-28 14:49:51,谁才是真正的害虫？塞恩对线马尔扎哈10分钟2000血，打野上单轮流来抓都抓不死！,https://www.bilibili.com/video/BV1XF411W7jj,http://i1.hdslb.com/bfs/archive/9e3f1c66a71f535880a00665cf0506b33c3c0d0d.jpg
1025986,1316,如何克制喜欢游走的无赖流加里奥，游走一波，回来发现高地没了！,2022-03-27 15:40:48,如何克制喜欢游走的无赖流加里奥，游走一波，回来发现高地没了！,https://www.bilibili.com/video/BV1z3411n7LZ,http://i0.hdslb.com/bfs/archive/dbd501bd535428b9c6a6a4c6cf53ce2985a4313e.jpg
1236387,779,太离谱了，钻石局6:41也能翻盘，最后竟然还被队友认出来了！,2022-03-27 14:50:38,想看完整精彩对局的兄弟，可以关注大G的僵尸，每天三更哦！,https://www.bilibili.com/video/BV1oL4y177Vk,http://i1.hdslb.com/bfs/archive/a72211ca181da9d7060935491276f37752df7771.jpg
896260,614,塞恩韩服惨遭针对，无奈送出16个人头折磨对手，队友都说太离谱！,2022-03-26 14:00:00,塞恩韩服惨遭针对，无奈送出16个人头折磨对手，队友都说太离谱！,https://www.bilibili.com/video/BV14r4y1q7fq,http://i1.hdslb.com/bfs/archive/ff4fc67010897884d3f75a7f78c7c52ec7683d70.jpg
912829,711,这就是送死流塞恩的威慑力吗？老司机发动机一响，对面五人集体回城！,2022-03-25 12:00:00,开饭时间到，大家给个三连吧，谢谢大家了！,https://www.bilibili.com/video/BV1BY4y1s7Kq,http://i2.hdslb.com/bfs/archive/dea34d575df6be51892e1cf48f6ce7a665d85451.jpg
1646941,744,当送死流塞恩碰上送死流炼金，我就不信，你有我能送？,2022-03-24 21:49:50,觉得视频还不错的兄弟们，记得三连，感谢！,https://www.bilibili.com/video/BV1JL411A7mz,http://i2.hdslb.com/bfs/archive/c7a3c8c6f5b58cf2943253a2b5e5e3b5fa592b0d.jpg
2401272,1571,韩国人掏出非主流派克中单，这可把塞恩高兴坏了，对方六分钟后渐渐发现不对劲！,2022-03-24 12:11:53,韩国人掏出非主流派克中单，这可把塞恩高兴坏了，对方六分钟后直接痛苦面具！,https://www.bilibili.com/video/BV1eU4y1d7Do,http://i2.hdslb.com/bfs/archive/a833ffe95a475dc04bb642f760bc432cfd405dce.jpg
1621539,960,当送死流塞恩玩到0-16-0的时候，我和韩国人都破防了！,2022-03-23 17:44:42,当送死流塞恩玩到0-16-0，我和韩国人都破防了！,https://www.bilibili.com/video/BV1Tb4y1W7w4,http://i2.hdslb.com/bfs/archive/4ce82803346711e1466fddb4dced6ba0bfa68edb.jpg
830298,680,妈妈我太喜欢和他对线了，送死流塞恩又碰到马尔扎哈了，虫子太香了！,2022-03-23 15:54:23,妈妈我太喜欢和他对线了，送死流塞恩又碰到马尔扎哈了，虫子太香了！,https://www.bilibili.com/video/BV1fi4y1D7Hx,http://i0.hdslb.com/bfs/archive/0cc438fbd05f557f55d420da1c55442c342c6144.jpg
813543,542,可曾听闻上单怕死流塞恩？为什么送死流塞恩不能打上路，看完就明白了！,2022-03-23 14:34:26,可曾听闻上单怕死流塞恩？为什么送死流塞恩不能打上路，看完就明白了！,https://www.bilibili.com/video/BV1Pu411B78J,http://i0.hdslb.com/bfs/archive/fee6be4a548f95f9c09c54ddc354230b9de97def.jpg
1326668,942,钻一大师局玩怕死流塞恩，被偷家后，大师狮子狗气到破大防，并留下粗鄙之语！,2022-03-22 15:13:35,钻一大师局玩怕死流塞恩，被偷家后，大师狮子狗气到破大防，并留下粗鄙之语！,https://www.bilibili.com/video/BV1Rq4y1e7h1,http://i1.hdslb.com/bfs/archive/3b521f344c0f254e5fda7404e5017d8578c8f208.jpg
846226,679,大大大G又破防了，中单送死流赛恩惨遭中单vn折磨，前期只能塔下坐牢！,2022-03-22 14:55:08,大大大G又破防了，中单送死流赛恩惨遭中单vn折磨，前期只能塔下坐牢！,https://www.bilibili.com/video/BV1Ea411t7Fy,http://i1.hdslb.com/bfs/archive/b9ca4eb6a8d639ca74499bb34fd31b149f74359b.jpg
758937,873,3-14送死流塞恩，如果做到全场经济最高？,2022-03-21 15:19:05,3-14送死流塞恩，如果做到全场经济最高？,https://www.bilibili.com/video/BV1iY411n76j,http://i2.hdslb.com/bfs/archive/36e26ed4f572b0482e8cd134417c8052fa05d654.jpg
1053425,679,开局全员0-2，最终0-11-0塞恩拯救世界，韩国人懵逼了！,2022-03-21 14:57:42,开局全员0-2，最终0-11-0塞恩拯救世界，韩国人懵逼了！,https://www.bilibili.com/video/BV1TR4y1c7gd,http://i1.hdslb.com/bfs/archive/c685756a69d1a4f07e854b876d6e8fe825727425.jpg
1340439,919,送死流塞恩一人狂拆18座塔，这种体验太舒服了，简直下饭神器！,2022-03-20 15:24:57,兄弟们记得点赞过一下任务，谢谢！,https://www.bilibili.com/video/BV1GZ4y167dN,http://i0.hdslb.com/bfs/archive/e12443fb0f1b7af30a6ef70eff5dd7a03137aa88.jpg
1484191,975,送死流塞恩如何从1级就开始折磨韩国人？,2022-03-19 15:53:30,兄弟们点点赞，过个任务呀！还没有一个视频数据达标，不想活啦！,https://www.bilibili.com/video/BV1AT4y1S7c6,http://i2.hdslb.com/bfs/archive/3071296bd72c5e856f7a5a805621e37e29c2cbfd.jpg
1056916,719,送死流塞恩对线鳄鱼，本以为是一场硬仗，结果铁男却意外成为了反派主角！,2022-03-19 15:05:59,送死流塞恩对线鳄鱼，本以为是一场硬仗，结果铁男却意外成为了反派主角！,https://www.bilibili.com/video/BV1bF411x7CP,http://i0.hdslb.com/bfs/archive/2b097fbc36c4a0ba0b32c08d4279abf7dad37a04.jpg
3396015,2241,送死流塞恩偷家40分钟，水晶都推了9个，狂送22个人头，韩国人被偷到崩溃！,2022-03-18 17:08:20,送死流塞恩偷家40分钟，水晶都推了9个，狂送22个人头，韩国人被偷到崩溃！,https://www.bilibili.com/video/BV1yZ4y1z7oe,http://i2.hdslb.com/bfs/archive/37414bc3882fdaa853512b2bd328f27e51270a0f.jpg
2024291,1613,妈妈，我太喜欢和他对线了，送死流塞恩对线马尔扎哈，虫子吃到爽，他没蓝了，我就给他送个蓝buff！,2022-03-18 17:08:04,妈妈，我太喜欢和他对线了，送死流塞恩对线马尔扎哈，虫子吃到爽，他没蓝了，我就给他送个蓝buff！,https://www.bilibili.com/video/BV1WT4y1U7BS,http://i0.hdslb.com/bfs/archive/930d92182749fd8ef0bb1848eafcd42131f9822a.jpg
1053217,724,上单已经0-3，再不送就来不及了，节奏非常好的一把送死流塞恩！,2022-03-18 16:00:00,上单已经0-3，再不送就来不及了，节奏非常好的一把送死流塞恩！,https://www.bilibili.com/video/BV1uP4y1u7ig,http://i0.hdslb.com/bfs/archive/6db4e7750eb413cfa7c744d005ac2bb18c113b53.jpg
1130211,999,千年小僵尸折磨万年老萝莉，送死流塞恩对线佐伊，最后被队友偷塔，难受！,2022-03-17 15:24:03,千年小僵尸折磨万年老萝莉，送死流塞恩对线佐伊，最后被队友偷塔，难受！,https://www.bilibili.com/video/BV1eF411s7ye,http://i2.hdslb.com/bfs/archive/00cd1d5eaa95c618f1ffa64fd4a25ec117e76015.jpg
1177439,1059,0-13-0塞恩疯狂折磨韩国人，大招车声一响，对面集体颤抖！,2022-03-17 13:52:34,0-13-0塞恩疯狂折磨韩国人，大招车声一响，对面集体颤抖！,https://www.bilibili.com/video/BV1XP4y1M7BG,http://i0.hdslb.com/bfs/archive/8823694a7cdc5f83356aed14d20f2f25c303a215.jpg
2683657,1968,韩国人崩溃了，7：37也能翻盘，塞恩太离谱了！,2022-03-16 16:00:01,今天三更，感谢大家支持，感谢三连！,https://www.bilibili.com/video/BV1534y1t7ef,http://i0.hdslb.com/bfs/archive/bcd8efb19df962f9e2cb11dfd24a68397313d743.jpg
999068,696,0-14-0塞恩，疯狂折磨韩国人，最后竟然直接放弃抵抗！,2022-03-16 15:58:22,0-14-0塞恩，疯狂折磨韩国人，最后竟然直接放弃抵抗，不回家防守,https://www.bilibili.com/video/BV1X3411W7SF,http://i0.hdslb.com/bfs/archive/3595a39760257a8d8fad228359876f008b282b92.jpg
842542,684,送死流塞恩惨遭铂金塞拉斯暴打 超大劣势强行拖到30分钟 完成逆天翻盘！,2022-03-16 15:13:54,送死流塞恩惨遭铂金塞拉斯暴打，超大劣势拖到30分钟，完成逆天翻盘！,https://www.bilibili.com/video/BV1pR4y1F7Zu,http://i0.hdslb.com/bfs/archive/9a48bfd7095661ffe33a456915efa334a2de11cc.jpg
1515406,662,【熊猫大G】送死流塞恩韩服罕见破防，观众都说笑喷了，人头落后20翻盘，太戏剧了！,2022-03-15 16:33:51,英雄联盟送死流塞恩对线男刀,https://www.bilibili.com/video/BV1bb4y1p7Vt,http://i1.hdslb.com/bfs/archive/bca0dff17c172c6ab07e2809a881780ded24d239.jpg
1495852,1407,大师局乱入0-12-0送死流塞恩，三路被破，门牙被拆后，对方超大优势竟选择投降！,2022-03-14 15:10:00,0-12-0送死流塞恩征战大师局，门牙被拔，对方超大优势破防投降！,https://www.bilibili.com/video/BV1144y1K7Li,http://i1.hdslb.com/bfs/archive/ccac8d9f2b9f6626b1f2c2af8b57ccf0e9a9f15b.jpg
2106316,1739,韩国人直接戴上痛苦面具，塞恩六分钟破舰者，中野联防都没守住！,2022-03-13 14:23:10,韩国人直接戴上痛苦面具，塞恩六分钟破舰者，中野联防都没守住，感谢投币大佬！,https://www.bilibili.com/video/BV1Yi4y1C7hs,http://i2.hdslb.com/bfs/archive/9c192d3e00dd34333107e5c44a32cdec5ce1268f.jpg
2222273,2680,1-11塞恩折磨韩服卡特，五分钟直接开送，队友：太猛了，期待双排,2022-03-12 14:01:49,1-11塞恩折磨韩服卡特，五分钟直接开送，队友：太猛了，期待双排，视频最后有翻译，感谢支持！,https://www.bilibili.com/video/BV1zF41147xu,http://i0.hdslb.com/bfs/archive/93a1f066afdb7322ad4537a7682bd5e335fff486.jpg
3030648,4928,1-9-0塞恩疯狂折磨韩国人，人头9:29惨遭偷家翻盘，赛后疯狂互喷,2022-03-11 16:08:18,1-9-0塞恩疯狂折磨韩国人，人头9:29惨遭偷家翻盘，赛后疯狂互喷,https://www.bilibili.com/video/BV1tY41137HE,http://i2.hdslb.com/bfs/archive/9d467418f8aa0675bedf5b5d2640c52bed32ce1f.jpg
820568,499,【熊猫大G】《英雄联盟》辅助和上单抢位置，送死流塞恩被迫超神，一波直接二塔拆到大水晶,2022-03-10 16:32:53,英雄联盟拆塔流塞恩，没有操作也能上大师。,https://www.bilibili.com/video/BV1Ub4y1W7yq,http://i2.hdslb.com/bfs/archive/2bfba3e24a811c45e02a8788eb8a63536ff5bab8.jpg
1038459,900,韩国人直呼太离谱，送死流塞恩13分钟推平门牙，队友都看呆了，疯狂点信号。,2022-03-09 15:15:59,韩国人直呼太离谱，送死流塞恩13分钟推平门牙，队友都看呆了，疯狂点信号。,https://www.bilibili.com/video/BV1uS4y1r7wR,http://i0.hdslb.com/bfs/archive/5425d3805d82e9798f007b33c6e1cdc2d350d7f6.jpg
527977,391,钻石局人头落后一倍，超刺激大逆风偷家翻盘（对线剪刀妹第二集）,2022-03-09 01:41:12,英雄联盟：钻石局人头落后一倍，超刺激大逆风偷家翻盘（对线剪刀妹第二集）,https://www.bilibili.com/video/BV1pS4y1S7aK,http://i0.hdslb.com/bfs/archive/1c2d5cabb8ecfdecaa85b0e8bfd5cdb1bee7a4a0.jpg
579938,234,送死流塞恩如何运营钻三剪刀妹？开局竟然疯狂跳舞嘲讽（第一集）,2022-03-09 01:30:54,送死流塞恩如何运营钻三剪刀妹？开局竟然疯狂跳舞嘲讽（第一集）,https://www.bilibili.com/video/BV1Da411h7X4,http://i2.hdslb.com/bfs/archive/bc10383ee8ce8e0bd38369925bb98f4e46bb64ae.jpg
